6.42064e-14	0
1.92619e-13	-0.000114228
3.21032e-13	-0.00011432
4.49445e-13	-0.000114412
5.77857e-13	-0.000114503
7.0627e-13	-0.000114594
8.34683e-13	-0.000114684
9.63096e-13	-0.000114774
1.09151e-12	-0.000114863
1.21992e-12	-0.000114952
1.34833e-12	-0.000115041
1.47675e-12	-0.000115129
1.60516e-12	-0.000115216
1.73357e-12	-0.000115303
1.86199e-12	-0.00011539
1.9904e-12	-0.000115476
2.11881e-12	-0.000115562
2.24722e-12	-0.000115647
2.37564e-12	-0.000115732
2.50405e-12	-0.000115816
2.63246e-12	-0.0001159
2.76087e-12	-0.000115983
2.88929e-12	-0.000116066
3.0177e-12	-0.000116148
3.14611e-12	-0.00011623
3.27453e-12	-0.000116311
3.40294e-12	-0.000116392
3.53135e-12	-0.000116472
3.65976e-12	-0.000116552
3.78818e-12	-0.000116632
3.91659e-12	-0.00011671
4.045e-12	-0.000116789
4.17341e-12	-0.000116867
4.30183e-12	-0.000116944
4.43024e-12	-0.000117021
4.55865e-12	-0.000117097
4.68707e-12	-0.000117173
4.81548e-12	-0.000117248
4.94389e-12	-0.000117323
5.0723e-12	-0.000117397
5.20072e-12	-0.000117471
5.32913e-12	-0.000117544
5.45754e-12	-0.000117617
5.58596e-12	-0.000117689
5.71437e-12	-0.00011776
5.84278e-12	-0.000117831
5.97119e-12	-0.000117902
6.09961e-12	-0.000117972
6.22802e-12	-0.000118041
6.35643e-12	-0.00011811
6.48484e-12	-0.000118179
6.61326e-12	-0.000118246
6.74167e-12	-0.000118314
6.87008e-12	-0.00011838
6.9985e-12	-0.000118447
7.12691e-12	-0.000118512
7.25532e-12	-0.000118577
7.38373e-12	-0.000118642
7.51215e-12	-0.000118706
7.64056e-12	-0.000118769
7.76897e-12	-0.000118832
7.89738e-12	-0.000118894
8.0258e-12	-0.000118956
8.15421e-12	-0.000119017
8.28262e-12	-0.000119077
8.41104e-12	-0.000119137
8.53945e-12	-0.000119197
8.66786e-12	-0.000119255
8.79627e-12	-0.000119314
8.92469e-12	-0.000119371
9.0531e-12	-0.000119428
9.18151e-12	-0.000119485
9.30993e-12	-0.00011954
9.43834e-12	-0.000119596
9.56675e-12	-0.00011965
9.69516e-12	-0.000119704
9.82358e-12	-0.000119758
9.95199e-12	-0.000119811
1.00804e-11	-0.000119863
1.02088e-11	-0.000119915
1.03372e-11	-0.000119966
1.04656e-11	-0.000120016
1.05941e-11	-0.000120066
1.07225e-11	-0.000120115
1.08509e-11	-0.000120163
1.09793e-11	-0.000120211
1.11077e-11	-0.000120259
1.12361e-11	-0.000120305
1.13645e-11	-0.000120351
1.14929e-11	-0.000120397
1.16214e-11	-0.000120442
1.17498e-11	-0.000120486
1.18782e-11	-0.000120529
1.20066e-11	-0.000120572
1.2135e-11	-0.000120614
1.22634e-11	-0.000120656
1.23918e-11	-0.000120697
1.25202e-11	-0.000120737
1.26487e-11	-0.000120777
1.27771e-11	-0.000120816
1.29055e-11	-0.000120854
1.30339e-11	-0.000120892
1.31623e-11	-0.000120929
1.32907e-11	-0.000120965
1.34191e-11	-0.000121001
1.35475e-11	-0.000121036
1.3676e-11	-0.00012107
1.38044e-11	-0.000121104
1.39328e-11	-0.000121137
1.40612e-11	-0.000121169
1.41896e-11	-0.000121201
1.4318e-11	-0.000121232
1.44464e-11	-0.000121262
1.45748e-11	-0.000121292
1.47033e-11	-0.000121321
1.48317e-11	-0.000121349
1.49601e-11	-0.000121376
1.50885e-11	-0.000121403
1.52169e-11	-0.000121429
1.53453e-11	-0.000121455
1.54737e-11	-0.00012148
1.56022e-11	-0.000121504
1.57306e-11	-0.000121527
1.5859e-11	-0.00012155
1.59874e-11	-0.000121571
1.61158e-11	-0.000121593
1.62442e-11	-0.000121613
1.63726e-11	-0.000121633
1.6501e-11	-0.000121652
1.66295e-11	-0.00012167
1.67579e-11	-0.000121688
1.68863e-11	-0.000121705
1.70147e-11	-0.000121721
1.71431e-11	-0.000121736
1.72715e-11	-0.000121751
1.73999e-11	-0.000121765
1.75283e-11	-0.000121778
1.76568e-11	-0.00012179
1.77852e-11	-0.000121802
1.79136e-11	-0.000121813
1.8042e-11	-0.000121823
1.81704e-11	-0.000121832
1.82988e-11	-0.000121841
1.84272e-11	-0.000121849
1.85556e-11	-0.000121856
1.86841e-11	-0.000121863
1.88125e-11	-0.000121868
1.89409e-11	-0.000121873
1.90693e-11	-0.000121877
1.91977e-11	-0.00012188
1.93261e-11	-0.000121883
1.94545e-11	-0.000121885
1.95829e-11	-0.000121886
1.97114e-11	-0.000121886
1.98398e-11	-0.000121885
1.99682e-11	-0.000121884
2.00966e-11	-0.000121882
2.0225e-11	-0.000121879
2.03534e-11	-0.000121875
2.04818e-11	-0.000121871
2.06102e-11	-0.000121865
2.07387e-11	-0.000121859
2.08671e-11	-0.000121852
2.09955e-11	-0.000121845
2.11239e-11	-0.000121836
2.12523e-11	-0.000121827
2.13807e-11	-0.000121817
2.15091e-11	-0.000121806
2.16376e-11	-0.000121794
2.1766e-11	-0.000121781
2.18944e-11	-0.000121768
2.20228e-11	-0.000121753
2.21512e-11	-0.000121738
2.22796e-11	-0.000121722
2.2408e-11	-0.000121706
2.25364e-11	-0.000121688
2.26649e-11	-0.00012167
2.27933e-11	-0.00012165
2.29217e-11	-0.00012163
2.30501e-11	-0.000121609
2.31785e-11	-0.000121587
2.33069e-11	-0.000121565
2.34353e-11	-0.000121541
2.35637e-11	-0.000121517
2.36922e-11	-0.000121492
2.38206e-11	-0.000121465
2.3949e-11	-0.000121438
2.40774e-11	-0.000121411
2.42058e-11	-0.000121382
2.43342e-11	-0.000121352
2.44626e-11	-0.000121322
2.4591e-11	-0.000121291
2.47195e-11	-0.000121258
2.48479e-11	-0.000121225
2.49763e-11	-0.000121191
2.51047e-11	-0.000121157
2.52331e-11	-0.000121121
2.53615e-11	-0.000121084
2.54899e-11	-0.000121047
2.56183e-11	-0.000121008
2.57468e-11	-0.000120969
2.58752e-11	-0.000120929
2.60036e-11	-0.000120888
2.6132e-11	-0.000120846
2.62604e-11	-0.000120803
2.63888e-11	-0.000120759
2.65172e-11	-0.000120714
2.66456e-11	-0.000120668
2.67741e-11	-0.000120622
2.69025e-11	-0.000120574
2.70309e-11	-0.000120526
2.71593e-11	-0.000120477
2.72877e-11	-0.000120426
2.74161e-11	-0.000120375
2.75445e-11	-0.000120323
2.7673e-11	-0.00012027
2.78014e-11	-0.000120216
2.79298e-11	-0.000120161
2.80582e-11	-0.000120105
2.81866e-11	-0.000120048
2.8315e-11	-0.00011999
2.84434e-11	-0.000119932
2.85718e-11	-0.000119872
2.87003e-11	-0.000119811
2.88287e-11	-0.00011975
2.89571e-11	-0.000119687
2.90855e-11	-0.000119623
2.92139e-11	-0.000119559
2.93423e-11	-0.000119493
2.94707e-11	-0.000119427
2.95991e-11	-0.000119359
2.97276e-11	-0.000119291
2.9856e-11	-0.000119222
2.99844e-11	-0.000119151
3.01128e-11	-0.00011908
3.02412e-11	-0.000119008
3.03696e-11	-0.000118934
3.0498e-11	-0.00011886
3.06264e-11	-0.000118784
3.07549e-11	-0.000118708
3.08833e-11	-0.000118631
3.10117e-11	-0.000118552
3.11401e-11	-0.000118473
3.12685e-11	-0.000118393
3.13969e-11	-0.000118311
3.15253e-11	-0.000118229
3.16537e-11	-0.000118146
3.17822e-11	-0.000118061
3.19106e-11	-0.000117976
3.2039e-11	-0.000117889
3.21674e-11	-0.000117802
3.22958e-11	-0.000117713
3.24242e-11	-0.000117624
3.25526e-11	-0.000117533
3.2681e-11	-0.000117442
3.28095e-11	-0.000117349
3.29379e-11	-0.000117255
3.30663e-11	-0.00011716
3.31947e-11	-0.000117065
3.33231e-11	-0.000116968
3.34515e-11	-0.00011687
3.35799e-11	-0.000116771
3.37083e-11	-0.000116671
3.38368e-11	-0.00011657
3.39652e-11	-0.000116468
3.40936e-11	-0.000116365
3.4222e-11	-0.00011626
3.43504e-11	-0.000116155
3.44788e-11	-0.000116048
3.46072e-11	-0.000115941
3.47357e-11	-0.000115832
3.48641e-11	-0.000115723
3.49925e-11	-0.000115612
3.51209e-11	-0.0001155
3.52493e-11	-0.000115387
3.53777e-11	-0.000115273
3.55061e-11	-0.000115158
3.56345e-11	-0.000115042
3.5763e-11	-0.000114925
3.58914e-11	-0.000114806
3.60198e-11	-0.000114687
3.61482e-11	-0.000114566
3.62766e-11	-0.000114444
3.6405e-11	-0.000114322
3.65334e-11	-0.000114198
3.66618e-11	-0.000114072
3.67903e-11	-0.000113946
3.69187e-11	-0.000113819
3.70471e-11	-0.000113691
3.71755e-11	-0.000113561
3.73039e-11	-0.00011343
3.74323e-11	-0.000113298
3.75607e-11	-0.000113165
3.76891e-11	-0.000113031
3.78176e-11	-0.000112896
3.7946e-11	-0.00011276
3.80744e-11	-0.000112622
3.82028e-11	-0.000112483
3.83312e-11	-0.000112343
3.84596e-11	-0.000112202
3.8588e-11	-0.00011206
3.87164e-11	-0.000111917
3.88449e-11	-0.000111772
3.89733e-11	-0.000111627
3.91017e-11	-0.00011148
3.92301e-11	-0.000111332
3.93585e-11	-0.000111183
3.94869e-11	-0.000111032
3.96153e-11	-0.000110881
3.97437e-11	-0.000110728
3.98722e-11	-0.000110574
4.00006e-11	-0.000110419
4.0129e-11	-0.000110263
4.02574e-11	-0.000110105
4.03858e-11	-0.000109947
4.05142e-11	-0.000109787
4.06426e-11	-0.000109626
4.07711e-11	-0.000109463
4.08995e-11	-0.0001093
4.10279e-11	-0.000109135
4.11563e-11	-0.000108969
4.12847e-11	-0.000108802
4.14131e-11	-0.000108634
4.15415e-11	-0.000108464
4.16699e-11	-0.000108294
4.17984e-11	-0.000108122
4.19268e-11	-0.000107948
4.20552e-11	-0.000107774
4.21836e-11	-0.000107598
4.2312e-11	-0.000107421
4.24404e-11	-0.000107243
4.25688e-11	-0.000107064
4.26972e-11	-0.000106883
4.28257e-11	-0.000106701
4.29541e-11	-0.000106518
4.30825e-11	-0.000106334
4.32109e-11	-0.000106148
4.33393e-11	-0.000105961
4.34677e-11	-0.000105773
4.35961e-11	-0.000105584
4.37245e-11	-0.000105393
4.3853e-11	-0.000105201
4.39814e-11	-0.000105008
4.41098e-11	-0.000104813
4.42382e-11	-0.000104617
4.43666e-11	-0.00010442
4.4495e-11	-0.000104222
4.46234e-11	-0.000104023
4.47518e-11	-0.000103822
4.48803e-11	-0.000103619
4.50087e-11	-0.000103416
4.51371e-11	-0.000103211
4.52655e-11	-0.000103005
4.53939e-11	-0.000102798
4.55223e-11	-0.000102589
4.56507e-11	-0.000102379
4.57791e-11	-0.000102168
4.59076e-11	-0.000101955
4.6036e-11	-0.000101741
4.61644e-11	-0.000101526
4.62928e-11	-0.00010131
4.64212e-11	-0.000101092
4.65496e-11	-0.000100873
4.6678e-11	-0.000100652
4.68065e-11	-0.00010043
4.69349e-11	-0.000100207
4.70633e-11	-9.99827e-05
4.71917e-11	-9.97569e-05
4.73201e-11	-9.95297e-05
4.74485e-11	-9.93012e-05
4.75769e-11	-9.90714e-05
4.77053e-11	-9.88402e-05
4.78338e-11	-9.86076e-05
4.79622e-11	-9.83738e-05
4.80906e-11	-9.81385e-05
4.8219e-11	-9.79019e-05
4.83474e-11	-9.76639e-05
4.84758e-11	-9.74246e-05
4.86042e-11	-9.71839e-05
4.87326e-11	-9.69419e-05
4.88611e-11	-9.66985e-05
4.89895e-11	-9.64537e-05
4.91179e-11	-9.62075e-05
4.92463e-11	-9.59599e-05
4.93747e-11	-9.5711e-05
4.95031e-11	-9.54607e-05
4.96315e-11	-9.5209e-05
4.97599e-11	-9.49559e-05
4.98884e-11	-9.47014e-05
5.00168e-11	-9.44456e-05
5.01452e-11	-9.41883e-05
5.02736e-11	-9.39297e-05
5.0402e-11	-9.36696e-05
5.05304e-11	-9.34081e-05
5.06588e-11	-9.31452e-05
5.07872e-11	-9.2881e-05
5.09157e-11	-9.26153e-05
5.10441e-11	-9.23481e-05
5.11725e-11	-9.20796e-05
5.13009e-11	-9.18097e-05
5.14293e-11	-9.15383e-05
5.15577e-11	-9.12655e-05
5.16861e-11	-9.09913e-05
5.18145e-11	-9.07156e-05
5.1943e-11	-9.04386e-05
5.20714e-11	-9.016e-05
5.21998e-11	-8.98801e-05
5.23282e-11	-8.95987e-05
5.24566e-11	-8.93159e-05
5.2585e-11	-8.90316e-05
5.27134e-11	-8.87458e-05
5.28419e-11	-8.84587e-05
5.29703e-11	-8.817e-05
5.30987e-11	-8.78799e-05
5.32271e-11	-8.75884e-05
5.33555e-11	-8.72954e-05
5.34839e-11	-8.70009e-05
5.36123e-11	-8.6705e-05
5.37407e-11	-8.64075e-05
5.38692e-11	-8.61087e-05
5.39976e-11	-8.58083e-05
5.4126e-11	-8.55065e-05
5.42544e-11	-8.52032e-05
5.43828e-11	-8.48984e-05
5.45112e-11	-8.45921e-05
5.46396e-11	-8.42844e-05
5.4768e-11	-8.39751e-05
5.48965e-11	-8.36644e-05
5.50249e-11	-8.33521e-05
5.51533e-11	-8.30384e-05
5.52817e-11	-8.27232e-05
5.54101e-11	-8.24065e-05
5.55385e-11	-8.20882e-05
5.56669e-11	-8.17685e-05
5.57953e-11	-8.14472e-05
5.59238e-11	-8.11245e-05
5.60522e-11	-8.08002e-05
5.61806e-11	-8.04744e-05
5.6309e-11	-8.01471e-05
5.64374e-11	-7.98183e-05
5.65658e-11	-7.94879e-05
5.66942e-11	-7.9156e-05
5.68226e-11	-7.88226e-05
5.69511e-11	-7.84876e-05
5.70795e-11	-7.81512e-05
5.72079e-11	-7.78131e-05
5.73363e-11	-7.74736e-05
5.74647e-11	-7.71325e-05
5.75931e-11	-7.67898e-05
5.77215e-11	-7.64456e-05
5.78499e-11	-7.60999e-05
5.79784e-11	-7.57526e-05
5.81068e-11	-7.54038e-05
5.82352e-11	-7.50533e-05
5.83636e-11	-7.47014e-05
5.8492e-11	-7.43479e-05
5.86204e-11	-7.39928e-05
5.87488e-11	-7.36361e-05
5.88773e-11	-7.32779e-05
5.90057e-11	-7.29181e-05
5.91341e-11	-7.25567e-05
5.92625e-11	-7.21938e-05
5.93909e-11	-7.18292e-05
5.95193e-11	-7.14631e-05
5.96477e-11	-7.10954e-05
5.97761e-11	-7.07261e-05
5.99046e-11	-7.03553e-05
6.0033e-11	-6.99828e-05
6.01614e-11	-6.96087e-05
6.02898e-11	-6.92331e-05
6.04182e-11	-6.88558e-05
6.05466e-11	-6.8477e-05
6.0675e-11	-6.80965e-05
6.08034e-11	-6.77145e-05
6.09319e-11	-6.73308e-05
6.10603e-11	-6.69455e-05
6.11887e-11	-6.65586e-05
6.13171e-11	-6.61701e-05
6.14455e-11	-6.578e-05
6.15739e-11	-6.53882e-05
6.17023e-11	-6.49948e-05
6.18307e-11	-6.45998e-05
6.19592e-11	-6.42032e-05
6.20876e-11	-6.38049e-05
6.2216e-11	-6.34051e-05
6.23444e-11	-6.30035e-05
6.24728e-11	-6.26004e-05
6.26012e-11	-6.21956e-05
6.27296e-11	-6.17891e-05
6.2858e-11	-6.1381e-05
6.29865e-11	-6.09713e-05
6.31149e-11	-6.05599e-05
6.32433e-11	-6.01469e-05
6.33717e-11	-5.97322e-05
6.35001e-11	-5.93158e-05
6.36285e-11	-5.88978e-05
6.37569e-11	-5.84782e-05
6.38853e-11	-5.80568e-05
6.40138e-11	-5.76338e-05
6.41422e-11	-5.72092e-05
6.42706e-11	-5.67828e-05
6.4399e-11	-5.63548e-05
6.45274e-11	-5.59251e-05
6.46558e-11	-5.54938e-05
6.47842e-11	-5.50607e-05
6.49127e-11	-5.4626e-05
6.50411e-11	-5.41896e-05
6.51695e-11	-5.37515e-05
6.52979e-11	-5.33117e-05
6.54263e-11	-5.28702e-05
6.55547e-11	-5.24271e-05
6.56831e-11	-5.19822e-05
6.58115e-11	-5.15356e-05
6.594e-11	-5.10874e-05
6.60684e-11	-5.06374e-05
6.61968e-11	-5.01857e-05
6.63252e-11	-4.97324e-05
6.64536e-11	-4.92773e-05
6.6582e-11	-4.88205e-05
6.67104e-11	-4.8362e-05
6.68388e-11	-4.79017e-05
6.69673e-11	-4.74398e-05
6.70957e-11	-4.69761e-05
6.72241e-11	-4.65107e-05
6.73525e-11	-4.60436e-05
6.74809e-11	-4.55748e-05
6.76093e-11	-4.51042e-05
6.77377e-11	-4.46319e-05
6.78661e-11	-4.41578e-05
6.79946e-11	-4.36821e-05
6.8123e-11	-4.32045e-05
6.82514e-11	-4.27253e-05
6.83798e-11	-4.22443e-05
6.85082e-11	-4.17615e-05
6.86366e-11	-4.12771e-05
6.8765e-11	-4.07908e-05
6.88934e-11	-4.03028e-05
6.90219e-11	-3.98131e-05
6.91503e-11	-3.93216e-05
6.92787e-11	-3.88283e-05
6.94071e-11	-3.83333e-05
6.95355e-11	-3.78365e-05
6.96639e-11	-3.73379e-05
6.97923e-11	-3.68376e-05
6.99207e-11	-3.63355e-05
7.00492e-11	-3.58317e-05
7.01776e-11	-3.53261e-05
7.0306e-11	-3.48187e-05
7.04344e-11	-3.43095e-05
7.05628e-11	-3.37985e-05
7.06912e-11	-3.32858e-05
7.08196e-11	-3.27712e-05
7.09481e-11	-3.22549e-05
7.10765e-11	-3.17368e-05
7.12049e-11	-3.12169e-05
7.13333e-11	-3.06952e-05
7.14617e-11	-3.01718e-05
7.15901e-11	-2.96465e-05
7.17185e-11	-2.91194e-05
7.18469e-11	-2.85905e-05
7.19754e-11	-2.80599e-05
7.21038e-11	-2.75274e-05
7.22322e-11	-2.69931e-05
7.23606e-11	-2.6457e-05
7.2489e-11	-2.59191e-05
7.26174e-11	-2.53794e-05
7.27458e-11	-2.48378e-05
7.28742e-11	-2.42945e-05
7.30027e-11	-2.37493e-05
7.31311e-11	-2.32023e-05
7.32595e-11	-2.26535e-05
7.33879e-11	-2.21029e-05
7.35163e-11	-2.15504e-05
7.36447e-11	-2.09961e-05
7.37731e-11	-2.044e-05
7.39015e-11	-1.9882e-05
7.403e-11	-1.93222e-05
7.41584e-11	-1.87606e-05
7.42868e-11	-1.81971e-05
7.44152e-11	-1.76318e-05
7.45436e-11	-1.70647e-05
7.4672e-11	-1.64957e-05
7.48004e-11	-1.59249e-05
7.49288e-11	-1.53522e-05
7.50573e-11	-1.47776e-05
7.51857e-11	-1.42012e-05
7.53141e-11	-1.3623e-05
7.54425e-11	-1.30429e-05
7.55709e-11	-1.24609e-05
7.56993e-11	-1.18771e-05
7.58277e-11	-1.12914e-05
7.59561e-11	-1.07039e-05
7.60846e-11	-1.01145e-05
7.6213e-11	-9.52321e-06
7.63414e-11	-8.93007e-06
7.64698e-11	-8.33506e-06
7.65982e-11	-7.73817e-06
7.67266e-11	-7.13941e-06
7.6855e-11	-6.53877e-06
7.69835e-11	-5.93625e-06
7.71119e-11	-5.33186e-06
7.72403e-11	-4.72558e-06
7.73687e-11	-4.11742e-06
7.74971e-11	-3.50738e-06
7.76255e-11	-2.89544e-06
7.77539e-11	-2.28162e-06
7.78823e-11	-1.66591e-06
7.80108e-11	-1.0483e-06
7.81392e-11	-4.28805e-07
7.82676e-11	1.92589e-07
7.8396e-11	8.15881e-07
7.85244e-11	1.44107e-06
7.86528e-11	2.06817e-06
7.87812e-11	2.69716e-06
7.89096e-11	3.32806e-06
7.90381e-11	3.96087e-06
7.91665e-11	4.59558e-06
7.92949e-11	5.2322e-06
7.94233e-11	5.87074e-06
7.95517e-11	6.51119e-06
7.96801e-11	7.15355e-06
7.98085e-11	7.79783e-06
7.99369e-11	8.44402e-06
8.00654e-11	9.09214e-06
8.01938e-11	9.74218e-06
8.03222e-11	1.03941e-05
8.04506e-11	1.1048e-05
8.0579e-11	1.17038e-05
8.07074e-11	1.23616e-05
8.08358e-11	1.30212e-05
8.09642e-11	1.36828e-05
8.10927e-11	1.43464e-05
8.12211e-11	1.50118e-05
8.13495e-11	1.56792e-05
8.14779e-11	1.63486e-05
8.16063e-11	1.70198e-05
8.17347e-11	1.76931e-05
8.18631e-11	1.83682e-05
8.19915e-11	1.90453e-05
8.212e-11	1.97244e-05
8.22484e-11	2.04054e-05
8.23768e-11	2.10883e-05
8.25052e-11	2.17732e-05
8.26336e-11	2.246e-05
8.2762e-11	2.31488e-05
8.28904e-11	2.38396e-05
8.30189e-11	2.45323e-05
8.31473e-11	2.52269e-05
8.32757e-11	2.59236e-05
8.34041e-11	2.66221e-05
8.35325e-11	2.73227e-05
8.36609e-11	2.80252e-05
8.37893e-11	2.87296e-05
8.39177e-11	2.94361e-05
8.40462e-11	3.01445e-05
8.41746e-11	3.08548e-05
8.4303e-11	3.15672e-05
8.44314e-11	3.22815e-05
8.45598e-11	3.29977e-05
8.46882e-11	3.3716e-05
8.48166e-11	3.44362e-05
8.4945e-11	3.51584e-05
8.50735e-11	3.58826e-05
8.52019e-11	3.66088e-05
8.53303e-11	3.73369e-05
8.54587e-11	3.8067e-05
8.55871e-11	3.87991e-05
8.57155e-11	3.95332e-05
8.58439e-11	4.02693e-05
8.59723e-11	4.10074e-05
8.61008e-11	4.17474e-05
8.62292e-11	4.24894e-05
8.63576e-11	4.32335e-05
8.6486e-11	4.39795e-05
8.66144e-11	4.47275e-05
8.67428e-11	4.54775e-05
8.68712e-11	4.62295e-05
8.69996e-11	4.69835e-05
8.71281e-11	4.77395e-05
8.72565e-11	4.84975e-05
8.73849e-11	4.92575e-05
8.75133e-11	5.00195e-05
8.76417e-11	5.07835e-05
8.77701e-11	5.15495e-05
8.78985e-11	5.23175e-05
8.80269e-11	5.30875e-05
8.81554e-11	5.38595e-05
8.82838e-11	5.46336e-05
8.84122e-11	5.54096e-05
8.85406e-11	5.61877e-05
8.8669e-11	5.69677e-05
8.87974e-11	5.77498e-05
8.89258e-11	5.85339e-05
8.90543e-11	5.932e-05
8.91827e-11	6.01081e-05
8.93111e-11	6.08982e-05
8.94395e-11	6.16904e-05
8.95679e-11	6.24845e-05
8.96963e-11	6.32807e-05
8.98247e-11	6.40789e-05
8.99531e-11	6.48792e-05
9.00816e-11	6.56814e-05
9.021e-11	6.64857e-05
9.03384e-11	6.7292e-05
9.04668e-11	6.81003e-05
9.05952e-11	6.89107e-05
9.07236e-11	6.9723e-05
9.0852e-11	7.05374e-05
9.09804e-11	7.13539e-05
9.11089e-11	7.21723e-05
9.12373e-11	7.29928e-05
9.13657e-11	7.38154e-05
9.14941e-11	7.46399e-05
9.16225e-11	7.54665e-05
9.17509e-11	7.62951e-05
9.18793e-11	7.71258e-05
9.20077e-11	7.79585e-05
9.21362e-11	7.87932e-05
9.22646e-11	7.963e-05
9.2393e-11	8.04688e-05
9.25214e-11	8.13097e-05
9.26498e-11	8.21526e-05
9.27782e-11	8.29975e-05
9.29066e-11	8.38444e-05
9.3035e-11	8.46935e-05
9.31635e-11	8.55445e-05
9.32919e-11	8.63976e-05
9.34203e-11	8.72528e-05
9.35487e-11	8.81099e-05
9.36771e-11	8.89692e-05
9.38055e-11	8.98304e-05
9.39339e-11	9.06938e-05
9.40623e-11	9.15591e-05
9.41908e-11	9.24266e-05
9.43192e-11	9.3296e-05
9.44476e-11	9.41675e-05
9.4576e-11	9.50411e-05
9.47044e-11	9.59167e-05
9.48328e-11	9.67944e-05
9.49612e-11	9.76741e-05
9.50897e-11	9.85559e-05
9.52181e-11	9.94397e-05
9.53465e-11	0.000100326
9.54749e-11	0.000101213
9.56033e-11	0.000102103
9.57317e-11	0.000102996
9.58601e-11	0.00010389
9.59885e-11	0.000104786
9.6117e-11	0.000105684
9.62454e-11	0.000106584
9.63738e-11	0.000107487
9.65022e-11	0.000108391
9.66306e-11	0.000109297
9.6759e-11	0.000110206
9.68874e-11	0.000111116
9.70158e-11	0.000112029
9.71443e-11	0.000112944
9.72727e-11	0.00011386
9.74011e-11	0.000114779
9.75295e-11	0.0001157
9.76579e-11	0.000116623
9.77863e-11	0.000117548
9.79147e-11	0.000118475
9.80431e-11	0.000119404
9.81716e-11	0.000120335
9.83e-11	0.000121268
9.84284e-11	0.000122204
9.85568e-11	0.000123141
9.86852e-11	0.00012408
9.88136e-11	0.000125022
9.8942e-11	0.000125965
9.90704e-11	0.000126911
9.91989e-11	0.000127859
9.93273e-11	0.000128808
9.94557e-11	0.00012976
9.95841e-11	0.000130714
9.97125e-11	0.00013167
9.98409e-11	0.000132628
9.99693e-11	0.000133588
1.00098e-10	0.00013455
1.00226e-10	0.000135514
1.00355e-10	0.00013648
1.00483e-10	0.000137449
1.00611e-10	0.000138419
1.0074e-10	0.000139391
1.00868e-10	0.000140366
1.00997e-10	0.000141342
1.01125e-10	0.000142321
1.01253e-10	0.000143302
1.01382e-10	0.000144284
1.0151e-10	0.000145269
1.01639e-10	0.000146256
1.01767e-10	0.000147245
1.01896e-10	0.000148236
1.02024e-10	0.000149229
1.02152e-10	0.000150224
1.02281e-10	0.000151221
1.02409e-10	0.000152221
1.02538e-10	0.000153222
1.02666e-10	0.000154225
1.02794e-10	0.000155231
1.02923e-10	0.000156238
1.03051e-10	0.000157248
1.0318e-10	0.000158259
1.03308e-10	0.000159273
1.03436e-10	0.000160289
1.03565e-10	0.000161307
1.03693e-10	0.000162326
1.03822e-10	0.000163348
1.0395e-10	0.000164372
1.04079e-10	0.000165398
1.04207e-10	0.000166427
1.04335e-10	0.000167457
1.04464e-10	0.000168489
1.04592e-10	0.000169523
1.04721e-10	0.00017056
1.04849e-10	0.000171598
1.04977e-10	0.000172638
1.05106e-10	0.000173681
1.05234e-10	0.000174725
1.05363e-10	0.000175772
1.05491e-10	0.000176821
1.05619e-10	0.000177871
1.05748e-10	0.000178924
1.05876e-10	0.000179979
1.06005e-10	0.000181036
1.06133e-10	0.000182095
1.06262e-10	0.000183156
1.0639e-10	0.000184219
1.06518e-10	0.000185284
1.06647e-10	0.000186351
1.06775e-10	0.00018742
1.06904e-10	0.000188492
1.07032e-10	0.000189565
1.0716e-10	0.00019064
1.07289e-10	0.000191718
1.07417e-10	0.000192797
1.07546e-10	0.000193879
1.07674e-10	0.000194962
1.07803e-10	0.000196048
1.07931e-10	0.000197135
1.08059e-10	0.000198225
1.08188e-10	0.000199317
1.08316e-10	0.00020041
1.08445e-10	0.000201506
1.08573e-10	0.000202604
1.08701e-10	0.000203704
1.0883e-10	0.000204806
1.08958e-10	0.00020591
1.09087e-10	0.000207016
1.09215e-10	0.000208123
1.09343e-10	0.000209234
1.09472e-10	0.000210346
1.096e-10	0.00021146
1.09729e-10	0.000212576
1.09857e-10	0.000213694
1.09986e-10	0.000214814
1.10114e-10	0.000215936
1.10242e-10	0.000217061
1.10371e-10	0.000218187
1.10499e-10	0.000219315
1.10628e-10	0.000220445
1.10756e-10	0.000221578
1.10884e-10	0.000222712
1.11013e-10	0.000223848
1.11141e-10	0.000224987
1.1127e-10	0.000226127
1.11398e-10	0.00022727
1.11526e-10	0.000228414
1.11655e-10	0.00022956
1.11783e-10	0.000230709
1.11912e-10	0.000231859
1.1204e-10	0.000233012
1.12169e-10	0.000234166
1.12297e-10	0.000235323
1.12425e-10	0.000236481
1.12554e-10	0.000237642
1.12682e-10	0.000238804
1.12811e-10	0.000239969
1.12939e-10	0.000241135
1.13067e-10	0.000242304
1.13196e-10	0.000243474
1.13324e-10	0.000244647
1.13453e-10	0.000245821
1.13581e-10	0.000246998
1.1371e-10	0.000248176
1.13838e-10	0.000249357
1.13966e-10	0.000250539
1.14095e-10	0.000251724
1.14223e-10	0.00025291
1.14352e-10	0.000254099
1.1448e-10	0.000255289
1.14608e-10	0.000256481
1.14737e-10	0.000257676
1.14865e-10	0.000258872
1.14994e-10	0.00026007
1.15122e-10	0.000261271
1.1525e-10	0.000262473
1.15379e-10	0.000263677
1.15507e-10	0.000264883
1.15636e-10	0.000266091
1.15764e-10	0.000267302
1.15893e-10	0.000268514
1.16021e-10	0.000269728
1.16149e-10	0.000270944
1.16278e-10	0.000272162
1.16406e-10	0.000273382
1.16535e-10	0.000274604
1.16663e-10	0.000275827
1.16791e-10	0.000277053
1.1692e-10	0.000278281
1.17048e-10	0.000279511
1.17177e-10	0.000280742
1.17305e-10	0.000281976
1.17433e-10	0.000283211
1.17562e-10	0.000284449
1.1769e-10	0.000285688
1.17819e-10	0.00028693
1.17947e-10	0.000288173
1.18076e-10	0.000289418
1.18204e-10	0.000290665
1.18332e-10	0.000291914
1.18461e-10	0.000293165
1.18589e-10	0.000294418
1.18718e-10	0.000295673
1.18846e-10	0.00029693
1.18974e-10	0.000298188
1.19103e-10	0.000299449
1.19231e-10	0.000300711
1.1936e-10	0.000301976
1.19488e-10	0.000303242
1.19616e-10	0.00030451
1.19745e-10	0.00030578
1.19873e-10	0.000307052
1.20002e-10	0.000308326
1.2013e-10	0.000309602
1.20259e-10	0.000310879
1.20387e-10	0.000312159
1.20515e-10	0.000313441
1.20644e-10	0.000314724
1.20772e-10	0.000316009
1.20901e-10	0.000317296
1.21029e-10	0.000318585
1.21157e-10	0.000319876
1.21286e-10	0.000321169
1.21414e-10	0.000322463
1.21543e-10	0.00032376
1.21671e-10	0.000325058
1.218e-10	0.000326358
1.21928e-10	0.00032766
1.22056e-10	0.000328964
1.22185e-10	0.00033027
1.22313e-10	0.000331578
1.22442e-10	0.000332887
1.2257e-10	0.000334198
1.22698e-10	0.000335512
1.22827e-10	0.000336827
1.22955e-10	0.000338143
1.23084e-10	0.000339462
1.23212e-10	0.000340783
1.2334e-10	0.000342105
1.23469e-10	0.000343429
1.23597e-10	0.000344755
1.23726e-10	0.000346083
1.23854e-10	0.000347412
1.23983e-10	0.000348744
1.24111e-10	0.000350077
1.24239e-10	0.000351412
1.24368e-10	0.000352749
1.24496e-10	0.000354088
1.24625e-10	0.000355428
1.24753e-10	0.00035677
1.24881e-10	0.000358115
1.2501e-10	0.00035946
1.25138e-10	0.000360808
1.25267e-10	0.000362157
1.25395e-10	0.000363509
1.25523e-10	0.000364862
1.25652e-10	0.000366216
1.2578e-10	0.000367573
1.25909e-10	0.000368931
1.26037e-10	0.000370291
1.26166e-10	0.000371653
1.26294e-10	0.000373017
1.26422e-10	0.000374382
1.26551e-10	0.000375749
1.26679e-10	0.000377118
1.26808e-10	0.000378488
1.26936e-10	0.000379861
1.27064e-10	0.000381235
1.27193e-10	0.000382611
1.27321e-10	0.000383988
1.2745e-10	0.000385367
1.27578e-10	0.000386748
1.27706e-10	0.000388131
1.27835e-10	0.000389515
1.27963e-10	0.000390902
1.28092e-10	0.000392289
1.2822e-10	0.000393679
1.28349e-10	0.00039507
1.28477e-10	0.000396463
1.28605e-10	0.000397858
1.28734e-10	0.000399254
1.28862e-10	0.000400652
1.28991e-10	0.000402052
1.29119e-10	0.000403453
1.29247e-10	0.000404856
1.29376e-10	0.000406261
1.29504e-10	0.000407667
1.29633e-10	0.000409075
1.29761e-10	0.000410485
1.2989e-10	0.000411896
1.30018e-10	0.00041331
1.30146e-10	0.000414724
1.30275e-10	0.000416141
1.30403e-10	0.000417559
1.30532e-10	0.000418978
1.3066e-10	0.000420399
1.30788e-10	0.000421822
1.30917e-10	0.000423247
1.31045e-10	0.000424673
1.31174e-10	0.000426101
1.31302e-10	0.00042753
1.3143e-10	0.000428961
1.31559e-10	0.000430393
1.31687e-10	0.000431828
1.31816e-10	0.000433263
1.31944e-10	0.000434701
1.32073e-10	0.00043614
1.32201e-10	0.00043758
1.32329e-10	0.000439022
1.32458e-10	0.000440466
1.32586e-10	0.000441911
1.32715e-10	0.000443358
1.32843e-10	0.000444806
1.32971e-10	0.000446256
1.331e-10	0.000447708
1.33228e-10	0.000449161
1.33357e-10	0.000450616
1.33485e-10	0.000452072
1.33613e-10	0.000453529
1.33742e-10	0.000454988
1.3387e-10	0.000456449
1.33999e-10	0.000457911
1.34127e-10	0.000459375
1.34256e-10	0.00046084
1.34384e-10	0.000462307
1.34512e-10	0.000463775
1.34641e-10	0.000465245
1.34769e-10	0.000466717
1.34898e-10	0.000468189
1.35026e-10	0.000469664
1.35154e-10	0.000471139
1.35283e-10	0.000472616
1.35411e-10	0.000474095
1.3554e-10	0.000475575
1.35668e-10	0.000477057
1.35796e-10	0.00047854
1.35925e-10	0.000480024
1.36053e-10	0.00048151
1.36182e-10	0.000482998
1.3631e-10	0.000484486
1.36439e-10	0.000485977
1.36567e-10	0.000487468
1.36695e-10	0.000488961
1.36824e-10	0.000490456
1.36952e-10	0.000491952
1.37081e-10	0.000493449
1.37209e-10	0.000494948
1.37337e-10	0.000496448
1.37466e-10	0.00049795
1.37594e-10	0.000499452
1.37723e-10	0.000500957
1.37851e-10	0.000502462
1.3798e-10	0.000503969
1.38108e-10	0.000505478
1.38236e-10	0.000506987
1.38365e-10	0.000508499
1.38493e-10	0.000510011
1.38622e-10	0.000511525
1.3875e-10	0.00051304
1.38878e-10	0.000514556
1.39007e-10	0.000516074
1.39135e-10	0.000517593
1.39264e-10	0.000519113
1.39392e-10	0.000520635
1.3952e-10	0.000522158
1.39649e-10	0.000523682
1.39777e-10	0.000525208
1.39906e-10	0.000526735
1.40034e-10	0.000528263
1.40163e-10	0.000529793
1.40291e-10	0.000531323
1.40419e-10	0.000532855
1.40548e-10	0.000534388
1.40676e-10	0.000535923
1.40805e-10	0.000537459
1.40933e-10	0.000538996
1.41061e-10	0.000540534
1.4119e-10	0.000542073
1.41318e-10	0.000543614
1.41447e-10	0.000545156
1.41575e-10	0.000546699
1.41703e-10	0.000548243
1.41832e-10	0.000549788
1.4196e-10	0.000551335
1.42089e-10	0.000552883
1.42217e-10	0.000554432
1.42346e-10	0.000555982
1.42474e-10	0.000557534
1.42602e-10	0.000559086
1.42731e-10	0.00056064
1.42859e-10	0.000562195
1.42988e-10	0.000563751
1.43116e-10	0.000565308
1.43244e-10	0.000566866
1.43373e-10	0.000568425
1.43501e-10	0.000569986
1.4363e-10	0.000571548
1.43758e-10	0.00057311
1.43886e-10	0.000574674
1.44015e-10	0.000576239
1.44143e-10	0.000577805
1.44272e-10	0.000579372
1.444e-10	0.00058094
1.44529e-10	0.000582509
1.44657e-10	0.00058408
1.44785e-10	0.000585651
1.44914e-10	0.000587223
1.45042e-10	0.000588797
1.45171e-10	0.000590371
1.45299e-10	0.000591947
1.45427e-10	0.000593523
1.45556e-10	0.000595101
1.45684e-10	0.000596679
1.45813e-10	0.000598259
1.45941e-10	0.000599839
1.4607e-10	0.000601421
1.46198e-10	0.000603003
1.46326e-10	0.000604587
1.46455e-10	0.000606171
1.46583e-10	0.000607756
1.46712e-10	0.000609343
1.4684e-10	0.00061093
1.46968e-10	0.000612518
1.47097e-10	0.000614107
1.47225e-10	0.000615697
1.47354e-10	0.000617288
1.47482e-10	0.00061888
1.4761e-10	0.000620473
1.47739e-10	0.000622067
1.47867e-10	0.000623661
1.47996e-10	0.000625257
1.48124e-10	0.000626853
1.48253e-10	0.00062845
1.48381e-10	0.000630048
1.48509e-10	0.000631647
1.48638e-10	0.000633247
1.48766e-10	0.000634848
1.48895e-10	0.000636449
1.49023e-10	0.000638051
1.49151e-10	0.000639654
1.4928e-10	0.000641258
1.49408e-10	0.000642863
1.49537e-10	0.000644468
1.49665e-10	0.000646075
1.49793e-10	0.000647682
1.49922e-10	0.00064929
1.5005e-10	0.000650898
1.50179e-10	0.000652507
1.50307e-10	0.000654117
1.50436e-10	0.000655728
1.50564e-10	0.00065734
1.50692e-10	0.000658952
1.50821e-10	0.000660565
1.50949e-10	0.000662179
1.51078e-10	0.000663793
1.51206e-10	0.000665408
1.51334e-10	0.000667024
1.51463e-10	0.00066864
1.51591e-10	0.000670258
1.5172e-10	0.000671875
1.51848e-10	0.000673494
1.51977e-10	0.000675113
1.52105e-10	0.000676733
1.52233e-10	0.000678353
1.52362e-10	0.000679974
1.5249e-10	0.000681596
1.52619e-10	0.000683218
1.52747e-10	0.000684841
1.52875e-10	0.000686464
1.53004e-10	0.000688088
1.53132e-10	0.000689712
1.53261e-10	0.000691338
1.53389e-10	0.000692963
1.53517e-10	0.000694589
1.53646e-10	0.000696216
1.53774e-10	0.000697843
1.53903e-10	0.000699471
1.54031e-10	0.0007011
1.5416e-10	0.000702728
1.54288e-10	0.000704358
1.54416e-10	0.000705987
1.54545e-10	0.000707618
1.54673e-10	0.000709249
1.54802e-10	0.00071088
1.5493e-10	0.000712511
1.55058e-10	0.000714144
1.55187e-10	0.000715776
1.55315e-10	0.000717409
1.55444e-10	0.000719042
1.55572e-10	0.000720676
1.557e-10	0.000722311
1.55829e-10	0.000723945
1.55957e-10	0.00072558
1.56086e-10	0.000727216
1.56214e-10	0.000728851
1.56343e-10	0.000730487
1.56471e-10	0.000732124
1.56599e-10	0.000733761
1.56728e-10	0.000735398
1.56856e-10	0.000737035
1.56985e-10	0.000738673
1.57113e-10	0.000740311
1.57241e-10	0.00074195
1.5737e-10	0.000743588
1.57498e-10	0.000745227
1.57627e-10	0.000746866
1.57755e-10	0.000748506
1.57883e-10	0.000750146
1.58012e-10	0.000751785
1.5814e-10	0.000753426
1.58269e-10	0.000755066
1.58397e-10	0.000756707
1.58526e-10	0.000758348
1.58654e-10	0.000759989
1.58782e-10	0.00076163
1.58911e-10	0.000763271
1.59039e-10	0.000764913
1.59168e-10	0.000766554
1.59296e-10	0.000768196
1.59424e-10	0.000769838
1.59553e-10	0.00077148
1.59681e-10	0.000773123
1.5981e-10	0.000774765
1.59938e-10	0.000776407
1.60067e-10	0.00077805
1.60195e-10	0.000779693
1.60323e-10	0.000781335
1.60452e-10	0.000782978
1.6058e-10	0.000784621
1.60709e-10	0.000786264
1.60837e-10	0.000787907
1.60965e-10	0.000789549
1.61094e-10	0.000791192
1.61222e-10	0.000792835
1.61351e-10	0.000794478
1.61479e-10	0.000796121
1.61607e-10	0.000797764
1.61736e-10	0.000799407
1.61864e-10	0.00080105
1.61993e-10	0.000802692
1.62121e-10	0.000804335
1.6225e-10	0.000805977
1.62378e-10	0.00080762
1.62506e-10	0.000809262
1.62635e-10	0.000810905
1.62763e-10	0.000812547
1.62892e-10	0.000814189
1.6302e-10	0.000815831
1.63148e-10	0.000817472
1.63277e-10	0.000819114
1.63405e-10	0.000820755
1.63534e-10	0.000822397
1.63662e-10	0.000824038
1.6379e-10	0.000825678
1.63919e-10	0.000827319
1.64047e-10	0.00082896
1.64176e-10	0.0008306
1.64304e-10	0.00083224
1.64433e-10	0.000833879
1.64561e-10	0.000835519
1.64689e-10	0.000837158
1.64818e-10	0.000838797
1.64946e-10	0.000840435
1.65075e-10	0.000842073
1.65203e-10	0.000843711
1.65331e-10	0.000845349
1.6546e-10	0.000846986
1.65588e-10	0.000848623
1.65717e-10	0.00085026
1.65845e-10	0.000851896
1.65973e-10	0.000853531
1.66102e-10	0.000855167
1.6623e-10	0.000856802
1.66359e-10	0.000858436
1.66487e-10	0.000860071
1.66616e-10	0.000861704
1.66744e-10	0.000863337
1.66872e-10	0.00086497
1.67001e-10	0.000866603
1.67129e-10	0.000868234
1.67258e-10	0.000869866
1.67386e-10	0.000871497
1.67514e-10	0.000873127
1.67643e-10	0.000874757
1.67771e-10	0.000876386
1.679e-10	0.000878015
1.68028e-10	0.000879643
1.68157e-10	0.00088127
1.68285e-10	0.000882897
1.68413e-10	0.000884524
1.68542e-10	0.000886149
1.6867e-10	0.000887775
1.68799e-10	0.000889399
1.68927e-10	0.000891023
1.69055e-10	0.000892646
1.69184e-10	0.000894269
1.69312e-10	0.000895891
1.69441e-10	0.000897512
1.69569e-10	0.000899132
1.69697e-10	0.000900752
1.69826e-10	0.000902371
1.69954e-10	0.00090399
1.70083e-10	0.000905607
1.70211e-10	0.000907224
1.7034e-10	0.00090884
1.70468e-10	0.000910455
1.70596e-10	0.00091207
1.70725e-10	0.000913683
1.70853e-10	0.000915296
1.70982e-10	0.000916908
1.7111e-10	0.00091852
1.71238e-10	0.00092013
1.71367e-10	0.000921739
1.71495e-10	0.000923348
1.71624e-10	0.000924956
1.71752e-10	0.000926562
1.7188e-10	0.000928168
1.72009e-10	0.000929773
1.72137e-10	0.000931377
1.72266e-10	0.00093298
1.72394e-10	0.000934582
1.72523e-10	0.000936184
1.72651e-10	0.000937784
1.72779e-10	0.000939383
1.72908e-10	0.000940981
1.73036e-10	0.000942578
1.73165e-10	0.000944174
1.73293e-10	0.000945769
1.73421e-10	0.000947363
1.7355e-10	0.000948956
1.73678e-10	0.000950548
1.73807e-10	0.000952138
1.73935e-10	0.000953728
1.74063e-10	0.000955316
1.74192e-10	0.000956904
1.7432e-10	0.00095849
1.74449e-10	0.000960075
1.74577e-10	0.000961659
1.74706e-10	0.000963241
1.74834e-10	0.000964823
1.74962e-10	0.000966403
1.75091e-10	0.000967982
1.75219e-10	0.00096956
1.75348e-10	0.000971136
1.75476e-10	0.000972711
1.75604e-10	0.000974285
1.75733e-10	0.000975858
1.75861e-10	0.000977429
1.7599e-10	0.000978999
1.76118e-10	0.000980568
1.76247e-10	0.000982135
1.76375e-10	0.000983701
1.76503e-10	0.000985266
1.76632e-10	0.000986829
1.7676e-10	0.000988391
1.76889e-10	0.000989951
1.77017e-10	0.00099151
1.77145e-10	0.000993068
1.77274e-10	0.000994624
1.77402e-10	0.000996179
1.77531e-10	0.000997732
1.77659e-10	0.000999284
1.77787e-10	0.00100083
1.77916e-10	0.00100238
1.78044e-10	0.00100393
1.78173e-10	0.00100548
1.78301e-10	0.00100702
1.7843e-10	0.00100856
1.78558e-10	0.0010101
1.78686e-10	0.00101164
1.78815e-10	0.00101318
1.78943e-10	0.00101472
1.79072e-10	0.00101625
1.792e-10	0.00101778
1.79328e-10	0.00101931
1.79457e-10	0.00102084
1.79585e-10	0.00102237
1.79714e-10	0.0010239
1.79842e-10	0.00102542
1.7997e-10	0.00102694
1.80099e-10	0.00102846
1.80227e-10	0.00102998
1.80356e-10	0.0010315
1.80484e-10	0.00103302
1.80613e-10	0.00103453
1.80741e-10	0.00103604
1.80869e-10	0.00103755
1.80998e-10	0.00103906
1.81126e-10	0.00104057
1.81255e-10	0.00104207
1.81383e-10	0.00104357
1.81511e-10	0.00104507
1.8164e-10	0.00104657
1.81768e-10	0.00104807
1.81897e-10	0.00104956
1.82025e-10	0.00105106
1.82154e-10	0.00105255
1.82282e-10	0.00105404
1.8241e-10	0.00105552
1.82539e-10	0.00105701
1.82667e-10	0.00105849
1.82796e-10	0.00105997
1.82924e-10	0.00106145
1.83052e-10	0.00106293
1.83181e-10	0.0010644
1.83309e-10	0.00106587
1.83438e-10	0.00106734
1.83566e-10	0.00106881
1.83694e-10	0.00107028
1.83823e-10	0.00107174
1.83951e-10	0.0010732
1.8408e-10	0.00107466
1.84208e-10	0.00107612
1.84337e-10	0.00107758
1.84465e-10	0.00107903
1.84593e-10	0.00108048
1.84722e-10	0.00108193
1.8485e-10	0.00108337
1.84979e-10	0.00108482
1.85107e-10	0.00108626
1.85235e-10	0.0010877
1.85364e-10	0.00108914
1.85492e-10	0.00109057
1.85621e-10	0.001092
1.85749e-10	0.00109343
1.85877e-10	0.00109486
1.86006e-10	0.00109628
1.86134e-10	0.00109771
1.86263e-10	0.00109913
1.86391e-10	0.00110054
1.8652e-10	0.00110196
1.86648e-10	0.00110337
1.86776e-10	0.00110478
1.86905e-10	0.00110619
1.87033e-10	0.00110759
1.87162e-10	0.001109
1.8729e-10	0.0011104
1.87418e-10	0.00111179
1.87547e-10	0.00111319
1.87675e-10	0.00111458
1.87804e-10	0.00111597
1.87932e-10	0.00111736
1.8806e-10	0.00111874
1.88189e-10	0.00112012
1.88317e-10	0.0011215
1.88446e-10	0.00112288
1.88574e-10	0.00112425
1.88703e-10	0.00112562
1.88831e-10	0.00112699
1.88959e-10	0.00112835
1.89088e-10	0.00112971
1.89216e-10	0.00113107
1.89345e-10	0.00113243
1.89473e-10	0.00113378
1.89601e-10	0.00113513
1.8973e-10	0.00113648
1.89858e-10	0.00113783
1.89987e-10	0.00113917
1.90115e-10	0.00114051
1.90244e-10	0.00114185
1.90372e-10	0.00114318
1.905e-10	0.00114451
1.90629e-10	0.00114584
1.90757e-10	0.00114716
1.90886e-10	0.00114848
1.91014e-10	0.0011498
1.91142e-10	0.00115112
1.91271e-10	0.00115243
1.91399e-10	0.00115374
1.91528e-10	0.00115505
1.91656e-10	0.00115635
1.91784e-10	0.00115765
1.91913e-10	0.00115895
1.92041e-10	0.00116024
1.9217e-10	0.00116153
1.92298e-10	0.00116282
1.92427e-10	0.0011641
1.92555e-10	0.00116538
1.92683e-10	0.00116666
1.92812e-10	0.00116793
1.9294e-10	0.0011692
1.93069e-10	0.00117047
1.93197e-10	0.00117174
1.93325e-10	0.001173
1.93454e-10	0.00117426
1.93582e-10	0.00117551
1.93711e-10	0.00117676
1.93839e-10	0.00117801
1.93967e-10	0.00117925
1.94096e-10	0.00118049
1.94224e-10	0.00118173
1.94353e-10	0.00118297
1.94481e-10	0.0011842
1.9461e-10	0.00118542
1.94738e-10	0.00118665
1.94866e-10	0.00118787
1.94995e-10	0.00118908
1.95123e-10	0.0011903
1.95252e-10	0.00119151
1.9538e-10	0.00119271
1.95508e-10	0.00119391
1.95637e-10	0.00119511
1.95765e-10	0.00119631
1.95894e-10	0.0011975
1.96022e-10	0.00119869
1.9615e-10	0.00119987
1.96279e-10	0.00120105
1.96407e-10	0.00120223
1.96536e-10	0.0012034
1.96664e-10	0.00120457
1.96793e-10	0.00120573
1.96921e-10	0.0012069
1.97049e-10	0.00120805
1.97178e-10	0.00120921
1.97306e-10	0.00121036
1.97435e-10	0.0012115
1.97563e-10	0.00121265
1.97691e-10	0.00121378
1.9782e-10	0.00121492
1.97948e-10	0.00121605
1.98077e-10	0.00121718
1.98205e-10	0.0012183
1.98334e-10	0.00121942
1.98462e-10	0.00122053
1.9859e-10	0.00122164
1.98719e-10	0.00122275
1.98847e-10	0.00122385
1.98976e-10	0.00122495
1.99104e-10	0.00122604
1.99232e-10	0.00122713
1.99361e-10	0.00122822
1.99489e-10	0.0012293
1.99618e-10	0.00123038
1.99746e-10	0.00123145
1.99874e-10	0.00123252
2.00003e-10	0.00123359
2.00131e-10	0.00123465
2.0026e-10	0.0012357
2.00388e-10	0.00123676
2.00517e-10	0.00123781
2.00645e-10	0.00123885
2.00773e-10	0.00123989
2.00902e-10	0.00124092
2.0103e-10	0.00124195
2.01159e-10	0.00124298
2.01287e-10	0.001244
2.01415e-10	0.00124502
2.01544e-10	0.00124603
2.01672e-10	0.00124704
2.01801e-10	0.00124805
2.01929e-10	0.00124905
2.02057e-10	0.00125004
2.02186e-10	0.00125103
2.02314e-10	0.00125202
2.02443e-10	0.001253
2.02571e-10	0.00125398
2.027e-10	0.00125495
2.02828e-10	0.00125592
2.02956e-10	0.00125688
2.03085e-10	0.00125784
2.03213e-10	0.00125879
2.03342e-10	0.00125974
2.0347e-10	0.00126069
2.03598e-10	0.00126163
2.03727e-10	0.00126256
2.03855e-10	0.00126349
2.03984e-10	0.00126442
2.04112e-10	0.00126534
2.0424e-10	0.00126626
2.04369e-10	0.00126717
2.04497e-10	0.00126807
2.04626e-10	0.00126898
2.04754e-10	0.00126987
2.04883e-10	0.00127076
2.05011e-10	0.00127165
2.05139e-10	0.00127253
2.05268e-10	0.00127341
2.05396e-10	0.00127428
2.05525e-10	0.00127515
2.05653e-10	0.00127601
2.05781e-10	0.00127687
2.0591e-10	0.00127772
2.06038e-10	0.00127857
2.06167e-10	0.00127941
2.06295e-10	0.00128025
2.06424e-10	0.00128108
2.06552e-10	0.0012819
2.0668e-10	0.00128272
2.06809e-10	0.00128354
2.06937e-10	0.00128435
2.07066e-10	0.00128516
2.07194e-10	0.00128596
2.07322e-10	0.00128675
2.07451e-10	0.00128754
2.07579e-10	0.00128833
2.07708e-10	0.00128911
2.07836e-10	0.00128988
2.07964e-10	0.00129065
2.08093e-10	0.00129141
2.08221e-10	0.00129217
2.0835e-10	0.00129292
2.08478e-10	0.00129367
2.08607e-10	0.00129441
2.08735e-10	0.00129515
2.08863e-10	0.00129588
2.08992e-10	0.0012966
2.0912e-10	0.00129732
2.09249e-10	0.00129804
2.09377e-10	0.00129874
2.09505e-10	0.00129945
2.09634e-10	0.00130014
2.09762e-10	0.00130084
2.09891e-10	0.00130152
2.10019e-10	0.0013022
2.10147e-10	0.00130288
2.10276e-10	0.00130355
2.10404e-10	0.00130421
2.10533e-10	0.00130487
2.10661e-10	0.00130552
2.1079e-10	0.00130616
2.10918e-10	0.0013068
2.11046e-10	0.00130744
2.11175e-10	0.00130807
2.11303e-10	0.00130869
2.11432e-10	0.00130931
2.1156e-10	0.00130992
2.11688e-10	0.00131052
2.11817e-10	0.00131112
2.11945e-10	0.00131172
2.12074e-10	0.0013123
2.12202e-10	0.00131288
2.12331e-10	0.00131346
2.12459e-10	0.00131403
2.12587e-10	0.00131459
2.12716e-10	0.00131515
2.12844e-10	0.0013157
2.12973e-10	0.00131624
2.13101e-10	0.00131678
2.13229e-10	0.00131732
2.13358e-10	0.00131784
2.13486e-10	0.00131836
2.13615e-10	0.00131888
2.13743e-10	0.00131939
2.13871e-10	0.00131989
2.14e-10	0.00132038
2.14128e-10	0.00132087
2.14257e-10	0.00132135
2.14385e-10	0.00132183
2.14514e-10	0.0013223
2.14642e-10	0.00132276
2.1477e-10	0.00132322
2.14899e-10	0.00132367
2.15027e-10	0.00132412
2.15156e-10	0.00132456
2.15284e-10	0.00132499
2.15412e-10	0.00132541
2.15541e-10	0.00132583
2.15669e-10	0.00132624
2.15798e-10	0.00132665
2.15926e-10	0.00132705
2.16054e-10	0.00132744
2.16183e-10	0.00132783
2.16311e-10	0.00132821
2.1644e-10	0.00132858
2.16568e-10	0.00132895
2.16697e-10	0.00132931
2.16825e-10	0.00132966
2.16953e-10	0.00133
2.17082e-10	0.00133034
2.1721e-10	0.00133068
2.17339e-10	0.001331
2.17467e-10	0.00133132
2.17595e-10	0.00133163
2.17724e-10	0.00133194
2.17852e-10	0.00133224
2.17981e-10	0.00133253
2.18109e-10	0.00133281
2.18237e-10	0.00133309
2.18366e-10	0.00133336
2.18494e-10	0.00133363
2.18623e-10	0.00133388
2.18751e-10	0.00133413
2.1888e-10	0.00133437
2.19008e-10	0.00133461
2.19136e-10	0.00133484
2.19265e-10	0.00133506
2.19393e-10	0.00133528
2.19522e-10	0.00133548
2.1965e-10	0.00133568
2.19778e-10	0.00133588
2.19907e-10	0.00133606
2.20035e-10	0.00133624
2.20164e-10	0.00133641
2.20292e-10	0.00133658
2.20421e-10	0.00133673
2.20549e-10	0.00133688
2.20677e-10	0.00133703
2.20806e-10	0.00133716
2.20934e-10	0.00133729
2.21063e-10	0.00133741
2.21191e-10	0.00133752
2.21319e-10	0.00133763
2.21448e-10	0.00133773
2.21576e-10	0.00133782
2.21705e-10	0.0013379
2.21833e-10	0.00133798
2.21961e-10	0.00133805
2.2209e-10	0.00133811
2.22218e-10	0.00133816
2.22347e-10	0.00133821
2.22475e-10	0.00133825
2.22604e-10	0.00133828
2.22732e-10	0.0013383
2.2286e-10	0.00133831
2.22989e-10	0.00133832
2.23117e-10	0.00133832
2.23246e-10	0.00133831
2.23374e-10	0.0013383
2.23502e-10	0.00133828
2.23631e-10	0.00133824
2.23759e-10	0.00133821
2.23888e-10	0.00133816
2.24016e-10	0.0013381
2.24144e-10	0.00133804
2.24273e-10	0.00133797
2.24401e-10	0.00133789
2.2453e-10	0.00133781
2.24658e-10	0.00133771
2.24787e-10	0.00133761
2.24915e-10	0.0013375
2.25043e-10	0.00133739
2.25172e-10	0.00133726
2.253e-10	0.00133713
2.25429e-10	0.00133698
2.25557e-10	0.00133683
2.25685e-10	0.00133668
2.25814e-10	0.00133651
2.25942e-10	0.00133634
2.26071e-10	0.00133615
2.26199e-10	0.00133596
2.26327e-10	0.00133576
2.26456e-10	0.00133556
2.26584e-10	0.00133534
2.26713e-10	0.00133512
2.26841e-10	0.00133489
2.2697e-10	0.00133465
2.27098e-10	0.0013344
2.27226e-10	0.00133414
2.27355e-10	0.00133388
2.27483e-10	0.0013336
2.27612e-10	0.00133332
2.2774e-10	0.00133303
2.27868e-10	0.00133273
2.27997e-10	0.00133242
2.28125e-10	0.00133211
2.28254e-10	0.00133178
2.28382e-10	0.00133145
2.28511e-10	0.00133111
2.28639e-10	0.00133076
2.28767e-10	0.0013304
2.28896e-10	0.00133003
2.29024e-10	0.00132966
2.29153e-10	0.00132927
2.29281e-10	0.00132888
2.29409e-10	0.00132848
2.29538e-10	0.00132807
2.29666e-10	0.00132765
2.29795e-10	0.00132722
2.29923e-10	0.00132679
2.30051e-10	0.00132634
2.3018e-10	0.00132589
2.30308e-10	0.00132542
2.30437e-10	0.00132495
2.30565e-10	0.00132447
2.30694e-10	0.00132398
2.30822e-10	0.00132348
2.3095e-10	0.00132297
2.31079e-10	0.00132246
2.31207e-10	0.00132193
2.31336e-10	0.0013214
2.31464e-10	0.00132085
2.31592e-10	0.0013203
2.31721e-10	0.00131974
2.31849e-10	0.00131917
2.31978e-10	0.00131859
2.32106e-10	0.001318
2.32234e-10	0.0013174
2.32363e-10	0.00131679
2.32491e-10	0.00131618
2.3262e-10	0.00131555
2.32748e-10	0.00131491
2.32877e-10	0.00131427
2.33005e-10	0.00131362
2.33133e-10	0.00131295
2.33262e-10	0.00131228
2.3339e-10	0.0013116
2.33519e-10	0.00131091
2.33647e-10	0.00131021
2.33775e-10	0.0013095
2.33904e-10	0.00130878
2.34032e-10	0.00130805
2.34161e-10	0.00130731
2.34289e-10	0.00130657
2.34417e-10	0.00130581
2.34546e-10	0.00130504
2.34674e-10	0.00130427
2.34803e-10	0.00130348
2.34931e-10	0.00130269
2.3506e-10	0.00130188
2.35188e-10	0.00130107
2.35316e-10	0.00130024
2.35445e-10	0.00129941
2.35573e-10	0.00129857
2.35702e-10	0.00129771
2.3583e-10	0.00129685
2.35958e-10	0.00129598
2.36087e-10	0.0012951
2.36215e-10	0.0012942
2.36344e-10	0.0012933
2.36472e-10	0.00129239
2.36601e-10	0.00129147
2.36729e-10	0.00129054
2.36857e-10	0.0012896
2.36986e-10	0.00128864
2.37114e-10	0.00128768
2.37243e-10	0.00128671
2.37371e-10	0.00128573
2.37499e-10	0.00128474
2.37628e-10	0.00128374
2.37756e-10	0.00128273
2.37885e-10	0.00128171
2.38013e-10	0.00128068
2.38141e-10	0.00127963
2.3827e-10	0.00127858
2.38398e-10	0.00127752
2.38527e-10	0.00127645
2.38655e-10	0.00127537
2.38784e-10	0.00127428
2.38912e-10	0.00127317
2.3904e-10	0.00127206
2.39169e-10	0.00127094
2.39297e-10	0.0012698
2.39426e-10	0.00126866
2.39554e-10	0.00126751
2.39682e-10	0.00126634
2.39811e-10	0.00126517
2.39939e-10	0.00126398
2.40068e-10	0.00126279
2.40196e-10	0.00126158
2.40324e-10	0.00126037
2.40453e-10	0.00125914
2.40581e-10	0.0012579
2.4071e-10	0.00125666
2.40838e-10	0.0012554
2.40967e-10	0.00125413
2.41095e-10	0.00125285
2.41223e-10	0.00125156
2.41352e-10	0.00125026
2.4148e-10	0.00124895
2.41609e-10	0.00124763
2.41737e-10	0.0012463
2.41865e-10	0.00124495
2.41994e-10	0.0012436
2.42122e-10	0.00124223
2.42251e-10	0.00124086
2.42379e-10	0.00123947
2.42508e-10	0.00123808
2.42636e-10	0.00123667
2.42764e-10	0.00123525
2.42893e-10	0.00123382
2.43021e-10	0.00123238
2.4315e-10	0.00123093
2.43278e-10	0.00122947
2.43406e-10	0.001228
2.43535e-10	0.00122651
2.43663e-10	0.00122502
2.43792e-10	0.00122351
2.4392e-10	0.001222
2.44048e-10	0.00122047
2.44177e-10	0.00121893
2.44305e-10	0.00121738
2.44434e-10	0.00121582
2.44562e-10	0.00121425
2.44691e-10	0.00121266
2.44819e-10	0.00121107
2.44947e-10	0.00120946
2.45076e-10	0.00120785
2.45204e-10	0.00120622
2.45333e-10	0.00120458
2.45461e-10	0.00120293
2.45589e-10	0.00120127
2.45718e-10	0.0011996
2.45846e-10	0.00119791
2.45975e-10	0.00119622
2.46103e-10	0.00119451
2.46231e-10	0.00119279
2.4636e-10	0.00119106
2.46488e-10	0.00118932
2.46617e-10	0.00118757
2.46745e-10	0.0011858
2.46874e-10	0.00118403
2.47002e-10	0.00118224
2.4713e-10	0.00118044
2.47259e-10	0.00117863
2.47387e-10	0.00117681
2.47516e-10	0.00117498
2.47644e-10	0.00117314
2.47772e-10	0.00117128
2.47901e-10	0.00116941
2.48029e-10	0.00116753
2.48158e-10	0.00116564
2.48286e-10	0.00116374
2.48414e-10	0.00116183
2.48543e-10	0.0011599
2.48671e-10	0.00115796
2.488e-10	0.00115601
2.48928e-10	0.00115405
2.49057e-10	0.00115208
2.49185e-10	0.00115009
2.49313e-10	0.0011481
2.49442e-10	0.00114609
2.4957e-10	0.00114407
2.49699e-10	0.00114203
2.49827e-10	0.00113999
2.49955e-10	0.00113793
2.50084e-10	0.00113587
2.50212e-10	0.00113379
2.50341e-10	0.00113169
2.50469e-10	0.00112959
2.50598e-10	0.00112747
2.50726e-10	0.00112535
2.50854e-10	0.00112321
2.50983e-10	0.00112105
2.51111e-10	0.00111889
2.5124e-10	0.00111671
2.51368e-10	0.00111452
2.51496e-10	0.00111232
2.51625e-10	0.00111011
2.51753e-10	0.00110789
2.51882e-10	0.00110565
2.5201e-10	0.0011034
2.52138e-10	0.00110114
2.52267e-10	0.00109886
2.52395e-10	0.00109658
2.52524e-10	0.00109428
2.52652e-10	0.00109197
2.52781e-10	0.00108964
2.52909e-10	0.00108731
2.53037e-10	0.00108496
2.53166e-10	0.0010826
2.53294e-10	0.00108023
2.53423e-10	0.00107784
2.53551e-10	0.00107544
2.53679e-10	0.00107303
2.53808e-10	0.00107061
2.53936e-10	0.00106818
2.54065e-10	0.00106573
2.54193e-10	0.00106327
2.54321e-10	0.00106079
2.5445e-10	0.00105831
2.54578e-10	0.00105581
2.54707e-10	0.0010533
2.54835e-10	0.00105078
2.54964e-10	0.00104824
2.55092e-10	0.00104569
2.5522e-10	0.00104313
2.55349e-10	0.00104056
2.55477e-10	0.00103797
2.55606e-10	0.00103537
2.55734e-10	0.00103276
2.55862e-10	0.00103013
2.55991e-10	0.0010275
2.56119e-10	0.00102485
2.56248e-10	0.00102218
2.56376e-10	0.00101951
2.56504e-10	0.00101682
2.56633e-10	0.00101412
2.56761e-10	0.0010114
2.5689e-10	0.00100867
2.57018e-10	0.00100593
2.57147e-10	0.00100318
2.57275e-10	0.00100041
2.57403e-10	0.000997632
2.57532e-10	0.000994839
2.5766e-10	0.000992033
2.57789e-10	0.000989214
2.57917e-10	0.000986382
2.58045e-10	0.000983538
2.58174e-10	0.00098068
2.58302e-10	0.000977808
2.58431e-10	0.000974924
2.58559e-10	0.000972027
2.58688e-10	0.000969116
2.58816e-10	0.000966192
2.58944e-10	0.000963255
2.59073e-10	0.000960305
2.59201e-10	0.000957342
2.5933e-10	0.000954365
2.59458e-10	0.000951375
2.59586e-10	0.000948372
2.59715e-10	0.000945355
2.59843e-10	0.000942325
2.59972e-10	0.000939282
2.601e-10	0.000936226
2.60228e-10	0.000933156
2.60357e-10	0.000930073
2.60485e-10	0.000926976
2.60614e-10	0.000923866
2.60742e-10	0.000920742
2.60871e-10	0.000917605
2.60999e-10	0.000914455
2.61127e-10	0.000911291
2.61256e-10	0.000908113
2.61384e-10	0.000904922
2.61513e-10	0.000901718
2.61641e-10	0.0008985
2.61769e-10	0.000895268
2.61898e-10	0.000892023
2.62026e-10	0.000888764
2.62155e-10	0.000885491
2.62283e-10	0.000882205
2.62411e-10	0.000878906
2.6254e-10	0.000875592
2.62668e-10	0.000872265
2.62797e-10	0.000868924
2.62925e-10	0.00086557
2.63054e-10	0.000862202
2.63182e-10	0.00085882
2.6331e-10	0.000855424
2.63439e-10	0.000852014
2.63567e-10	0.000848591
2.63696e-10	0.000845154
2.63824e-10	0.000841703
2.63952e-10	0.000838238
2.64081e-10	0.000834759
2.64209e-10	0.000831267
2.64338e-10	0.000827761
2.64466e-10	0.00082424
2.64594e-10	0.000820706
2.64723e-10	0.000817158
2.64851e-10	0.000813596
2.6498e-10	0.00081002
2.65108e-10	0.00080643
2.65237e-10	0.000802826
2.65365e-10	0.000799208
2.65493e-10	0.000795575
2.65622e-10	0.000791929
2.6575e-10	0.000788269
2.65879e-10	0.000784595
2.66007e-10	0.000780907
2.66135e-10	0.000777204
2.66264e-10	0.000773488
2.66392e-10	0.000769757
2.66521e-10	0.000766012
2.66649e-10	0.000762253
2.66778e-10	0.00075848
2.66906e-10	0.000754692
2.67034e-10	0.000750891
2.67163e-10	0.000747075
2.67291e-10	0.000743245
2.6742e-10	0.000739401
2.67548e-10	0.000735542
2.67676e-10	0.00073167
2.67805e-10	0.000727782
2.67933e-10	0.000723881
2.68062e-10	0.000719965
2.6819e-10	0.000716035
2.68318e-10	0.000712091
2.68447e-10	0.000708132
2.68575e-10	0.000704159
2.68704e-10	0.000700171
2.68832e-10	0.00069617
2.68961e-10	0.000692153
2.69089e-10	0.000688122
2.69217e-10	0.000684077
2.69346e-10	0.000680017
2.69474e-10	0.000675943
2.69603e-10	0.000671855
2.69731e-10	0.000667751
2.69859e-10	0.000663634
2.69988e-10	0.000659502
2.70116e-10	0.000655355
2.70245e-10	0.000651194
2.70373e-10	0.000647018
2.70501e-10	0.000642827
2.7063e-10	0.000638622
2.70758e-10	0.000634403
2.70887e-10	0.000630168
2.71015e-10	0.00062592
2.71144e-10	0.000621656
2.71272e-10	0.000617378
2.714e-10	0.000613085
2.71529e-10	0.000608777
2.71657e-10	0.000604455
2.71786e-10	0.000600118
2.71914e-10	0.000595767
2.72042e-10	0.0005914
2.72171e-10	0.000587019
2.72299e-10	0.000582623
2.72428e-10	0.000578212
2.72556e-10	0.000573787
2.72684e-10	0.000569347
2.72813e-10	0.000564891
2.72941e-10	0.000560421
2.7307e-10	0.000555937
2.73198e-10	0.000551437
2.73327e-10	0.000546923
2.73455e-10	0.000542393
2.73583e-10	0.000537849
2.73712e-10	0.00053329
2.7384e-10	0.000528716
2.73969e-10	0.000524127
2.74097e-10	0.000519523
2.74225e-10	0.000514904
2.74354e-10	0.000510271
2.74482e-10	0.000505622
2.74611e-10	0.000500958
2.74739e-10	0.00049628
2.74868e-10	0.000491586
2.74996e-10	0.000486877
2.75124e-10	0.000482153
2.75253e-10	0.000477415
2.75381e-10	0.000472661
2.7551e-10	0.000467892
2.75638e-10	0.000463108
2.75766e-10	0.000458309
2.75895e-10	0.000453495
2.76023e-10	0.000448666
2.76152e-10	0.000443821
2.7628e-10	0.000438962
2.76408e-10	0.000434087
2.76537e-10	0.000429198
2.76665e-10	0.000424293
2.76794e-10	0.000419373
2.76922e-10	0.000414438
2.77051e-10	0.000409487
2.77179e-10	0.000404522
2.77307e-10	0.000399541
2.77436e-10	0.000394545
2.77564e-10	0.000389534
2.77693e-10	0.000384507
2.77821e-10	0.000379465
2.77949e-10	0.000374408
2.78078e-10	0.000369336
2.78206e-10	0.000364249
2.78335e-10	0.000359146
2.78463e-10	0.000354028
2.78591e-10	0.000348895
2.7872e-10	0.000343746
2.78848e-10	0.000338582
2.78977e-10	0.000333403
2.79105e-10	0.000328208
2.79234e-10	0.000322998
2.79362e-10	0.000317772
2.7949e-10	0.000312532
2.79619e-10	0.000307275
2.79747e-10	0.000302004
2.79876e-10	0.000296717
2.80004e-10	0.000291415
2.80132e-10	0.000286097
2.80261e-10	0.000280764
2.80389e-10	0.000275415
2.80518e-10	0.000270051
2.80646e-10	0.000264672
2.80775e-10	0.000259277
2.80903e-10	0.000253866
2.81031e-10	0.00024844
2.8116e-10	0.000242999
2.81288e-10	0.000237542
2.81417e-10	0.00023207
2.81545e-10	0.000226582
2.81673e-10	0.000221079
2.81802e-10	0.00021556
2.8193e-10	0.000210025
2.82059e-10	0.000204475
2.82187e-10	0.00019891
2.82315e-10	0.000193329
2.82444e-10	0.000187732
2.82572e-10	0.00018212
2.82701e-10	0.000176492
2.82829e-10	0.000170849
2.82958e-10	0.00016519
2.83086e-10	0.000159516
2.83214e-10	0.000153825
2.83343e-10	0.00014812
2.83471e-10	0.000142398
2.836e-10	0.000136661
2.83728e-10	0.000130909
2.83856e-10	0.00012514
2.83985e-10	0.000119357
2.84113e-10	0.000113557
2.84242e-10	0.000107742
2.8437e-10	0.000101911
2.84498e-10	9.60645e-05
2.84627e-10	9.02023e-05
2.84755e-10	8.43244e-05
2.84884e-10	7.84308e-05
2.85012e-10	7.25216e-05
2.85141e-10	6.65966e-05
2.85269e-10	6.06559e-05
2.85397e-10	5.46995e-05
2.85526e-10	4.87274e-05
2.85654e-10	4.27396e-05
2.85783e-10	3.6736e-05
2.85911e-10	3.07167e-05
2.86039e-10	2.46817e-05
2.86168e-10	1.86309e-05
2.86296e-10	1.25644e-05
2.86425e-10	6.48211e-06
2.86553e-10	3.84063e-07
2.86681e-10	-5.72975e-06
2.8681e-10	-1.18593e-05
2.86938e-10	-1.80047e-05
2.87067e-10	-2.41658e-05
2.87195e-10	-3.03428e-05
2.87324e-10	-3.65355e-05
2.87452e-10	-4.2744e-05
2.8758e-10	-4.89683e-05
2.87709e-10	-5.52084e-05
2.87837e-10	-6.14643e-05
2.87966e-10	-6.7736e-05
2.88094e-10	-7.40236e-05
2.88222e-10	-8.0327e-05
2.88351e-10	-8.66461e-05
2.88479e-10	-9.29812e-05
2.88608e-10	-9.9332e-05
2.88736e-10	-0.000105699
2.88865e-10	-0.000112081
2.88993e-10	-0.00011848
2.89121e-10	-0.000124894
2.8925e-10	-0.000131324
2.89378e-10	-0.00013777
2.89507e-10	-0.000144232
2.89635e-10	-0.000150709
2.89763e-10	-0.000157203
2.89892e-10	-0.000163712
2.9002e-10	-0.000170237
2.90149e-10	-0.000176778
2.90277e-10	-0.000183335
2.90405e-10	-0.000189908
2.90534e-10	-0.000196497
2.90662e-10	-0.000203101
2.90791e-10	-0.000209722
2.90919e-10	-0.000216358
2.91048e-10	-0.000223011
2.91176e-10	-0.000229679
2.91304e-10	-0.000236363
2.91433e-10	-0.000243063
2.91561e-10	-0.000249779
2.9169e-10	-0.00025651
2.91818e-10	-0.000263258
2.91946e-10	-0.000270021
2.92075e-10	-0.000276801
2.92203e-10	-0.000283596
2.92332e-10	-0.000290408
2.9246e-10	-0.000297235
2.92588e-10	-0.000304078
2.92717e-10	-0.000310937
2.92845e-10	-0.000317812
2.92974e-10	-0.000324702
2.93102e-10	-0.000331609
2.93231e-10	-0.000338532
2.93359e-10	-0.00034547
2.93487e-10	-0.000352425
2.93616e-10	-0.000359395
2.93744e-10	-0.000366381
2.93873e-10	-0.000373383
2.94001e-10	-0.000380402
2.94129e-10	-0.000387436
2.94258e-10	-0.000394485
2.94386e-10	-0.000401551
2.94515e-10	-0.000408633
2.94643e-10	-0.000415731
2.94771e-10	-0.000422844
2.949e-10	-0.000429974
2.95028e-10	-0.000437119
2.95157e-10	-0.00044428
2.95285e-10	-0.000451458
2.95414e-10	-0.000458651
2.95542e-10	-0.00046586
2.9567e-10	-0.000473085
2.95799e-10	-0.000480326
2.95927e-10	-0.000487582
2.96056e-10	-0.000494855
2.96184e-10	-0.000502144
2.96312e-10	-0.000509448
2.96441e-10	-0.000516769
2.96569e-10	-0.000524105
2.96698e-10	-0.000531457
2.96826e-10	-0.000538825
2.96955e-10	-0.000546209
2.97083e-10	-0.000553609
2.97211e-10	-0.000561025
2.9734e-10	-0.000568456
2.97468e-10	-0.000575904
2.97597e-10	-0.000583367
2.97725e-10	-0.000590846
2.97853e-10	-0.000598341
2.97982e-10	-0.000605852
2.9811e-10	-0.000613379
2.98239e-10	-0.000620922
2.98367e-10	-0.000628481
2.98495e-10	-0.000636055
2.98624e-10	-0.000643645
2.98752e-10	-0.000651252
2.98881e-10	-0.000658874
2.99009e-10	-0.000666511
2.99138e-10	-0.000674165
2.99266e-10	-0.000681835
2.99394e-10	-0.00068952
2.99523e-10	-0.000697221
2.99651e-10	-0.000704938
2.9978e-10	-0.000712671
2.99908e-10	-0.00072042
3.00036e-10	-0.000728184
3.00165e-10	-0.000735965
3.00293e-10	-0.000743761
3.00422e-10	-0.000751573
3.0055e-10	-0.0007594
3.00678e-10	-0.000767244
3.00807e-10	-0.000775103
3.00935e-10	-0.000782978
3.01064e-10	-0.000790869
3.01192e-10	-0.000798776
3.01321e-10	-0.000806698
3.01449e-10	-0.000814636
3.01577e-10	-0.00082259
3.01706e-10	-0.00083056
3.01834e-10	-0.000838545
3.01963e-10	-0.000846546
3.02091e-10	-0.000854563
3.02219e-10	-0.000862595
3.02348e-10	-0.000870644
3.02476e-10	-0.000878708
3.02605e-10	-0.000886787
3.02733e-10	-0.000894883
3.02861e-10	-0.000902994
3.0299e-10	-0.00091112
3.03118e-10	-0.000919263
3.03247e-10	-0.000927421
3.03375e-10	-0.000935595
3.03504e-10	-0.000943784
3.03632e-10	-0.000951989
3.0376e-10	-0.00096021
3.03889e-10	-0.000968446
3.04017e-10	-0.000976698
3.04146e-10	-0.000984966
3.04274e-10	-0.000993249
3.04402e-10	-0.00100155
3.04531e-10	-0.00100986
3.04659e-10	-0.00101819
3.04788e-10	-0.00102654
3.04916e-10	-0.0010349
3.05045e-10	-0.00104328
3.05173e-10	-0.00105167
3.05301e-10	-0.00106008
3.0543e-10	-0.0010685
3.05558e-10	-0.00107694
3.05687e-10	-0.00108539
3.05815e-10	-0.00109386
3.05943e-10	-0.00110235
3.06072e-10	-0.00111085
3.062e-10	-0.00111936
3.06329e-10	-0.0011279
3.06457e-10	-0.00113644
3.06585e-10	-0.00114501
3.06714e-10	-0.00115358
3.06842e-10	-0.00116218
3.06971e-10	-0.00117079
3.07099e-10	-0.00117941
3.07228e-10	-0.00118805
3.07356e-10	-0.00119671
3.07484e-10	-0.00120538
3.07613e-10	-0.00121406
3.07741e-10	-0.00122276
3.0787e-10	-0.00123148
3.07998e-10	-0.00124021
3.08126e-10	-0.00124896
3.08255e-10	-0.00125772
3.08383e-10	-0.0012665
3.08512e-10	-0.00127529
3.0864e-10	-0.0012841
3.08768e-10	-0.00129293
3.08897e-10	-0.00130176
3.09025e-10	-0.00131062
3.09154e-10	-0.00131949
3.09282e-10	-0.00132837
3.09411e-10	-0.00133727
3.09539e-10	-0.00134619
3.09667e-10	-0.00135512
3.09796e-10	-0.00136406
3.09924e-10	-0.00137302
3.10053e-10	-0.001382
3.10181e-10	-0.00139099
3.10309e-10	-0.0014
3.10438e-10	-0.00140902
3.10566e-10	-0.00141805
3.10695e-10	-0.0014271
3.10823e-10	-0.00143617
3.10952e-10	-0.00144525
3.1108e-10	-0.00145435
3.11208e-10	-0.00146346
3.11337e-10	-0.00147259
3.11465e-10	-0.00148173
3.11594e-10	-0.00149088
3.11722e-10	-0.00150005
3.1185e-10	-0.00150924
3.11979e-10	-0.00151844
3.12107e-10	-0.00152766
3.12236e-10	-0.00153689
3.12364e-10	-0.00154613
3.12492e-10	-0.00155539
3.12621e-10	-0.00156467
3.12749e-10	-0.00157396
3.12878e-10	-0.00158327
3.13006e-10	-0.00159259
3.13135e-10	-0.00160192
3.13263e-10	-0.00161127
3.13391e-10	-0.00162063
3.1352e-10	-0.00163001
3.13648e-10	-0.00163941
3.13777e-10	-0.00164882
3.13905e-10	-0.00165824
3.14033e-10	-0.00166768
3.14162e-10	-0.00167713
3.1429e-10	-0.0016866
3.14419e-10	-0.00169608
3.14547e-10	-0.00170557
3.14675e-10	-0.00171508
3.14804e-10	-0.00172461
3.14932e-10	-0.00173415
3.15061e-10	-0.00174371
3.15189e-10	-0.00175327
3.15318e-10	-0.00176286
3.15446e-10	-0.00177246
3.15574e-10	-0.00178207
3.15703e-10	-0.0017917
3.15831e-10	-0.00180134
3.1596e-10	-0.00181099
3.16088e-10	-0.00182066
3.16216e-10	-0.00183035
3.16345e-10	-0.00184005
3.16473e-10	-0.00184976
3.16602e-10	-0.00185949
3.1673e-10	-0.00186923
3.16858e-10	-0.00187899
3.16987e-10	-0.00188876
3.17115e-10	-0.00189854
3.17244e-10	-0.00190834
3.17372e-10	-0.00191815
3.17501e-10	-0.00192798
3.17629e-10	-0.00193782
3.17757e-10	-0.00194768
3.17886e-10	-0.00195755
3.18014e-10	-0.00196743
3.18143e-10	-0.00197733
3.18271e-10	-0.00198724
3.18399e-10	-0.00199717
3.18528e-10	-0.00200711
3.18656e-10	-0.00201706
3.18785e-10	-0.00202703
3.18913e-10	-0.00203701
3.19042e-10	-0.002047
3.1917e-10	-0.00205701
3.19298e-10	-0.00206704
3.19427e-10	-0.00207708
3.19555e-10	-0.00208713
3.19684e-10	-0.00209719
3.19812e-10	-0.00210727
3.1994e-10	-0.00211736
3.20069e-10	-0.00212747
3.20197e-10	-0.00213759
3.20326e-10	-0.00214772
3.20454e-10	-0.00215787
3.20582e-10	-0.00216803
3.20711e-10	-0.00217821
3.20839e-10	-0.00218839
3.20968e-10	-0.0021986
3.21096e-10	-0.00220881
3.21225e-10	-0.00221904
3.21353e-10	-0.00222928
3.21481e-10	-0.00223954
3.2161e-10	-0.00224981
3.21738e-10	-0.00226009
3.21867e-10	-0.00227039
3.21995e-10	-0.0022807
3.22123e-10	-0.00229102
3.22252e-10	-0.00230136
3.2238e-10	-0.00231171
3.22509e-10	-0.00232207
3.22637e-10	-0.00233244
3.22765e-10	-0.00234283
3.22894e-10	-0.00235324
3.23022e-10	-0.00236365
3.23151e-10	-0.00237408
3.23279e-10	-0.00238452
3.23408e-10	-0.00239498
3.23536e-10	-0.00240545
3.23664e-10	-0.00241593
3.23793e-10	-0.00242642
3.23921e-10	-0.00243693
3.2405e-10	-0.00244745
3.24178e-10	-0.00245798
3.24306e-10	-0.00246853
3.24435e-10	-0.00247909
3.24563e-10	-0.00248966
3.24692e-10	-0.00250024
3.2482e-10	-0.00251084
3.24948e-10	-0.00252145
3.25077e-10	-0.00253208
3.25205e-10	-0.00254271
3.25334e-10	-0.00255336
3.25462e-10	-0.00256402
3.25591e-10	-0.00257469
3.25719e-10	-0.00258538
3.25847e-10	-0.00259608
3.25976e-10	-0.00260679
3.26104e-10	-0.00261752
3.26233e-10	-0.00262825
3.26361e-10	-0.002639
3.26489e-10	-0.00264976
3.26618e-10	-0.00266054
3.26746e-10	-0.00267132
3.26875e-10	-0.00268212
3.27003e-10	-0.00269293
3.27132e-10	-0.00270375
3.2726e-10	-0.00271459
3.27388e-10	-0.00272544
3.27517e-10	-0.0027363
3.27645e-10	-0.00274717
3.27774e-10	-0.00275805
3.27902e-10	-0.00276895
3.2803e-10	-0.00277986
3.28159e-10	-0.00279078
3.28287e-10	-0.00280171
3.28416e-10	-0.00281265
3.28544e-10	-0.00282361
3.28672e-10	-0.00283458
3.28801e-10	-0.00284556
3.28929e-10	-0.00285655
3.29058e-10	-0.00286755
3.29186e-10	-0.00287857
3.29315e-10	-0.00288959
3.29443e-10	-0.00290063
3.29571e-10	-0.00291168
3.297e-10	-0.00292274
3.29828e-10	-0.00293382
3.29957e-10	-0.0029449
3.30085e-10	-0.002956
3.30213e-10	-0.00296711
3.30342e-10	-0.00297823
3.3047e-10	-0.00298936
3.30599e-10	-0.0030005
3.30727e-10	-0.00301165
3.30855e-10	-0.00302282
3.30984e-10	-0.003034
3.31112e-10	-0.00304518
3.31241e-10	-0.00305638
3.31369e-10	-0.00306759
3.31498e-10	-0.00307881
3.31626e-10	-0.00309005
3.31754e-10	-0.00310129
3.31883e-10	-0.00311255
3.32011e-10	-0.00312381
3.3214e-10	-0.00313509
3.32268e-10	-0.00314637
3.32396e-10	-0.00315767
3.32525e-10	-0.00316898
3.32653e-10	-0.0031803
3.32782e-10	-0.00319163
3.3291e-10	-0.00320298
3.33038e-10	-0.00321433
3.33167e-10	-0.00322569
3.33295e-10	-0.00323706
3.33424e-10	-0.00324845
3.33552e-10	-0.00325984
3.33681e-10	-0.00327125
3.33809e-10	-0.00328266
3.33937e-10	-0.00329409
3.34066e-10	-0.00330553
3.34194e-10	-0.00331698
3.34323e-10	-0.00332843
3.34451e-10	-0.0033399
3.34579e-10	-0.00335138
3.34708e-10	-0.00336287
3.34836e-10	-0.00337437
3.34965e-10	-0.00338587
3.35093e-10	-0.00339739
3.35222e-10	-0.00340892
3.3535e-10	-0.00342046
3.35478e-10	-0.00343201
3.35607e-10	-0.00344357
3.35735e-10	-0.00345514
3.35864e-10	-0.00346672
3.35992e-10	-0.0034783
3.3612e-10	-0.0034899
3.36249e-10	-0.00350151
3.36377e-10	-0.00351313
3.36506e-10	-0.00352476
3.36634e-10	-0.00353639
3.36762e-10	-0.00354804
3.36891e-10	-0.00355969
3.37019e-10	-0.00357136
3.37148e-10	-0.00358304
3.37276e-10	-0.00359472
3.37405e-10	-0.00360641
3.37533e-10	-0.00361812
3.37661e-10	-0.00362983
3.3779e-10	-0.00364155
3.37918e-10	-0.00365328
3.38047e-10	-0.00366502
3.38175e-10	-0.00367677
3.38303e-10	-0.00368853
3.38432e-10	-0.0037003
3.3856e-10	-0.00371207
3.38689e-10	-0.00372386
3.38817e-10	-0.00373565
3.38945e-10	-0.00374745
3.39074e-10	-0.00375927
3.39202e-10	-0.00377109
3.39331e-10	-0.00378292
3.39459e-10	-0.00379475
3.39588e-10	-0.0038066
3.39716e-10	-0.00381846
3.39844e-10	-0.00383032
3.39973e-10	-0.00384219
3.40101e-10	-0.00385407
3.4023e-10	-0.00386596
3.40358e-10	-0.00387786
3.40486e-10	-0.00388976
3.40615e-10	-0.00390168
3.40743e-10	-0.0039136
3.40872e-10	-0.00392553
3.41e-10	-0.00393747
3.41129e-10	-0.00394942
3.41257e-10	-0.00396137
3.41385e-10	-0.00397333
3.41514e-10	-0.0039853
3.41642e-10	-0.00399728
3.41771e-10	-0.00400927
3.41899e-10	-0.00402126
3.42027e-10	-0.00403326
3.42156e-10	-0.00404527
3.42284e-10	-0.00405729
3.42413e-10	-0.00406931
3.42541e-10	-0.00408135
3.42669e-10	-0.00409339
3.42798e-10	-0.00410543
3.42926e-10	-0.00411749
3.43055e-10	-0.00412955
3.43183e-10	-0.00414162
3.43312e-10	-0.0041537
3.4344e-10	-0.00416578
3.43568e-10	-0.00417787
3.43697e-10	-0.00418997
3.43825e-10	-0.00420207
3.43954e-10	-0.00421419
3.44082e-10	-0.00422631
3.4421e-10	-0.00423843
3.44339e-10	-0.00425057
3.44467e-10	-0.0042627
3.44596e-10	-0.00427485
3.44724e-10	-0.004287
3.44852e-10	-0.00429916
3.44981e-10	-0.00431133
3.45109e-10	-0.0043235
3.45238e-10	-0.00433568
3.45366e-10	-0.00434787
3.45495e-10	-0.00436006
3.45623e-10	-0.00437226
3.45751e-10	-0.00438447
3.4588e-10	-0.00439668
3.46008e-10	-0.00440889
3.46137e-10	-0.00442112
3.46265e-10	-0.00443335
3.46393e-10	-0.00444558
3.46522e-10	-0.00445783
3.4665e-10	-0.00447007
3.46779e-10	-0.00448233
3.46907e-10	-0.00449459
3.47035e-10	-0.00450685
3.47164e-10	-0.00451912
3.47292e-10	-0.0045314
3.47421e-10	-0.00454368
3.47549e-10	-0.00455597
3.47678e-10	-0.00456826
3.47806e-10	-0.00458056
3.47934e-10	-0.00459286
3.48063e-10	-0.00460517
3.48191e-10	-0.00461749
3.4832e-10	-0.00462981
3.48448e-10	-0.00464213
3.48576e-10	-0.00465446
3.48705e-10	-0.0046668
3.48833e-10	-0.00467914
3.48962e-10	-0.00469148
3.4909e-10	-0.00470383
3.49219e-10	-0.00471619
3.49347e-10	-0.00472855
3.49475e-10	-0.00474091
3.49604e-10	-0.00475328
3.49732e-10	-0.00476565
3.49861e-10	-0.00477803
3.49989e-10	-0.00479041
3.50117e-10	-0.0048028
3.50246e-10	-0.00481519
3.50374e-10	-0.00482759
3.50503e-10	-0.00483999
3.50631e-10	-0.00485239
3.50759e-10	-0.0048648
3.50888e-10	-0.00487721
3.51016e-10	-0.00488963
3.51145e-10	-0.00490205
3.51273e-10	-0.00491447
3.51402e-10	-0.0049269
3.5153e-10	-0.00493933
3.51658e-10	-0.00495177
3.51787e-10	-0.00496421
3.51915e-10	-0.00497665
3.52044e-10	-0.00498909
3.52172e-10	-0.00500154
3.523e-10	-0.005014
3.52429e-10	-0.00502645
3.52557e-10	-0.00503891
3.52686e-10	-0.00505138
3.52814e-10	-0.00506384
3.52942e-10	-0.00507631
3.53071e-10	-0.00508878
3.53199e-10	-0.00510126
3.53328e-10	-0.00511374
3.53456e-10	-0.00512622
3.53585e-10	-0.0051387
3.53713e-10	-0.00515119
3.53841e-10	-0.00516368
3.5397e-10	-0.00517617
3.54098e-10	-0.00518867
3.54227e-10	-0.00520116
3.54355e-10	-0.00521366
3.54483e-10	-0.00522617
3.54612e-10	-0.00523867
3.5474e-10	-0.00525118
3.54869e-10	-0.00526368
3.54997e-10	-0.00527619
3.55125e-10	-0.00528871
3.55254e-10	-0.00530122
3.55382e-10	-0.00531374
3.55511e-10	-0.00532626
3.55639e-10	-0.00533878
3.55768e-10	-0.0053513
3.55896e-10	-0.00536382
3.56024e-10	-0.00537635
3.56153e-10	-0.00538888
3.56281e-10	-0.0054014
3.5641e-10	-0.00541393
3.56538e-10	-0.00542647
3.56666e-10	-0.005439
3.56795e-10	-0.00545153
3.56923e-10	-0.00546407
3.57052e-10	-0.0054766
3.5718e-10	-0.00548914
3.57309e-10	-0.00550168
3.57437e-10	-0.00551422
3.57565e-10	-0.00552675
3.57694e-10	-0.00553929
3.57822e-10	-0.00555184
3.57951e-10	-0.00556438
3.58079e-10	-0.00557692
3.58207e-10	-0.00558946
3.58336e-10	-0.005602
3.58464e-10	-0.00561455
3.58593e-10	-0.00562709
3.58721e-10	-0.00563964
3.58849e-10	-0.00565218
3.58978e-10	-0.00566472
3.59106e-10	-0.00567727
3.59235e-10	-0.00568981
3.59363e-10	-0.00570235
3.59492e-10	-0.0057149
3.5962e-10	-0.00572744
3.59748e-10	-0.00573998
3.59877e-10	-0.00575253
3.60005e-10	-0.00576507
3.60134e-10	-0.00577761
3.60262e-10	-0.00579015
3.6039e-10	-0.00580269
3.60519e-10	-0.00581523
3.60647e-10	-0.00582777
3.60776e-10	-0.0058403
3.60904e-10	-0.00585284
3.61032e-10	-0.00586538
3.61161e-10	-0.00587791
3.61289e-10	-0.00589044
3.61418e-10	-0.00590298
3.61546e-10	-0.00591551
3.61675e-10	-0.00592804
3.61803e-10	-0.00594056
3.61931e-10	-0.00595309
3.6206e-10	-0.00596561
3.62188e-10	-0.00597814
3.62317e-10	-0.00599066
3.62445e-10	-0.00600318
3.62573e-10	-0.00601569
3.62702e-10	-0.00602821
3.6283e-10	-0.00604072
3.62959e-10	-0.00605323
3.63087e-10	-0.00606574
3.63215e-10	-0.00607825
3.63344e-10	-0.00609075
3.63472e-10	-0.00610325
3.63601e-10	-0.00611575
3.63729e-10	-0.00612825
3.63858e-10	-0.00614074
3.63986e-10	-0.00615323
3.64114e-10	-0.00616572
3.64243e-10	-0.00617821
3.64371e-10	-0.00619069
3.645e-10	-0.00620317
3.64628e-10	-0.00621565
3.64756e-10	-0.00622812
3.64885e-10	-0.00624059
3.65013e-10	-0.00625305
3.65142e-10	-0.00626552
3.6527e-10	-0.00627798
3.65399e-10	-0.00629043
3.65527e-10	-0.00630289
3.65655e-10	-0.00631533
3.65784e-10	-0.00632778
3.65912e-10	-0.00634022
3.66041e-10	-0.00635266
3.66169e-10	-0.00636509
3.66297e-10	-0.00637752
3.66426e-10	-0.00638994
3.66554e-10	-0.00640236
3.66683e-10	-0.00641478
3.66811e-10	-0.00642719
3.66939e-10	-0.0064396
3.67068e-10	-0.006452
3.67196e-10	-0.0064644
3.67325e-10	-0.00647679
3.67453e-10	-0.00648918
3.67582e-10	-0.00650156
3.6771e-10	-0.00651394
3.67838e-10	-0.00652632
3.67967e-10	-0.00653868
3.68095e-10	-0.00655105
3.68224e-10	-0.00656341
3.68352e-10	-0.00657576
3.6848e-10	-0.00658811
3.68609e-10	-0.00660045
3.68737e-10	-0.00661278
3.68866e-10	-0.00662511
3.68994e-10	-0.00663744
3.69122e-10	-0.00664976
3.69251e-10	-0.00666207
3.69379e-10	-0.00667438
3.69508e-10	-0.00668668
3.69636e-10	-0.00669897
3.69765e-10	-0.00671126
3.69893e-10	-0.00672354
3.70021e-10	-0.00673582
3.7015e-10	-0.00674808
3.70278e-10	-0.00676035
3.70407e-10	-0.0067726
3.70535e-10	-0.00678485
3.70663e-10	-0.00679709
3.70792e-10	-0.00680933
3.7092e-10	-0.00682156
3.71049e-10	-0.00683378
3.71177e-10	-0.00684599
3.71306e-10	-0.0068582
3.71434e-10	-0.0068704
3.71562e-10	-0.00688259
3.71691e-10	-0.00689477
3.71819e-10	-0.00690695
3.71948e-10	-0.00691912
3.72076e-10	-0.00693128
3.72204e-10	-0.00694343
3.72333e-10	-0.00695558
3.72461e-10	-0.00696772
3.7259e-10	-0.00697985
3.72718e-10	-0.00699197
3.72846e-10	-0.00700408
3.72975e-10	-0.00701618
3.73103e-10	-0.00702828
3.73232e-10	-0.00704037
3.7336e-10	-0.00705245
3.73489e-10	-0.00706452
3.73617e-10	-0.00707658
3.73745e-10	-0.00708863
3.73874e-10	-0.00710068
3.74002e-10	-0.00711271
3.74131e-10	-0.00712474
3.74259e-10	-0.00713675
3.74387e-10	-0.00714876
3.74516e-10	-0.00716076
3.74644e-10	-0.00717275
3.74773e-10	-0.00718473
3.74901e-10	-0.00719669
3.75029e-10	-0.00720865
3.75158e-10	-0.0072206
3.75286e-10	-0.00723254
3.75415e-10	-0.00724447
3.75543e-10	-0.00725639
3.75672e-10	-0.0072683
3.758e-10	-0.0072802
3.75928e-10	-0.00729209
3.76057e-10	-0.00730397
3.76185e-10	-0.00731583
3.76314e-10	-0.00732769
3.76442e-10	-0.00733954
3.7657e-10	-0.00735137
3.76699e-10	-0.0073632
3.76827e-10	-0.00737501
3.76956e-10	-0.00738682
3.77084e-10	-0.00739861
3.77212e-10	-0.00741039
3.77341e-10	-0.00742216
3.77469e-10	-0.00743391
3.77598e-10	-0.00744566
3.77726e-10	-0.00745739
3.77855e-10	-0.00746912
3.77983e-10	-0.00748083
3.78111e-10	-0.00749253
3.7824e-10	-0.00750421
3.78368e-10	-0.00751589
3.78497e-10	-0.00752755
3.78625e-10	-0.0075392
3.78753e-10	-0.00755084
3.78882e-10	-0.00756247
3.7901e-10	-0.00757408
3.79139e-10	-0.00758568
3.79267e-10	-0.00759727
3.79396e-10	-0.00760884
3.79524e-10	-0.00762041
3.79652e-10	-0.00763196
3.79781e-10	-0.00764349
3.79909e-10	-0.00765502
3.80038e-10	-0.00766652
3.80166e-10	-0.00767802
3.80294e-10	-0.0076895
3.80423e-10	-0.00770097
3.80551e-10	-0.00771243
3.8068e-10	-0.00772387
3.80808e-10	-0.0077353
3.80936e-10	-0.00774671
3.81065e-10	-0.00775811
3.81193e-10	-0.0077695
3.81322e-10	-0.00778087
3.8145e-10	-0.00779223
3.81579e-10	-0.00780357
3.81707e-10	-0.0078149
3.81835e-10	-0.00782622
3.81964e-10	-0.00783752
3.82092e-10	-0.0078488
3.82221e-10	-0.00786007
3.82349e-10	-0.00787133
3.82477e-10	-0.00788257
3.82606e-10	-0.00789379
3.82734e-10	-0.007905
3.82863e-10	-0.0079162
3.82991e-10	-0.00792737
3.83119e-10	-0.00793854
3.83248e-10	-0.00794968
3.83376e-10	-0.00796082
3.83505e-10	-0.00797193
3.83633e-10	-0.00798303
3.83762e-10	-0.00799412
3.8389e-10	-0.00800519
3.84018e-10	-0.00801624
3.84147e-10	-0.00802727
3.84275e-10	-0.00803829
3.84404e-10	-0.00804929
3.84532e-10	-0.00806028
3.8466e-10	-0.00807125
3.84789e-10	-0.0080822
3.84917e-10	-0.00809314
3.85046e-10	-0.00810405
3.85174e-10	-0.00811496
3.85302e-10	-0.00812584
3.85431e-10	-0.00813671
3.85559e-10	-0.00814756
3.85688e-10	-0.00815839
3.85816e-10	-0.0081692
3.85945e-10	-0.00818
3.86073e-10	-0.00819078
3.86201e-10	-0.00820154
3.8633e-10	-0.00821228
3.86458e-10	-0.00822301
3.86587e-10	-0.00823371
3.86715e-10	-0.0082444
3.86843e-10	-0.00825507
3.86972e-10	-0.00826573
3.871e-10	-0.00827636
3.87229e-10	-0.00828697
3.87357e-10	-0.00829757
3.87486e-10	-0.00830814
3.87614e-10	-0.0083187
3.87742e-10	-0.00832924
3.87871e-10	-0.00833976
3.87999e-10	-0.00835026
3.88128e-10	-0.00836074
3.88256e-10	-0.0083712
3.88384e-10	-0.00838164
3.88513e-10	-0.00839207
3.88641e-10	-0.00840247
3.8877e-10	-0.00841285
3.88898e-10	-0.00842321
3.89026e-10	-0.00843355
3.89155e-10	-0.00844388
3.89283e-10	-0.00845418
3.89412e-10	-0.00846446
3.8954e-10	-0.00847472
3.89669e-10	-0.00848496
3.89797e-10	-0.00849518
3.89925e-10	-0.00850538
3.90054e-10	-0.00851556
3.90182e-10	-0.00852571
3.90311e-10	-0.00853585
3.90439e-10	-0.00854596
3.90567e-10	-0.00855605
3.90696e-10	-0.00856613
3.90824e-10	-0.00857618
3.90953e-10	-0.0085862
3.91081e-10	-0.00859621
3.91209e-10	-0.0086062
3.91338e-10	-0.00861616
3.91466e-10	-0.0086261
3.91595e-10	-0.00863602
3.91723e-10	-0.00864591
3.91852e-10	-0.00865579
3.9198e-10	-0.00866564
3.92108e-10	-0.00867547
3.92237e-10	-0.00868527
3.92365e-10	-0.00869506
3.92494e-10	-0.00870482
3.92622e-10	-0.00871455
3.9275e-10	-0.00872427
3.92879e-10	-0.00873396
3.93007e-10	-0.00874363
3.93136e-10	-0.00875327
3.93264e-10	-0.00876289
3.93392e-10	-0.00877249
3.93521e-10	-0.00878206
3.93649e-10	-0.00879161
3.93778e-10	-0.00880114
3.93906e-10	-0.00881064
3.94035e-10	-0.00882012
3.94163e-10	-0.00882957
3.94291e-10	-0.008839
3.9442e-10	-0.0088484
3.94548e-10	-0.00885778
3.94677e-10	-0.00886714
3.94805e-10	-0.00887647
3.94933e-10	-0.00888577
3.95062e-10	-0.00889505
3.9519e-10	-0.00890431
3.95319e-10	-0.00891354
3.95447e-10	-0.00892274
3.95576e-10	-0.00893192
3.95704e-10	-0.00894107
3.95832e-10	-0.0089502
3.95961e-10	-0.0089593
3.96089e-10	-0.00896838
3.96218e-10	-0.00897743
3.96346e-10	-0.00898645
3.96474e-10	-0.00899545
3.96603e-10	-0.00900442
3.96731e-10	-0.00901337
3.9686e-10	-0.00902229
3.96988e-10	-0.00903118
3.97116e-10	-0.00904004
3.97245e-10	-0.00904888
3.97373e-10	-0.00905769
3.97502e-10	-0.00906648
3.9763e-10	-0.00907524
3.97759e-10	-0.00908397
3.97887e-10	-0.00909267
3.98015e-10	-0.00910134
3.98144e-10	-0.00910999
3.98272e-10	-0.00911861
3.98401e-10	-0.0091272
3.98529e-10	-0.00913577
3.98657e-10	-0.0091443
3.98786e-10	-0.00915281
3.98914e-10	-0.00916129
3.99043e-10	-0.00916974
3.99171e-10	-0.00917816
3.99299e-10	-0.00918655
3.99428e-10	-0.00919492
3.99556e-10	-0.00920326
3.99685e-10	-0.00921156
3.99813e-10	-0.00921984
3.99942e-10	-0.00922809
4.0007e-10	-0.00923631
4.00198e-10	-0.0092445
4.00327e-10	-0.00925266
4.00455e-10	-0.00926079
4.00584e-10	-0.0092689
4.00712e-10	-0.00927697
4.0084e-10	-0.00928501
4.00969e-10	-0.00929302
4.01097e-10	-0.009301
4.01226e-10	-0.00930895
4.01354e-10	-0.00931688
4.01482e-10	-0.00932477
4.01611e-10	-0.00933263
4.01739e-10	-0.00934046
4.01868e-10	-0.00934825
4.01996e-10	-0.00935602
4.02125e-10	-0.00936376
4.02253e-10	-0.00937146
4.02381e-10	-0.00937914
4.0251e-10	-0.00938678
4.02638e-10	-0.00939439
4.02767e-10	-0.00940197
4.02895e-10	-0.00940952
4.03023e-10	-0.00941704
4.03152e-10	-0.00942452
4.0328e-10	-0.00943197
4.03409e-10	-0.00943939
4.03537e-10	-0.00944678
4.03666e-10	-0.00945413
4.03794e-10	-0.00946146
4.03922e-10	-0.00946875
4.04051e-10	-0.009476
4.04179e-10	-0.00948323
4.04308e-10	-0.00949042
4.04436e-10	-0.00949758
4.04564e-10	-0.0095047
4.04693e-10	-0.0095118
4.04821e-10	-0.00951886
4.0495e-10	-0.00952588
4.05078e-10	-0.00953287
4.05206e-10	-0.00953983
4.05335e-10	-0.00954675
4.05463e-10	-0.00955364
4.05592e-10	-0.0095605
4.0572e-10	-0.00956732
4.05849e-10	-0.00957411
4.05977e-10	-0.00958086
4.06105e-10	-0.00958758
4.06234e-10	-0.00959426
4.06362e-10	-0.00960091
4.06491e-10	-0.00960752
4.06619e-10	-0.0096141
4.06747e-10	-0.00962065
4.06876e-10	-0.00962716
4.07004e-10	-0.00963363
4.07133e-10	-0.00964007
4.07261e-10	-0.00964647
4.07389e-10	-0.00965284
4.07518e-10	-0.00965917
4.07646e-10	-0.00966546
4.07775e-10	-0.00967172
4.07903e-10	-0.00967794
4.08032e-10	-0.00968413
4.0816e-10	-0.00969028
4.08288e-10	-0.00969639
4.08417e-10	-0.00970247
4.08545e-10	-0.00970851
4.08674e-10	-0.00971451
4.08802e-10	-0.00972048
4.0893e-10	-0.00972641
4.09059e-10	-0.0097323
4.09187e-10	-0.00973816
4.09316e-10	-0.00974397
4.09444e-10	-0.00974975
4.09573e-10	-0.0097555
4.09701e-10	-0.0097612
4.09829e-10	-0.00976687
4.09958e-10	-0.0097725
4.10086e-10	-0.00977809
4.10215e-10	-0.00978364
4.10343e-10	-0.00978915
4.10471e-10	-0.00979463
4.106e-10	-0.00980007
4.10728e-10	-0.00980547
4.10857e-10	-0.00981082
4.10985e-10	-0.00981615
4.11113e-10	-0.00982143
4.11242e-10	-0.00982667
4.1137e-10	-0.00983187
4.11499e-10	-0.00983704
4.11627e-10	-0.00984216
4.11756e-10	-0.00984725
4.11884e-10	-0.00985229
4.12012e-10	-0.0098573
4.12141e-10	-0.00986226
4.12269e-10	-0.00986719
4.12398e-10	-0.00987207
4.12526e-10	-0.00987692
4.12654e-10	-0.00988172
4.12783e-10	-0.00988648
4.12911e-10	-0.00989121
4.1304e-10	-0.00989589
4.13168e-10	-0.00990053
4.13296e-10	-0.00990513
4.13425e-10	-0.00990969
4.13553e-10	-0.00991421
4.13682e-10	-0.00991869
4.1381e-10	-0.00992312
4.13939e-10	-0.00992751
4.14067e-10	-0.00993187
4.14195e-10	-0.00993618
4.14324e-10	-0.00994045
4.14452e-10	-0.00994467
4.14581e-10	-0.00994886
4.14709e-10	-0.009953
4.14837e-10	-0.0099571
4.14966e-10	-0.00996115
4.15094e-10	-0.00996517
4.15223e-10	-0.00996914
4.15351e-10	-0.00997307
4.15479e-10	-0.00997696
4.15608e-10	-0.0099808
4.15736e-10	-0.0099846
4.15865e-10	-0.00998835
4.15993e-10	-0.00999207
4.16122e-10	-0.00999573
4.1625e-10	-0.00999936
4.16378e-10	-0.0100029
4.16507e-10	-0.0100065
4.16635e-10	-0.01001
4.16764e-10	-0.0100134
4.16892e-10	-0.0100168
4.1702e-10	-0.0100202
4.17149e-10	-0.0100235
4.17277e-10	-0.0100268
4.17406e-10	-0.01003
4.17534e-10	-0.0100332
4.17663e-10	-0.0100363
4.17791e-10	-0.0100394
4.17919e-10	-0.0100425
4.18048e-10	-0.0100455
4.18176e-10	-0.0100484
4.18305e-10	-0.0100513
4.18433e-10	-0.0100542
4.18561e-10	-0.010057
4.1869e-10	-0.0100598
4.18818e-10	-0.0100625
4.18947e-10	-0.0100652
4.19075e-10	-0.0100678
4.19203e-10	-0.0100704
4.19332e-10	-0.010073
4.1946e-10	-0.0100755
4.19589e-10	-0.0100779
4.19717e-10	-0.0100803
4.19846e-10	-0.0100827
4.19974e-10	-0.010085
4.20102e-10	-0.0100872
4.20231e-10	-0.0100894
4.20359e-10	-0.0100916
4.20488e-10	-0.0100937
4.20616e-10	-0.0100958
4.20744e-10	-0.0100978
4.20873e-10	-0.0100998
4.21001e-10	-0.0101017
4.2113e-10	-0.0101036
4.21258e-10	-0.0101054
4.21386e-10	-0.0101072
4.21515e-10	-0.010109
4.21643e-10	-0.0101106
4.21772e-10	-0.0101123
4.219e-10	-0.0101139
4.22029e-10	-0.0101154
4.22157e-10	-0.0101169
4.22285e-10	-0.0101183
4.22414e-10	-0.0101197
4.22542e-10	-0.0101211
4.22671e-10	-0.0101224
4.22799e-10	-0.0101236
4.22927e-10	-0.0101248
4.23056e-10	-0.0101259
4.23184e-10	-0.010127
4.23313e-10	-0.0101281
4.23441e-10	-0.0101291
4.23569e-10	-0.01013
4.23698e-10	-0.0101309
4.23826e-10	-0.0101317
4.23955e-10	-0.0101325
4.24083e-10	-0.0101333
4.24212e-10	-0.010134
4.2434e-10	-0.0101346
4.24468e-10	-0.0101352
4.24597e-10	-0.0101357
4.24725e-10	-0.0101362
4.24854e-10	-0.0101366
4.24982e-10	-0.010137
4.2511e-10	-0.0101374
4.25239e-10	-0.0101376
4.25367e-10	-0.0101379
4.25496e-10	-0.010138
4.25624e-10	-0.0101382
4.25753e-10	-0.0101382
4.25881e-10	-0.0101382
4.26009e-10	-0.0101382
4.26138e-10	-0.0101381
4.26266e-10	-0.010138
4.26395e-10	-0.0101378
4.26523e-10	-0.0101375
4.26651e-10	-0.0101372
4.2678e-10	-0.0101369
4.26908e-10	-0.0101365
4.27037e-10	-0.010136
4.27165e-10	-0.0101355
4.27293e-10	-0.0101349
4.27422e-10	-0.0101343
4.2755e-10	-0.0101336
4.27679e-10	-0.0101329
4.27807e-10	-0.0101321
4.27936e-10	-0.0101313
4.28064e-10	-0.0101304
4.28192e-10	-0.0101294
4.28321e-10	-0.0101284
4.28449e-10	-0.0101274
4.28578e-10	-0.0101263
4.28706e-10	-0.0101251
4.28834e-10	-0.0101239
4.28963e-10	-0.0101226
4.29091e-10	-0.0101213
4.2922e-10	-0.0101199
4.29348e-10	-0.0101185
4.29476e-10	-0.010117
4.29605e-10	-0.0101154
4.29733e-10	-0.0101138
4.29862e-10	-0.0101121
4.2999e-10	-0.0101104
4.30119e-10	-0.0101086
4.30247e-10	-0.0101068
4.30375e-10	-0.0101049
4.30504e-10	-0.010103
4.30632e-10	-0.010101
4.30761e-10	-0.0100989
4.30889e-10	-0.0100968
4.31017e-10	-0.0100946
4.31146e-10	-0.0100924
4.31274e-10	-0.0100901
4.31403e-10	-0.0100877
4.31531e-10	-0.0100853
4.31659e-10	-0.0100829
4.31788e-10	-0.0100804
4.31916e-10	-0.0100778
4.32045e-10	-0.0100751
4.32173e-10	-0.0100724
4.32302e-10	-0.0100697
4.3243e-10	-0.0100669
4.32558e-10	-0.010064
4.32687e-10	-0.0100611
4.32815e-10	-0.0100581
4.32944e-10	-0.0100551
4.33072e-10	-0.010052
4.332e-10	-0.0100488
4.33329e-10	-0.0100456
4.33457e-10	-0.0100423
4.33586e-10	-0.010039
4.33714e-10	-0.0100356
4.33843e-10	-0.0100321
4.33971e-10	-0.0100286
4.34099e-10	-0.010025
4.34228e-10	-0.0100214
4.34356e-10	-0.0100177
4.34485e-10	-0.0100139
4.34613e-10	-0.0100101
4.34741e-10	-0.0100062
4.3487e-10	-0.0100023
4.34998e-10	-0.00999829
4.35127e-10	-0.00999423
4.35255e-10	-0.00999012
4.35383e-10	-0.00998593
4.35512e-10	-0.00998169
4.3564e-10	-0.00997739
4.35769e-10	-0.00997303
4.35897e-10	-0.0099686
4.36026e-10	-0.00996412
4.36154e-10	-0.00995957
4.36282e-10	-0.00995496
4.36411e-10	-0.00995029
4.36539e-10	-0.00994556
4.36668e-10	-0.00994076
4.36796e-10	-0.00993591
4.36924e-10	-0.00993099
4.37053e-10	-0.00992601
4.37181e-10	-0.00992096
4.3731e-10	-0.00991586
4.37438e-10	-0.00991069
4.37566e-10	-0.00990546
4.37695e-10	-0.00990016
4.37823e-10	-0.00989481
4.37952e-10	-0.00988939
4.3808e-10	-0.0098839
4.38209e-10	-0.00987836
4.38337e-10	-0.00987275
4.38465e-10	-0.00986707
4.38594e-10	-0.00986134
4.38722e-10	-0.00985554
4.38851e-10	-0.00984967
4.38979e-10	-0.00984374
4.39107e-10	-0.00983775
4.39236e-10	-0.00983169
4.39364e-10	-0.00982558
4.39493e-10	-0.00981939
4.39621e-10	-0.00981314
4.3975e-10	-0.00980683
4.39878e-10	-0.00980045
4.40006e-10	-0.00979401
4.40135e-10	-0.0097875
4.40263e-10	-0.00978092
4.40392e-10	-0.00977429
4.4052e-10	-0.00976758
4.40648e-10	-0.00976081
4.40777e-10	-0.00975398
4.40905e-10	-0.00974708
4.41034e-10	-0.00974012
4.41162e-10	-0.00973308
4.4129e-10	-0.00972599
4.41419e-10	-0.00971883
4.41547e-10	-0.0097116
4.41676e-10	-0.0097043
4.41804e-10	-0.00969694
4.41933e-10	-0.00968951
4.42061e-10	-0.00968202
4.42189e-10	-0.00967446
4.42318e-10	-0.00966683
4.42446e-10	-0.00965914
4.42575e-10	-0.00965138
4.42703e-10	-0.00964355
4.42831e-10	-0.00963566
4.4296e-10	-0.00962769
4.43088e-10	-0.00961967
4.43217e-10	-0.00961157
4.43345e-10	-0.00960341
4.43473e-10	-0.00959517
4.43602e-10	-0.00958687
4.4373e-10	-0.00957851
4.43859e-10	-0.00957007
4.43987e-10	-0.00956157
4.44116e-10	-0.009553
4.44244e-10	-0.00954436
4.44372e-10	-0.00953565
4.44501e-10	-0.00952688
4.44629e-10	-0.00951803
4.44758e-10	-0.00950912
4.44886e-10	-0.00950014
4.45014e-10	-0.00949109
4.45143e-10	-0.00948197
4.45271e-10	-0.00947278
4.454e-10	-0.00946352
4.45528e-10	-0.00945419
4.45656e-10	-0.0094448
4.45785e-10	-0.00943533
4.45913e-10	-0.0094258
4.46042e-10	-0.00941619
4.4617e-10	-0.00940652
4.46299e-10	-0.00939677
4.46427e-10	-0.00938696
4.46555e-10	-0.00937707
4.46684e-10	-0.00936712
4.46812e-10	-0.0093571
4.46941e-10	-0.009347
4.47069e-10	-0.00933683
4.47197e-10	-0.0093266
4.47326e-10	-0.00931629
4.47454e-10	-0.00930592
4.47583e-10	-0.00929547
4.47711e-10	-0.00928495
4.4784e-10	-0.00927436
4.47968e-10	-0.0092637
4.48096e-10	-0.00925297
4.48225e-10	-0.00924216
4.48353e-10	-0.00923129
4.48482e-10	-0.00922034
4.4861e-10	-0.00920932
4.48738e-10	-0.00919823
4.48867e-10	-0.00918707
4.48995e-10	-0.00917584
4.49124e-10	-0.00916453
4.49252e-10	-0.00915316
4.4938e-10	-0.00914171
4.49509e-10	-0.00913019
4.49637e-10	-0.00911859
4.49766e-10	-0.00910693
4.49894e-10	-0.00909519
4.50023e-10	-0.00908338
4.50151e-10	-0.00907149
4.50279e-10	-0.00905953
4.50408e-10	-0.0090475
4.50536e-10	-0.0090354
4.50665e-10	-0.00902322
4.50793e-10	-0.00901098
4.50921e-10	-0.00899865
4.5105e-10	-0.00898626
4.51178e-10	-0.00897379
4.51307e-10	-0.00896124
4.51435e-10	-0.00894863
4.51563e-10	-0.00893594
4.51692e-10	-0.00892317
4.5182e-10	-0.00891033
4.51949e-10	-0.00889742
4.52077e-10	-0.00888444
4.52206e-10	-0.00887138
4.52334e-10	-0.00885824
4.52462e-10	-0.00884503
4.52591e-10	-0.00883175
4.52719e-10	-0.00881839
4.52848e-10	-0.00880496
4.52976e-10	-0.00879145
4.53104e-10	-0.00877787
4.53233e-10	-0.00876421
4.53361e-10	-0.00875048
4.5349e-10	-0.00873667
4.53618e-10	-0.00872279
4.53746e-10	-0.00870883
4.53875e-10	-0.0086948
4.54003e-10	-0.00868069
4.54132e-10	-0.0086665
4.5426e-10	-0.00865224
4.54389e-10	-0.00863791
4.54517e-10	-0.0086235
4.54645e-10	-0.00860901
4.54774e-10	-0.00859444
4.54902e-10	-0.00857981
4.55031e-10	-0.00856509
4.55159e-10	-0.0085503
4.55287e-10	-0.00853543
4.55416e-10	-0.00852049
4.55544e-10	-0.00850547
4.55673e-10	-0.00849037
4.55801e-10	-0.00847519
4.5593e-10	-0.00845994
4.56058e-10	-0.00844461
4.56186e-10	-0.00842921
4.56315e-10	-0.00841373
4.56443e-10	-0.00839817
4.56572e-10	-0.00838253
4.567e-10	-0.00836682
4.56828e-10	-0.00835103
4.56957e-10	-0.00833516
4.57085e-10	-0.00831922
4.57214e-10	-0.0083032
4.57342e-10	-0.00828709
4.5747e-10	-0.00827092
4.57599e-10	-0.00825466
4.57727e-10	-0.00823833
4.57856e-10	-0.00822191
4.57984e-10	-0.00820542
4.58113e-10	-0.00818886
4.58241e-10	-0.00817221
4.58369e-10	-0.00815549
4.58498e-10	-0.00813868
4.58626e-10	-0.0081218
4.58755e-10	-0.00810484
4.58883e-10	-0.0080878
4.59011e-10	-0.00807069
4.5914e-10	-0.00805349
4.59268e-10	-0.00803622
4.59397e-10	-0.00801886
4.59525e-10	-0.00800143
4.59653e-10	-0.00798392
4.59782e-10	-0.00796633
4.5991e-10	-0.00794866
4.60039e-10	-0.00793091
4.60167e-10	-0.00791308
4.60296e-10	-0.00789517
4.60424e-10	-0.00787718
4.60552e-10	-0.00785911
4.60681e-10	-0.00784097
4.60809e-10	-0.00782274
4.60938e-10	-0.00780443
4.61066e-10	-0.00778605
4.61194e-10	-0.00776758
4.61323e-10	-0.00774903
4.61451e-10	-0.00773041
4.6158e-10	-0.0077117
4.61708e-10	-0.00769291
4.61836e-10	-0.00767405
4.61965e-10	-0.0076551
4.62093e-10	-0.00763607
4.62222e-10	-0.00761696
4.6235e-10	-0.00759777
4.62479e-10	-0.0075785
4.62607e-10	-0.00755915
4.62735e-10	-0.00753972
4.62864e-10	-0.00752021
4.62992e-10	-0.00750061
4.63121e-10	-0.00748094
4.63249e-10	-0.00746118
4.63377e-10	-0.00744134
4.63506e-10	-0.00742143
4.63634e-10	-0.00740143
4.63763e-10	-0.00738135
4.63891e-10	-0.00736118
4.6402e-10	-0.00734094
4.64148e-10	-0.00732061
4.64276e-10	-0.00730021
4.64405e-10	-0.00727972
4.64533e-10	-0.00725915
4.64662e-10	-0.00723849
4.6479e-10	-0.00721776
4.64918e-10	-0.00719694
4.65047e-10	-0.00717605
4.65175e-10	-0.00715506
4.65304e-10	-0.007134
4.65432e-10	-0.00711286
4.6556e-10	-0.00709163
4.65689e-10	-0.00707032
4.65817e-10	-0.00704893
4.65946e-10	-0.00702745
4.66074e-10	-0.0070059
4.66203e-10	-0.00698426
4.66331e-10	-0.00696253
4.66459e-10	-0.00694073
4.66588e-10	-0.00691884
4.66716e-10	-0.00689687
4.66845e-10	-0.00687482
4.66973e-10	-0.00685268
4.67101e-10	-0.00683046
4.6723e-10	-0.00680816
4.67358e-10	-0.00678577
4.67487e-10	-0.0067633
4.67615e-10	-0.00674075
4.67743e-10	-0.00671811
4.67872e-10	-0.0066954
4.68e-10	-0.00667259
4.68129e-10	-0.00664971
4.68257e-10	-0.00662674
4.68386e-10	-0.00660368
4.68514e-10	-0.00658055
4.68642e-10	-0.00655733
4.68771e-10	-0.00653402
4.68899e-10	-0.00651063
4.69028e-10	-0.00648716
4.69156e-10	-0.00646361
4.69284e-10	-0.00643997
4.69413e-10	-0.00641624
4.69541e-10	-0.00639243
4.6967e-10	-0.00636854
4.69798e-10	-0.00634456
4.69927e-10	-0.0063205
4.70055e-10	-0.00629636
4.70183e-10	-0.00627213
4.70312e-10	-0.00624782
4.7044e-10	-0.00622342
4.70569e-10	-0.00619893
4.70697e-10	-0.00617437
4.70825e-10	-0.00614971
4.70954e-10	-0.00612498
4.71082e-10	-0.00610016
4.71211e-10	-0.00607525
4.71339e-10	-0.00605026
4.71467e-10	-0.00602518
4.71596e-10	-0.00600002
4.71724e-10	-0.00597478
4.71853e-10	-0.00594945
4.71981e-10	-0.00592403
4.7211e-10	-0.00589853
4.72238e-10	-0.00587294
4.72366e-10	-0.00584727
4.72495e-10	-0.00582151
4.72623e-10	-0.00579567
4.72752e-10	-0.00576975
4.7288e-10	-0.00574373
4.73008e-10	-0.00571764
4.73137e-10	-0.00569145
4.73265e-10	-0.00566518
4.73394e-10	-0.00563883
4.73522e-10	-0.00561239
4.7365e-10	-0.00558586
4.73779e-10	-0.00555925
4.73907e-10	-0.00553256
4.74036e-10	-0.00550577
4.74164e-10	-0.0054789
4.74293e-10	-0.00545195
4.74421e-10	-0.00542491
4.74549e-10	-0.00539778
4.74678e-10	-0.00537057
4.74806e-10	-0.00534327
4.74935e-10	-0.00531589
4.75063e-10	-0.00528842
4.75191e-10	-0.00526086
4.7532e-10	-0.00523322
4.75448e-10	-0.00520549
4.75577e-10	-0.00517768
4.75705e-10	-0.00514978
4.75833e-10	-0.00512179
4.75962e-10	-0.00509372
4.7609e-10	-0.00506556
4.76219e-10	-0.00503731
4.76347e-10	-0.00500898
4.76476e-10	-0.00498056
4.76604e-10	-0.00495205
4.76732e-10	-0.00492346
4.76861e-10	-0.00489478
4.76989e-10	-0.00486602
4.77118e-10	-0.00483717
4.77246e-10	-0.00480823
4.77374e-10	-0.0047792
4.77503e-10	-0.00475009
4.77631e-10	-0.00472089
4.7776e-10	-0.00469161
4.77888e-10	-0.00466224
4.78017e-10	-0.00463278
4.78145e-10	-0.00460323
4.78273e-10	-0.0045736
4.78402e-10	-0.00454388
4.7853e-10	-0.00451407
4.78659e-10	-0.00448418
4.78787e-10	-0.0044542
4.78915e-10	-0.00442413
4.79044e-10	-0.00439398
4.79172e-10	-0.00436374
4.79301e-10	-0.00433341
4.79429e-10	-0.00430299
4.79557e-10	-0.00427249
4.79686e-10	-0.0042419
4.79814e-10	-0.00421122
4.79943e-10	-0.00418046
4.80071e-10	-0.00414961
4.802e-10	-0.00411867
4.80328e-10	-0.00408765
4.80456e-10	-0.00405653
4.80585e-10	-0.00402533
4.80713e-10	-0.00399404
4.80842e-10	-0.00396267
4.8097e-10	-0.00393121
4.81098e-10	-0.00389966
4.81227e-10	-0.00386802
4.81355e-10	-0.0038363
4.81484e-10	-0.00380448
4.81612e-10	-0.00377259
4.8174e-10	-0.0037406
4.81869e-10	-0.00370852
4.81997e-10	-0.00367636
4.82126e-10	-0.00364411
4.82254e-10	-0.00361178
4.82383e-10	-0.00357935
4.82511e-10	-0.00354684
4.82639e-10	-0.00351424
4.82768e-10	-0.00348156
4.82896e-10	-0.00344878
4.83025e-10	-0.00341592
4.83153e-10	-0.00338297
4.83281e-10	-0.00334993
4.8341e-10	-0.00331681
4.83538e-10	-0.0032836
4.83667e-10	-0.0032503
4.83795e-10	-0.00321691
4.83923e-10	-0.00318343
4.84052e-10	-0.00314987
4.8418e-10	-0.00311622
4.84309e-10	-0.00308248
4.84437e-10	-0.00304865
4.84566e-10	-0.00301474
4.84694e-10	-0.00298074
4.84822e-10	-0.00294665
4.84951e-10	-0.00291247
4.85079e-10	-0.00287821
4.85208e-10	-0.00284386
4.85336e-10	-0.00280942
4.85464e-10	-0.00277489
4.85593e-10	-0.00274027
4.85721e-10	-0.00270557
4.8585e-10	-0.00267078
4.85978e-10	-0.0026359
4.86107e-10	-0.00260093
4.86235e-10	-0.00256588
4.86363e-10	-0.00253074
4.86492e-10	-0.00249551
4.8662e-10	-0.00246019
4.86749e-10	-0.00242479
4.86877e-10	-0.00238929
4.87005e-10	-0.00235371
4.87134e-10	-0.00231805
4.87262e-10	-0.00228229
4.87391e-10	-0.00224645
4.87519e-10	-0.00221051
4.87647e-10	-0.0021745
4.87776e-10	-0.00213839
4.87904e-10	-0.00210219
4.88033e-10	-0.00206591
4.88161e-10	-0.00202954
4.8829e-10	-0.00199309
4.88418e-10	-0.00195654
4.88546e-10	-0.00191991
4.88675e-10	-0.00188319
4.88803e-10	-0.00184638
4.88932e-10	-0.00180948
4.8906e-10	-0.0017725
4.89188e-10	-0.00173543
4.89317e-10	-0.00169827
4.89445e-10	-0.00166102
4.89574e-10	-0.00162369
4.89702e-10	-0.00158627
4.8983e-10	-0.00154876
4.89959e-10	-0.00151117
4.90087e-10	-0.00147348
4.90216e-10	-0.00143571
4.90344e-10	-0.00139785
4.90473e-10	-0.00135991
4.90601e-10	-0.00132187
4.90729e-10	-0.00128375
4.90858e-10	-0.00124554
4.90986e-10	-0.00120725
4.91115e-10	-0.00116886
4.91243e-10	-0.00113039
4.91371e-10	-0.00109183
4.915e-10	-0.00105319
4.91628e-10	-0.00101446
4.91757e-10	-0.000975637
4.91885e-10	-0.000936729
4.92013e-10	-0.000897735
4.92142e-10	-0.000858653
4.9227e-10	-0.000819485
4.92399e-10	-0.000780229
4.92527e-10	-0.000740886
4.92656e-10	-0.000701455
4.92784e-10	-0.000661938
4.92912e-10	-0.000622334
4.93041e-10	-0.000582642
4.93169e-10	-0.000542864
4.93298e-10	-0.000502998
4.93426e-10	-0.000463046
4.93554e-10	-0.000423006
4.93683e-10	-0.00038288
4.93811e-10	-0.000342667
4.9394e-10	-0.000302367
4.94068e-10	-0.00026198
4.94197e-10	-0.000221507
4.94325e-10	-0.000180946
4.94453e-10	-0.000140299
4.94582e-10	-9.95653e-05
4.9471e-10	-5.87449e-05
4.94839e-10	-1.78378e-05
4.94967e-10	2.31559e-05
4.95095e-10	6.42361e-05
4.95224e-10	0.000105403
4.95352e-10	0.000146656
4.95481e-10	0.000187996
4.95609e-10	0.000229422
4.95737e-10	0.000270934
4.95866e-10	0.000312533
4.95994e-10	0.000354218
4.96123e-10	0.00039599
4.96251e-10	0.000437848
4.9638e-10	0.000479791
4.96508e-10	0.000521821
4.96636e-10	0.000563937
4.96765e-10	0.00060614
4.96893e-10	0.000648428
4.97022e-10	0.000690802
4.9715e-10	0.000733262
4.97278e-10	0.000775808
4.97407e-10	0.00081844
4.97535e-10	0.000861157
4.97664e-10	0.000903961
4.97792e-10	0.00094685
4.9792e-10	0.000989825
4.98049e-10	0.00103289
4.98177e-10	0.00107603
4.98306e-10	0.00111926
4.98434e-10	0.00116258
4.98563e-10	0.00120598
4.98691e-10	0.00124947
4.98819e-10	0.00129304
4.98948e-10	0.0013367
4.99076e-10	0.00138044
4.99205e-10	0.00142427
4.99333e-10	0.00146819
4.99461e-10	0.00151219
4.9959e-10	0.00155627
4.99718e-10	0.00160044
4.99847e-10	0.00164469
4.99975e-10	0.00168903
5.00104e-10	0.00173346
5.00232e-10	0.00177796
5.0036e-10	0.00182256
5.00489e-10	0.00186723
5.00617e-10	0.001912
5.00746e-10	0.00195684
5.00874e-10	0.00200177
5.01002e-10	0.00204679
5.01131e-10	0.00209189
5.01259e-10	0.00213707
5.01388e-10	0.00218234
5.01516e-10	0.00222769
5.01644e-10	0.00227313
5.01773e-10	0.00231865
5.01901e-10	0.00236426
5.0203e-10	0.00240994
5.02158e-10	0.00245572
5.02287e-10	0.00250157
5.02415e-10	0.00254751
5.02543e-10	0.00259354
5.02672e-10	0.00263964
5.028e-10	0.00268583
5.02929e-10	0.00273211
5.03057e-10	0.00277846
5.03185e-10	0.0028249
5.03314e-10	0.00287143
5.03442e-10	0.00291803
5.03571e-10	0.00296472
5.03699e-10	0.0030115
5.03827e-10	0.00305835
5.03956e-10	0.00310529
5.04084e-10	0.00315231
5.04213e-10	0.00319942
5.04341e-10	0.0032466
5.0447e-10	0.00329387
5.04598e-10	0.00334123
5.04726e-10	0.00338866
5.04855e-10	0.00343618
5.04983e-10	0.00348378
5.05112e-10	0.00353146
5.0524e-10	0.00357922
5.05368e-10	0.00362707
5.05497e-10	0.00367499
5.05625e-10	0.003723
5.05754e-10	0.00377109
5.05882e-10	0.00381926
5.0601e-10	0.00386752
5.06139e-10	0.00391585
5.06267e-10	0.00396427
5.06396e-10	0.00401277
5.06524e-10	0.00406135
5.06653e-10	0.00411001
5.06781e-10	0.00415875
5.06909e-10	0.00420758
5.07038e-10	0.00425648
5.07166e-10	0.00430546
5.07295e-10	0.00435453
5.07423e-10	0.00440368
5.07551e-10	0.0044529
5.0768e-10	0.00450221
5.07808e-10	0.0045516
5.07937e-10	0.00460107
5.08065e-10	0.00465061
5.08194e-10	0.00470024
5.08322e-10	0.00474995
5.0845e-10	0.00479974
5.08579e-10	0.00484961
5.08707e-10	0.00489955
5.08836e-10	0.00494958
5.08964e-10	0.00499969
5.09092e-10	0.00504988
5.09221e-10	0.00510014
5.09349e-10	0.00515049
5.09478e-10	0.00520091
5.09606e-10	0.00525141
5.09734e-10	0.005302
5.09863e-10	0.00535266
5.09991e-10	0.0054034
5.1012e-10	0.00545422
5.10248e-10	0.00550511
5.10377e-10	0.00555609
5.10505e-10	0.00560714
5.10633e-10	0.00565827
5.10762e-10	0.00570948
5.1089e-10	0.00576077
5.11019e-10	0.00581214
5.11147e-10	0.00586358
5.11275e-10	0.0059151
5.11404e-10	0.0059667
5.11532e-10	0.00601838
5.11661e-10	0.00607014
5.11789e-10	0.00612197
5.11917e-10	0.00617388
5.12046e-10	0.00622586
5.12174e-10	0.00627792
5.12303e-10	0.00633006
5.12431e-10	0.00638228
5.1256e-10	0.00643457
5.12688e-10	0.00648694
5.12816e-10	0.00653939
5.12945e-10	0.00659191
5.13073e-10	0.00664451
5.13202e-10	0.00669718
5.1333e-10	0.00674993
5.13458e-10	0.00680276
5.13587e-10	0.00685566
5.13715e-10	0.00690864
5.13844e-10	0.00696169
5.13972e-10	0.00701482
5.141e-10	0.00706802
5.14229e-10	0.0071213
5.14357e-10	0.00717465
5.14486e-10	0.00722808
5.14614e-10	0.00728158
5.14743e-10	0.00733516
5.14871e-10	0.00738881
5.14999e-10	0.00744254
5.15128e-10	0.00749634
5.15256e-10	0.00755021
5.15385e-10	0.00760416
5.15513e-10	0.00765818
5.15641e-10	0.00771227
5.1577e-10	0.00776644
5.15898e-10	0.00782069
5.16027e-10	0.007875
5.16155e-10	0.00792939
5.16284e-10	0.00798385
5.16412e-10	0.00803839
5.1654e-10	0.008093
5.16669e-10	0.00814768
5.16797e-10	0.00820243
5.16926e-10	0.00825725
5.17054e-10	0.00831215
5.17182e-10	0.00836712
5.17311e-10	0.00842216
5.17439e-10	0.00847728
5.17568e-10	0.00853246
5.17696e-10	0.00858772
5.17824e-10	0.00864304
5.17953e-10	0.00869844
5.18081e-10	0.00875391
5.1821e-10	0.00880945
5.18338e-10	0.00886507
5.18467e-10	0.00892075
5.18595e-10	0.0089765
5.18723e-10	0.00903233
5.18852e-10	0.00908822
5.1898e-10	0.00914418
5.19109e-10	0.00920022
5.19237e-10	0.00925632
5.19365e-10	0.00931249
5.19494e-10	0.00936874
5.19622e-10	0.00942505
5.19751e-10	0.00948143
5.19879e-10	0.00953788
5.20007e-10	0.0095944
5.20136e-10	0.00965099
5.20264e-10	0.00970764
5.20393e-10	0.00976437
5.20521e-10	0.00982116
5.2065e-10	0.00987803
5.20778e-10	0.00993495
5.20906e-10	0.00999195
5.21035e-10	0.010049
5.21163e-10	0.0101062
5.21292e-10	0.0101634
5.2142e-10	0.0102206
5.21548e-10	0.010278
5.21677e-10	0.0103354
5.21805e-10	0.0103928
5.21934e-10	0.0104504
5.22062e-10	0.010508
5.2219e-10	0.0105656
5.22319e-10	0.0106234
5.22447e-10	0.0106812
5.22576e-10	0.010739
5.22704e-10	0.0107969
5.22833e-10	0.0108549
5.22961e-10	0.010913
5.23089e-10	0.0109711
5.23218e-10	0.0110293
5.23346e-10	0.0110876
5.23475e-10	0.0111459
5.23603e-10	0.0112043
5.23731e-10	0.0112627
5.2386e-10	0.0113212
5.23988e-10	0.0113798
5.24117e-10	0.0114385
5.24245e-10	0.0114972
5.24374e-10	0.0115559
5.24502e-10	0.0116148
5.2463e-10	0.0116737
5.24759e-10	0.0117326
5.24887e-10	0.0117916
5.25016e-10	0.0118507
5.25144e-10	0.0119099
5.25272e-10	0.0119691
5.25401e-10	0.0120283
5.25529e-10	0.0120877
5.25658e-10	0.0121471
5.25786e-10	0.0122065
5.25914e-10	0.012266
5.26043e-10	0.0123256
5.26171e-10	0.0123852
5.263e-10	0.0124449
5.26428e-10	0.0125047
5.26557e-10	0.0125645
5.26685e-10	0.0126244
5.26813e-10	0.0126843
5.26942e-10	0.0127443
5.2707e-10	0.0128044
5.27199e-10	0.0128645
5.27327e-10	0.0129247
5.27455e-10	0.0129849
5.27584e-10	0.0130452
5.27712e-10	0.0131056
5.27841e-10	0.013166
5.27969e-10	0.0132264
5.28097e-10	0.013287
5.28226e-10	0.0133475
5.28354e-10	0.0134082
5.28483e-10	0.0134689
5.28611e-10	0.0135296
5.2874e-10	0.0135905
5.28868e-10	0.0136513
5.28996e-10	0.0137123
5.29125e-10	0.0137732
5.29253e-10	0.0138343
5.29382e-10	0.0138954
5.2951e-10	0.0139565
5.29638e-10	0.0140177
5.29767e-10	0.014079
5.29895e-10	0.0141403
5.30024e-10	0.0142017
5.30152e-10	0.0142631
5.3028e-10	0.0143246
5.30409e-10	0.0143861
5.30537e-10	0.0144477
5.30666e-10	0.0145094
5.30794e-10	0.0145711
5.30923e-10	0.0146328
5.31051e-10	0.0146946
5.31179e-10	0.0147565
5.31308e-10	0.0148184
5.31436e-10	0.0148804
5.31565e-10	0.0149424
5.31693e-10	0.0150045
5.31821e-10	0.0150666
5.3195e-10	0.0151288
5.32078e-10	0.015191
5.32207e-10	0.0152533
5.32335e-10	0.0153156
5.32464e-10	0.015378
5.32592e-10	0.0154404
5.3272e-10	0.0155029
5.32849e-10	0.0155654
5.32977e-10	0.015628
5.33106e-10	0.0156906
5.33234e-10	0.0157533
5.33362e-10	0.0158161
5.33491e-10	0.0158788
5.33619e-10	0.0159417
5.33748e-10	0.0160045
5.33876e-10	0.0160675
5.34004e-10	0.0161304
5.34133e-10	0.0161935
5.34261e-10	0.0162565
5.3439e-10	0.0163197
5.34518e-10	0.0163828
5.34647e-10	0.016446
5.34775e-10	0.0165093
5.34903e-10	0.0165726
5.35032e-10	0.016636
5.3516e-10	0.0166994
5.35289e-10	0.0167628
5.35417e-10	0.0168263
5.35545e-10	0.0168899
5.35674e-10	0.0169534
5.35802e-10	0.0170171
5.35931e-10	0.0170807
5.36059e-10	0.0171445
5.36187e-10	0.0172082
5.36316e-10	0.017272
5.36444e-10	0.0173359
5.36573e-10	0.0173998
5.36701e-10	0.0174637
5.3683e-10	0.0175277
5.36958e-10	0.0175917
5.37086e-10	0.0176558
5.37215e-10	0.0177199
5.37343e-10	0.0177841
5.37472e-10	0.0178483
5.376e-10	0.0179125
5.37728e-10	0.0179768
5.37857e-10	0.0180411
5.37985e-10	0.0181055
5.38114e-10	0.0181699
5.38242e-10	0.0182343
5.38371e-10	0.0182988
5.38499e-10	0.0183633
5.38627e-10	0.0184279
5.38756e-10	0.0184925
5.38884e-10	0.0185571
5.39013e-10	0.0186218
5.39141e-10	0.0186865
5.39269e-10	0.0187513
5.39398e-10	0.0188161
5.39526e-10	0.0188809
5.39655e-10	0.0189458
5.39783e-10	0.0190107
5.39911e-10	0.0190756
5.4004e-10	0.0191406
5.40168e-10	0.0192056
5.40297e-10	0.0192707
5.40425e-10	0.0193358
5.40554e-10	0.0194009
5.40682e-10	0.0194661
5.4081e-10	0.0195313
5.40939e-10	0.0195965
5.41067e-10	0.0196618
5.41196e-10	0.0197271
5.41324e-10	0.0197925
5.41452e-10	0.0198578
5.41581e-10	0.0199232
5.41709e-10	0.0199887
5.41838e-10	0.0200542
5.41966e-10	0.0201197
5.42094e-10	0.0201852
5.42223e-10	0.0202508
5.42351e-10	0.0203164
5.4248e-10	0.020382
5.42608e-10	0.0204477
5.42737e-10	0.0205134
5.42865e-10	0.0205791
5.42993e-10	0.0206449
5.43122e-10	0.0207107
5.4325e-10	0.0207765
5.43379e-10	0.0208424
5.43507e-10	0.0209083
5.43635e-10	0.0209742
5.43764e-10	0.0210401
5.43892e-10	0.0211061
5.44021e-10	0.0211721
5.44149e-10	0.0212381
5.44277e-10	0.0213042
5.44406e-10	0.0213703
5.44534e-10	0.0214364
5.44663e-10	0.0215025
5.44791e-10	0.0215687
5.4492e-10	0.0216349
5.45048e-10	0.0217011
5.45176e-10	0.0217674
5.45305e-10	0.0218337
5.45433e-10	0.0219
5.45562e-10	0.0219663
5.4569e-10	0.0220326
5.45818e-10	0.022099
5.45947e-10	0.0221654
5.46075e-10	0.0222318
5.46204e-10	0.0222983
5.46332e-10	0.0223648
5.46461e-10	0.0224312
5.46589e-10	0.0224978
5.46717e-10	0.0225643
5.46846e-10	0.0226309
5.46974e-10	0.0226975
5.47103e-10	0.0227641
5.47231e-10	0.0228307
5.47359e-10	0.0228973
5.47488e-10	0.022964
5.47616e-10	0.0230307
5.47745e-10	0.0230974
5.47873e-10	0.0231642
5.48001e-10	0.0232309
5.4813e-10	0.0232977
5.48258e-10	0.0233645
5.48387e-10	0.0234313
5.48515e-10	0.0234981
5.48644e-10	0.023565
5.48772e-10	0.0236318
5.489e-10	0.0236987
5.49029e-10	0.0237656
5.49157e-10	0.0238325
5.49286e-10	0.0238995
5.49414e-10	0.0239664
5.49542e-10	0.0240334
5.49671e-10	0.0241004
5.49799e-10	0.0241674
5.49928e-10	0.0242344
5.50056e-10	0.0243014
5.50184e-10	0.0243684
5.50313e-10	0.0244355
5.50441e-10	0.0245026
5.5057e-10	0.0245697
5.50698e-10	0.0246368
5.50827e-10	0.0247039
5.50955e-10	0.024771
5.51083e-10	0.0248381
5.51212e-10	0.0249053
5.5134e-10	0.0249724
5.51469e-10	0.0250396
5.51597e-10	0.0251068
5.51725e-10	0.025174
5.51854e-10	0.0252412
5.51982e-10	0.0253084
5.52111e-10	0.0253756
5.52239e-10	0.0254429
5.52367e-10	0.0255101
5.52496e-10	0.0255774
5.52624e-10	0.0256446
5.52753e-10	0.0257119
5.52881e-10	0.0257792
5.5301e-10	0.0258464
5.53138e-10	0.0259137
5.53266e-10	0.025981
5.53395e-10	0.0260483
5.53523e-10	0.0261157
5.53652e-10	0.026183
5.5378e-10	0.0262503
5.53908e-10	0.0263176
5.54037e-10	0.026385
5.54165e-10	0.0264523
5.54294e-10	0.0265196
5.54422e-10	0.026587
5.54551e-10	0.0266543
5.54679e-10	0.0267217
5.54807e-10	0.0267891
5.54936e-10	0.0268564
5.55064e-10	0.0269238
5.55193e-10	0.0269911
5.55321e-10	0.0270585
5.55449e-10	0.0271259
5.55578e-10	0.0271932
5.55706e-10	0.0272606
5.55835e-10	0.027328
5.55963e-10	0.0273953
5.56091e-10	0.0274627
5.5622e-10	0.0275301
5.56348e-10	0.0275974
5.56477e-10	0.0276648
5.56605e-10	0.0277322
5.56734e-10	0.0277995
5.56862e-10	0.0278669
5.5699e-10	0.0279343
5.57119e-10	0.0280016
5.57247e-10	0.028069
5.57376e-10	0.0281363
5.57504e-10	0.0282036
5.57632e-10	0.028271
5.57761e-10	0.0283383
5.57889e-10	0.0284056
5.58018e-10	0.028473
5.58146e-10	0.0285403
5.58274e-10	0.0286076
5.58403e-10	0.0286749
5.58531e-10	0.0287422
5.5866e-10	0.0288095
5.58788e-10	0.0288768
5.58917e-10	0.028944
5.59045e-10	0.0290113
5.59173e-10	0.0290786
5.59302e-10	0.0291458
5.5943e-10	0.029213
5.59559e-10	0.0292803
5.59687e-10	0.0293475
5.59815e-10	0.0294147
5.59944e-10	0.0294819
5.60072e-10	0.0295491
5.60201e-10	0.0296163
5.60329e-10	0.0296834
5.60457e-10	0.0297506
5.60586e-10	0.0298177
5.60714e-10	0.0298848
5.60843e-10	0.0299519
5.60971e-10	0.030019
5.611e-10	0.0300861
5.61228e-10	0.0301532
5.61356e-10	0.0302202
5.61485e-10	0.0302873
5.61613e-10	0.0303543
5.61742e-10	0.0304213
5.6187e-10	0.0304883
5.61998e-10	0.0305553
5.62127e-10	0.0306222
5.62255e-10	0.0306892
5.62384e-10	0.0307561
5.62512e-10	0.030823
5.62641e-10	0.0308899
5.62769e-10	0.0309567
5.62897e-10	0.0310236
5.63026e-10	0.0310904
5.63154e-10	0.0311572
5.63283e-10	0.031224
5.63411e-10	0.0312908
5.63539e-10	0.0313575
5.63668e-10	0.0314242
5.63796e-10	0.0314909
5.63925e-10	0.0315576
5.64053e-10	0.0316243
5.64181e-10	0.0316909
5.6431e-10	0.0317575
5.64438e-10	0.0318241
5.64567e-10	0.0318907
5.64695e-10	0.0319572
5.64824e-10	0.0320237
5.64952e-10	0.0320902
5.6508e-10	0.0321567
5.65209e-10	0.0322231
5.65337e-10	0.0322895
5.65466e-10	0.0323559
5.65594e-10	0.0324222
5.65722e-10	0.0324886
5.65851e-10	0.0325549
5.65979e-10	0.0326211
5.66108e-10	0.0326874
5.66236e-10	0.0327536
5.66364e-10	0.0328198
5.66493e-10	0.0328859
5.66621e-10	0.0329521
5.6675e-10	0.0330181
5.66878e-10	0.0330842
5.67007e-10	0.0331502
5.67135e-10	0.0332162
5.67263e-10	0.0332822
5.67392e-10	0.0333481
5.6752e-10	0.033414
5.67649e-10	0.0334799
5.67777e-10	0.0335457
5.67905e-10	0.0336115
5.68034e-10	0.0336773
5.68162e-10	0.033743
5.68291e-10	0.0338087
5.68419e-10	0.0338744
5.68548e-10	0.03394
5.68676e-10	0.0340056
5.68804e-10	0.0340711
5.68933e-10	0.0341366
5.69061e-10	0.0342021
5.6919e-10	0.0342675
5.69318e-10	0.0343329
5.69446e-10	0.0343983
5.69575e-10	0.0344636
5.69703e-10	0.0345289
5.69832e-10	0.0345941
5.6996e-10	0.0346593
5.70088e-10	0.0347245
5.70217e-10	0.0347896
5.70345e-10	0.0348547
5.70474e-10	0.0349197
5.70602e-10	0.0349847
5.70731e-10	0.0350496
5.70859e-10	0.0351145
5.70987e-10	0.0351794
5.71116e-10	0.0352442
5.71244e-10	0.0353089
5.71373e-10	0.0353737
5.71501e-10	0.0354383
5.71629e-10	0.035503
5.71758e-10	0.0355676
5.71886e-10	0.0356321
5.72015e-10	0.0356966
5.72143e-10	0.035761
5.72271e-10	0.0358254
5.724e-10	0.0358898
5.72528e-10	0.0359541
5.72657e-10	0.0360183
5.72785e-10	0.0360825
5.72914e-10	0.0361467
5.73042e-10	0.0362108
5.7317e-10	0.0362748
5.73299e-10	0.0363388
5.73427e-10	0.0364028
5.73556e-10	0.0364666
5.73684e-10	0.0365305
5.73812e-10	0.0365943
5.73941e-10	0.036658
5.74069e-10	0.0367217
5.74198e-10	0.0367853
5.74326e-10	0.0368489
5.74454e-10	0.0369124
5.74583e-10	0.0369758
5.74711e-10	0.0370393
5.7484e-10	0.0371026
5.74968e-10	0.0371659
5.75097e-10	0.0372291
5.75225e-10	0.0372923
5.75353e-10	0.0373554
5.75482e-10	0.0374185
5.7561e-10	0.0374815
5.75739e-10	0.0375444
5.75867e-10	0.0376073
5.75995e-10	0.0376701
5.76124e-10	0.0377329
5.76252e-10	0.0377956
5.76381e-10	0.0378582
5.76509e-10	0.0379208
5.76638e-10	0.0379833
5.76766e-10	0.0380458
5.76894e-10	0.0381081
5.77023e-10	0.0381705
5.77151e-10	0.0382327
5.7728e-10	0.0382949
5.77408e-10	0.0383571
5.77536e-10	0.0384191
5.77665e-10	0.0384811
5.77793e-10	0.0385431
5.77922e-10	0.0386049
5.7805e-10	0.0386667
5.78178e-10	0.0387285
5.78307e-10	0.0387901
5.78435e-10	0.0388517
5.78564e-10	0.0389132
5.78692e-10	0.0389747
5.78821e-10	0.0390361
5.78949e-10	0.0390974
5.79077e-10	0.0391587
5.79206e-10	0.0392198
5.79334e-10	0.0392809
5.79463e-10	0.039342
5.79591e-10	0.0394029
5.79719e-10	0.0394638
5.79848e-10	0.0395246
5.79976e-10	0.0395854
5.80105e-10	0.039646
5.80233e-10	0.0397066
5.80361e-10	0.0397672
5.8049e-10	0.0398276
5.80618e-10	0.039888
5.80747e-10	0.0399483
5.80875e-10	0.0400085
5.81004e-10	0.0400686
5.81132e-10	0.0401287
5.8126e-10	0.0401886
5.81389e-10	0.0402485
5.81517e-10	0.0403084
5.81646e-10	0.0403681
5.81774e-10	0.0404278
5.81902e-10	0.0404874
5.82031e-10	0.0405469
5.82159e-10	0.0406063
5.82288e-10	0.0406656
5.82416e-10	0.0407249
5.82544e-10	0.0407841
5.82673e-10	0.0408432
5.82801e-10	0.0409022
5.8293e-10	0.0409611
5.83058e-10	0.0410199
5.83187e-10	0.0410787
5.83315e-10	0.0411374
5.83443e-10	0.0411959
5.83572e-10	0.0412544
5.837e-10	0.0413129
5.83829e-10	0.0413712
5.83957e-10	0.0414294
5.84085e-10	0.0414876
5.84214e-10	0.0415456
5.84342e-10	0.0416036
5.84471e-10	0.0416615
5.84599e-10	0.0417193
5.84728e-10	0.041777
5.84856e-10	0.0418346
5.84984e-10	0.0418921
5.85113e-10	0.0419495
5.85241e-10	0.0420069
5.8537e-10	0.0420641
5.85498e-10	0.0421213
5.85626e-10	0.0421783
5.85755e-10	0.0422353
5.85883e-10	0.0422922
5.86012e-10	0.042349
5.8614e-10	0.0424056
5.86268e-10	0.0424622
5.86397e-10	0.0425187
5.86525e-10	0.0425751
5.86654e-10	0.0426314
5.86782e-10	0.0426876
5.86911e-10	0.0427437
5.87039e-10	0.0427997
5.87167e-10	0.0428556
5.87296e-10	0.0429114
5.87424e-10	0.0429671
5.87553e-10	0.0430227
5.87681e-10	0.0430782
5.87809e-10	0.0431336
5.87938e-10	0.0431889
5.88066e-10	0.0432441
5.88195e-10	0.0432992
5.88323e-10	0.0433542
5.88451e-10	0.0434091
5.8858e-10	0.0434639
5.88708e-10	0.0435185
5.88837e-10	0.0435731
5.88965e-10	0.0436276
5.89094e-10	0.0436819
5.89222e-10	0.0437362
5.8935e-10	0.0437904
5.89479e-10	0.0438444
5.89607e-10	0.0438983
5.89736e-10	0.0439522
5.89864e-10	0.0440059
5.89992e-10	0.0440595
5.90121e-10	0.044113
5.90249e-10	0.0441664
5.90378e-10	0.0442196
5.90506e-10	0.0442728
5.90634e-10	0.0443259
5.90763e-10	0.0443788
5.90891e-10	0.0444316
5.9102e-10	0.0444844
5.91148e-10	0.044537
5.91277e-10	0.0445895
5.91405e-10	0.0446418
5.91533e-10	0.0446941
5.91662e-10	0.0447462
5.9179e-10	0.0447983
5.91919e-10	0.0448502
5.92047e-10	0.044902
5.92175e-10	0.0449537
5.92304e-10	0.0450052
5.92432e-10	0.0450567
5.92561e-10	0.045108
5.92689e-10	0.0451592
5.92818e-10	0.0452103
5.92946e-10	0.0452613
5.93074e-10	0.0453121
5.93203e-10	0.0453629
5.93331e-10	0.0454135
5.9346e-10	0.0454639
5.93588e-10	0.0455143
5.93716e-10	0.0455645
5.93845e-10	0.0456147
5.93973e-10	0.0456646
5.94102e-10	0.0457145
5.9423e-10	0.0457643
5.94358e-10	0.0458139
5.94487e-10	0.0458634
5.94615e-10	0.0459127
5.94744e-10	0.045962
5.94872e-10	0.0460111
5.95001e-10	0.0460601
5.95129e-10	0.0461089
5.95257e-10	0.0461577
5.95386e-10	0.0462063
5.95514e-10	0.0462547
5.95643e-10	0.0463031
5.95771e-10	0.0463513
5.95899e-10	0.0463993
5.96028e-10	0.0464473
5.96156e-10	0.0464951
5.96285e-10	0.0465428
5.96413e-10	0.0465903
5.96541e-10	0.0466378
5.9667e-10	0.046685
5.96798e-10	0.0467322
5.96927e-10	0.0467792
5.97055e-10	0.0468261
5.97184e-10	0.0468728
5.97312e-10	0.0469194
5.9744e-10	0.0469659
5.97569e-10	0.0470122
5.97697e-10	0.0470584
5.97826e-10	0.0471045
5.97954e-10	0.0471504
5.98082e-10	0.0471962
5.98211e-10	0.0472418
5.98339e-10	0.0472873
5.98468e-10	0.0473327
5.98596e-10	0.0473779
5.98725e-10	0.047423
5.98853e-10	0.0474679
5.98981e-10	0.0475127
5.9911e-10	0.0475573
5.99238e-10	0.0476018
5.99367e-10	0.0476462
5.99495e-10	0.0476904
5.99623e-10	0.0477345
5.99752e-10	0.0477784
5.9988e-10	0.0478222
6.00009e-10	0.0478658
6.00137e-10	0.0479093
6.00265e-10	0.0479527
6.00394e-10	0.0479959
6.00522e-10	0.0480389
6.00651e-10	0.0480818
6.00779e-10	0.0481245
6.00908e-10	0.0481671
6.01036e-10	0.0482096
6.01164e-10	0.0482519
6.01293e-10	0.048294
6.01421e-10	0.048336
6.0155e-10	0.0483779
6.01678e-10	0.0484195
6.01806e-10	0.0484611
6.01935e-10	0.0485025
6.02063e-10	0.0485437
6.02192e-10	0.0485848
6.0232e-10	0.0486257
6.02448e-10	0.0486664
6.02577e-10	0.048707
6.02705e-10	0.0487475
6.02834e-10	0.0487878
6.02962e-10	0.0488279
6.03091e-10	0.0488679
6.03219e-10	0.0489077
6.03347e-10	0.0489474
6.03476e-10	0.0489869
6.03604e-10	0.0490262
6.03733e-10	0.0490654
6.03861e-10	0.0491044
6.03989e-10	0.0491433
6.04118e-10	0.049182
6.04246e-10	0.0492205
6.04375e-10	0.0492589
6.04503e-10	0.0492971
6.04631e-10	0.0493351
6.0476e-10	0.049373
6.04888e-10	0.0494107
6.05017e-10	0.0494483
6.05145e-10	0.0494857
6.05274e-10	0.0495229
6.05402e-10	0.0495599
6.0553e-10	0.0495968
6.05659e-10	0.0496335
6.05787e-10	0.0496701
6.05916e-10	0.0497065
6.06044e-10	0.0497427
6.06172e-10	0.0497787
6.06301e-10	0.0498146
6.06429e-10	0.0498503
6.06558e-10	0.0498858
6.06686e-10	0.0499212
6.06815e-10	0.0499564
6.06943e-10	0.0499914
6.07071e-10	0.0500262
6.072e-10	0.0500609
6.07328e-10	0.0500954
6.07457e-10	0.0501297
6.07585e-10	0.0501639
6.07713e-10	0.0501978
6.07842e-10	0.0502316
6.0797e-10	0.0502652
6.08099e-10	0.0502987
6.08227e-10	0.0503319
6.08355e-10	0.050365
6.08484e-10	0.0503979
6.08612e-10	0.0504307
6.08741e-10	0.0504632
6.08869e-10	0.0504956
6.08998e-10	0.0505278
6.09126e-10	0.0505598
6.09254e-10	0.0505916
6.09383e-10	0.0506233
6.09511e-10	0.0506547
6.0964e-10	0.050686
6.09768e-10	0.0507171
6.09896e-10	0.050748
6.10025e-10	0.0507787
6.10153e-10	0.0508093
6.10282e-10	0.0508396
6.1041e-10	0.0508698
6.10538e-10	0.0508998
6.10667e-10	0.0509296
6.10795e-10	0.0509592
6.10924e-10	0.0509887
6.11052e-10	0.0510179
6.11181e-10	0.0510469
6.11309e-10	0.0510758
6.11437e-10	0.0511045
6.11566e-10	0.051133
6.11694e-10	0.0511613
6.11823e-10	0.0511894
6.11951e-10	0.0512173
6.12079e-10	0.051245
6.12208e-10	0.0512725
6.12336e-10	0.0512999
6.12465e-10	0.051327
6.12593e-10	0.0513539
6.12721e-10	0.0513807
6.1285e-10	0.0514073
6.12978e-10	0.0514336
6.13107e-10	0.0514598
6.13235e-10	0.0514858
6.13364e-10	0.0515115
6.13492e-10	0.0515371
6.1362e-10	0.0515625
6.13749e-10	0.0515877
6.13877e-10	0.0516126
6.14006e-10	0.0516374
6.14134e-10	0.051662
6.14262e-10	0.0516864
6.14391e-10	0.0517106
6.14519e-10	0.0517346
6.14648e-10	0.0517584
6.14776e-10	0.0517819
6.14905e-10	0.0518053
6.15033e-10	0.0518285
6.15161e-10	0.0518515
6.1529e-10	0.0518742
6.15418e-10	0.0518968
6.15547e-10	0.0519192
6.15675e-10	0.0519413
6.15803e-10	0.0519633
6.15932e-10	0.051985
6.1606e-10	0.0520065
6.16189e-10	0.0520279
6.16317e-10	0.052049
6.16445e-10	0.0520699
6.16574e-10	0.0520906
6.16702e-10	0.0521111
6.16831e-10	0.0521314
6.16959e-10	0.0521515
6.17088e-10	0.0521713
6.17216e-10	0.052191
6.17344e-10	0.0522104
6.17473e-10	0.0522297
6.17601e-10	0.0522487
6.1773e-10	0.0522675
6.17858e-10	0.0522861
6.17986e-10	0.0523044
6.18115e-10	0.0523226
6.18243e-10	0.0523406
6.18372e-10	0.0523583
6.185e-10	0.0523758
6.18628e-10	0.0523931
6.18757e-10	0.0524102
6.18885e-10	0.0524271
6.19014e-10	0.0524437
6.19142e-10	0.0524602
6.19271e-10	0.0524764
6.19399e-10	0.0524924
6.19527e-10	0.0525082
6.19656e-10	0.0525237
6.19784e-10	0.0525391
6.19913e-10	0.0525542
6.20041e-10	0.0525691
6.20169e-10	0.0525837
6.20298e-10	0.0525982
6.20426e-10	0.0526124
6.20555e-10	0.0526264
6.20683e-10	0.0526402
6.20811e-10	0.0526538
6.2094e-10	0.0526671
6.21068e-10	0.0526802
6.21197e-10	0.0526931
6.21325e-10	0.0527058
6.21454e-10	0.0527182
6.21582e-10	0.0527304
6.2171e-10	0.0527424
6.21839e-10	0.0527541
6.21967e-10	0.0527656
6.22096e-10	0.0527769
6.22224e-10	0.052788
6.22352e-10	0.0527988
6.22481e-10	0.0528094
6.22609e-10	0.0528198
6.22738e-10	0.05283
6.22866e-10	0.0528399
6.22995e-10	0.0528495
6.23123e-10	0.052859
6.23251e-10	0.0528682
6.2338e-10	0.0528772
6.23508e-10	0.0528859
6.23637e-10	0.0528945
6.23765e-10	0.0529027
6.23893e-10	0.0529108
6.24022e-10	0.0529186
6.2415e-10	0.0529262
6.24279e-10	0.0529335
6.24407e-10	0.0529406
6.24535e-10	0.0529475
6.24664e-10	0.0529541
6.24792e-10	0.0529605
6.24921e-10	0.0529666
6.25049e-10	0.0529725
6.25178e-10	0.0529782
6.25306e-10	0.0529836
6.25434e-10	0.0529888
6.25563e-10	0.0529938
6.25691e-10	0.0529985
6.2582e-10	0.0530029
6.25948e-10	0.0530071
6.26076e-10	0.0530111
6.26205e-10	0.0530149
6.26333e-10	0.0530184
6.26462e-10	0.0530216
6.2659e-10	0.0530246
6.26718e-10	0.0530274
6.26847e-10	0.0530299
6.26975e-10	0.0530321
6.27104e-10	0.0530342
6.27232e-10	0.0530359
6.27361e-10	0.0530375
6.27489e-10	0.0530387
6.27617e-10	0.0530398
6.27746e-10	0.0530406
6.27874e-10	0.0530411
6.28003e-10	0.0530414
6.28131e-10	0.0530414
6.28259e-10	0.0530412
6.28388e-10	0.0530407
6.28516e-10	0.05304
6.28645e-10	0.053039
6.28773e-10	0.0530378
6.28902e-10	0.0530363
6.2903e-10	0.0530346
6.29158e-10	0.0530326
6.29287e-10	0.0530304
6.29415e-10	0.0530279
6.29544e-10	0.0530252
6.29672e-10	0.0530222
6.298e-10	0.0530189
6.29929e-10	0.0530154
6.30057e-10	0.0530116
6.30186e-10	0.0530076
6.30314e-10	0.0530033
6.30442e-10	0.0529988
6.30571e-10	0.052994
6.30699e-10	0.052989
6.30828e-10	0.0529836
6.30956e-10	0.0529781
6.31085e-10	0.0529722
6.31213e-10	0.0529662
6.31341e-10	0.0529598
6.3147e-10	0.0529532
6.31598e-10	0.0529463
6.31727e-10	0.0529392
6.31855e-10	0.0529318
6.31983e-10	0.0529241
6.32112e-10	0.0529162
6.3224e-10	0.052908
6.32369e-10	0.0528995
6.32497e-10	0.0528908
6.32625e-10	0.0528818
6.32754e-10	0.0528726
6.32882e-10	0.0528631
6.33011e-10	0.0528533
6.33139e-10	0.0528433
6.33268e-10	0.0528329
6.33396e-10	0.0528224
6.33524e-10	0.0528115
6.33653e-10	0.0528004
6.33781e-10	0.052789
6.3391e-10	0.0527774
6.34038e-10	0.0527654
6.34166e-10	0.0527532
6.34295e-10	0.0527408
6.34423e-10	0.052728
6.34552e-10	0.052715
6.3468e-10	0.0527018
6.34808e-10	0.0526882
6.34937e-10	0.0526744
6.35065e-10	0.0526603
6.35194e-10	0.0526459
6.35322e-10	0.0526313
6.35451e-10	0.0526164
6.35579e-10	0.0526012
6.35707e-10	0.0525857
6.35836e-10	0.05257
6.35964e-10	0.052554
6.36093e-10	0.0525377
6.36221e-10	0.0525211
6.36349e-10	0.0525043
6.36478e-10	0.0524871
6.36606e-10	0.0524698
6.36735e-10	0.0524521
6.36863e-10	0.0524341
6.36992e-10	0.0524159
6.3712e-10	0.0523974
6.37248e-10	0.0523786
6.37377e-10	0.0523595
6.37505e-10	0.0523402
6.37634e-10	0.0523205
6.37762e-10	0.0523006
6.3789e-10	0.0522804
6.38019e-10	0.0522599
6.38147e-10	0.0522392
6.38276e-10	0.0522181
6.38404e-10	0.0521968
6.38532e-10	0.0521752
6.38661e-10	0.0521533
6.38789e-10	0.0521311
6.38918e-10	0.0521087
6.39046e-10	0.0520859
6.39175e-10	0.0520629
6.39303e-10	0.0520396
6.39431e-10	0.052016
6.3956e-10	0.0519921
6.39688e-10	0.0519679
6.39817e-10	0.0519434
6.39945e-10	0.0519187
6.40073e-10	0.0518937
6.40202e-10	0.0518683
6.4033e-10	0.0518427
6.40459e-10	0.0518168
6.40587e-10	0.0517906
6.40715e-10	0.0517641
6.40844e-10	0.0517373
6.40972e-10	0.0517103
6.41101e-10	0.0516829
6.41229e-10	0.0516553
6.41358e-10	0.0516273
6.41486e-10	0.0515991
6.41614e-10	0.0515706
6.41743e-10	0.0515418
6.41871e-10	0.0515126
6.42e-10	0.0514832
6.42128e-10	0.0514535
6.42256e-10	0.0514235
6.42385e-10	0.0513933
6.42513e-10	0.0513627
6.42642e-10	0.0513318
6.4277e-10	0.0513006
6.42898e-10	0.0512692
6.43027e-10	0.0512374
6.43155e-10	0.0512053
6.43284e-10	0.051173
6.43412e-10	0.0511403
6.43541e-10	0.0511073
6.43669e-10	0.0510741
6.43797e-10	0.0510405
6.43926e-10	0.0510067
6.44054e-10	0.0509725
6.44183e-10	0.0509381
6.44311e-10	0.0509033
6.44439e-10	0.0508683
6.44568e-10	0.0508329
6.44696e-10	0.0507973
6.44825e-10	0.0507613
6.44953e-10	0.0507251
6.45082e-10	0.0506885
6.4521e-10	0.0506517
6.45338e-10	0.0506145
6.45467e-10	0.050577
6.45595e-10	0.0505393
6.45724e-10	0.0505012
6.45852e-10	0.0504628
6.4598e-10	0.0504241
6.46109e-10	0.0503851
6.46237e-10	0.0503458
6.46366e-10	0.0503062
6.46494e-10	0.0502663
6.46622e-10	0.0502261
6.46751e-10	0.0501856
6.46879e-10	0.0501448
6.47008e-10	0.0501037
6.47136e-10	0.0500622
6.47265e-10	0.0500205
6.47393e-10	0.0499784
6.47521e-10	0.0499361
6.4765e-10	0.0498934
6.47778e-10	0.0498504
6.47907e-10	0.0498071
6.48035e-10	0.0497635
6.48163e-10	0.0497196
6.48292e-10	0.0496754
6.4842e-10	0.0496309
6.48549e-10	0.049586
6.48677e-10	0.0495409
6.48805e-10	0.0494954
6.48934e-10	0.0494497
6.49062e-10	0.0494036
6.49191e-10	0.0493572
6.49319e-10	0.0493105
6.49448e-10	0.0492634
6.49576e-10	0.0492161
6.49704e-10	0.0491685
6.49833e-10	0.0491205
6.49961e-10	0.0490722
6.5009e-10	0.0490236
6.50218e-10	0.0489747
6.50346e-10	0.0489255
6.50475e-10	0.0488759
6.50603e-10	0.0488261
6.50732e-10	0.0487759
6.5086e-10	0.0487254
6.50988e-10	0.0486746
6.51117e-10	0.0486235
6.51245e-10	0.0485721
6.51374e-10	0.0485203
6.51502e-10	0.0484682
6.51631e-10	0.0484158
6.51759e-10	0.0483631
6.51887e-10	0.0483101
6.52016e-10	0.0482567
6.52144e-10	0.0482031
6.52273e-10	0.0481491
6.52401e-10	0.0480948
6.52529e-10	0.0480401
6.52658e-10	0.0479852
6.52786e-10	0.0479299
6.52915e-10	0.0478743
6.53043e-10	0.0478184
6.53172e-10	0.0477622
6.533e-10	0.0477056
6.53428e-10	0.0476488
6.53557e-10	0.0475916
6.53685e-10	0.047534
6.53814e-10	0.0474762
6.53942e-10	0.047418
6.5407e-10	0.0473595
6.54199e-10	0.0473007
6.54327e-10	0.0472416
6.54456e-10	0.0471821
6.54584e-10	0.0471223
6.54712e-10	0.0470622
6.54841e-10	0.0470018
6.54969e-10	0.046941
6.55098e-10	0.0468799
6.55226e-10	0.0468185
6.55355e-10	0.0467568
6.55483e-10	0.0466947
6.55611e-10	0.0466323
6.5574e-10	0.0465696
6.55868e-10	0.0465065
6.55997e-10	0.0464432
6.56125e-10	0.0463795
6.56253e-10	0.0463154
6.56382e-10	0.0462511
6.5651e-10	0.0461864
6.56639e-10	0.0461214
6.56767e-10	0.046056
6.56895e-10	0.0459904
6.57024e-10	0.0459244
6.57152e-10	0.045858
6.57281e-10	0.0457914
6.57409e-10	0.0457244
6.57538e-10	0.0456571
6.57666e-10	0.0455894
6.57794e-10	0.0455214
6.57923e-10	0.0454531
6.58051e-10	0.0453845
6.5818e-10	0.0453155
6.58308e-10	0.0452462
6.58436e-10	0.0451765
6.58565e-10	0.0451066
6.58693e-10	0.0450363
6.58822e-10	0.0449656
6.5895e-10	0.0448947
6.59078e-10	0.0448234
6.59207e-10	0.0447517
6.59335e-10	0.0446798
6.59464e-10	0.0446075
6.59592e-10	0.0445348
6.59721e-10	0.0444619
6.59849e-10	0.0443886
6.59977e-10	0.0443149
6.60106e-10	0.0442409
6.60234e-10	0.0441666
6.60363e-10	0.044092
6.60491e-10	0.044017
6.60619e-10	0.0439417
6.60748e-10	0.0438661
6.60876e-10	0.0437901
6.61005e-10	0.0437138
6.61133e-10	0.0436371
6.61262e-10	0.0435601
6.6139e-10	0.0434828
6.61518e-10	0.0434051
6.61647e-10	0.0433271
6.61775e-10	0.0432488
6.61904e-10	0.0431701
6.62032e-10	0.0430911
6.6216e-10	0.0430117
6.62289e-10	0.042932
6.62417e-10	0.042852
6.62546e-10	0.0427716
6.62674e-10	0.0426909
6.62802e-10	0.0426099
6.62931e-10	0.0425285
6.63059e-10	0.0424468
6.63188e-10	0.0423647
6.63316e-10	0.0422823
6.63445e-10	0.0421996
6.63573e-10	0.0421165
6.63701e-10	0.0420331
6.6383e-10	0.0419493
6.63958e-10	0.0418652
6.64087e-10	0.0417808
6.64215e-10	0.041696
6.64343e-10	0.0416109
6.64472e-10	0.0415254
6.646e-10	0.0414396
6.64729e-10	0.0413535
6.64857e-10	0.041267
6.64985e-10	0.0411802
6.65114e-10	0.041093
6.65242e-10	0.0410055
6.65371e-10	0.0409177
6.65499e-10	0.0408295
6.65628e-10	0.0407409
6.65756e-10	0.0406521
6.65884e-10	0.0405628
6.66013e-10	0.0404733
6.66141e-10	0.0403834
6.6627e-10	0.0402931
6.66398e-10	0.0402025
6.66526e-10	0.0401116
6.66655e-10	0.0400203
6.66783e-10	0.0399287
6.66912e-10	0.0398367
6.6704e-10	0.0397444
6.67169e-10	0.0396518
6.67297e-10	0.0395588
6.67425e-10	0.0394654
6.67554e-10	0.0393718
6.67682e-10	0.0392777
6.67811e-10	0.0391834
6.67939e-10	0.0390886
6.68067e-10	0.0389936
6.68196e-10	0.0388982
6.68324e-10	0.0388024
6.68453e-10	0.0387063
6.68581e-10	0.0386099
6.68709e-10	0.0385131
6.68838e-10	0.038416
6.68966e-10	0.0383185
6.69095e-10	0.0382207
6.69223e-10	0.0381225
6.69352e-10	0.038024
6.6948e-10	0.0379251
6.69608e-10	0.0378259
6.69737e-10	0.0377264
6.69865e-10	0.0376265
6.69994e-10	0.0375262
6.70122e-10	0.0374256
6.7025e-10	0.0373247
6.70379e-10	0.0372234
6.70507e-10	0.0371218
6.70636e-10	0.0370198
6.70764e-10	0.0369175
6.70892e-10	0.0368148
6.71021e-10	0.0367118
6.71149e-10	0.0366084
6.71278e-10	0.0365047
6.71406e-10	0.0364006
6.71535e-10	0.0362962
6.71663e-10	0.0361915
6.71791e-10	0.0360864
6.7192e-10	0.0359809
6.72048e-10	0.0358751
6.72177e-10	0.035769
6.72305e-10	0.0356625
6.72433e-10	0.0355557
6.72562e-10	0.0354485
6.7269e-10	0.0353409
6.72819e-10	0.0352331
6.72947e-10	0.0351248
6.73075e-10	0.0350162
6.73204e-10	0.0349073
6.73332e-10	0.034798
6.73461e-10	0.0346884
6.73589e-10	0.0345785
6.73718e-10	0.0344681
6.73846e-10	0.0343575
6.73974e-10	0.0342465
6.74103e-10	0.0341351
6.74231e-10	0.0340234
6.7436e-10	0.0339113
6.74488e-10	0.0337989
6.74616e-10	0.0336861
6.74745e-10	0.033573
6.74873e-10	0.0334596
6.75002e-10	0.0333458
6.7513e-10	0.0332316
6.75259e-10	0.0331171
6.75387e-10	0.0330023
6.75515e-10	0.0328871
6.75644e-10	0.0327715
6.75772e-10	0.0326556
6.75901e-10	0.0325394
6.76029e-10	0.0324228
6.76157e-10	0.0323059
6.76286e-10	0.0321886
6.76414e-10	0.0320709
6.76543e-10	0.0319529
6.76671e-10	0.0318346
6.76799e-10	0.0317159
6.76928e-10	0.0315969
6.77056e-10	0.0314775
6.77185e-10	0.0313578
6.77313e-10	0.0312377
6.77442e-10	0.0311173
6.7757e-10	0.0309965
6.77698e-10	0.0308753
6.77827e-10	0.0307539
6.77955e-10	0.030632
6.78084e-10	0.0305099
6.78212e-10	0.0303873
6.7834e-10	0.0302645
6.78469e-10	0.0301412
6.78597e-10	0.0300177
6.78726e-10	0.0298938
6.78854e-10	0.0297695
6.78982e-10	0.0296449
6.79111e-10	0.0295199
6.79239e-10	0.0293946
6.79368e-10	0.0292689
6.79496e-10	0.0291429
6.79625e-10	0.0290166
6.79753e-10	0.0288899
6.79881e-10	0.0287628
6.8001e-10	0.0286354
6.80138e-10	0.0285077
6.80267e-10	0.0283796
6.80395e-10	0.0282511
6.80523e-10	0.0281223
6.80652e-10	0.0279932
6.8078e-10	0.0278637
6.80909e-10	0.0277338
6.81037e-10	0.0276036
6.81165e-10	0.0274731
6.81294e-10	0.0273422
6.81422e-10	0.027211
6.81551e-10	0.0270794
6.81679e-10	0.0269475
6.81808e-10	0.0268152
6.81936e-10	0.0266826
6.82064e-10	0.0265496
6.82193e-10	0.0264163
6.82321e-10	0.0262826
6.8245e-10	0.0261486
6.82578e-10	0.0260142
6.82706e-10	0.0258795
6.82835e-10	0.0257445
6.82963e-10	0.0256091
6.83092e-10	0.0254733
6.8322e-10	0.0253372
6.83349e-10	0.0252008
6.83477e-10	0.025064
6.83605e-10	0.0249269
6.83734e-10	0.0247894
6.83862e-10	0.0246515
6.83991e-10	0.0245134
6.84119e-10	0.0243748
6.84247e-10	0.024236
6.84376e-10	0.0240968
6.84504e-10	0.0239572
6.84633e-10	0.0238173
6.84761e-10	0.0236771
6.84889e-10	0.0235365
6.85018e-10	0.0233955
6.85146e-10	0.0232542
6.85275e-10	0.0231126
6.85403e-10	0.0229706
6.85532e-10	0.0228283
6.8566e-10	0.0226856
6.85788e-10	0.0225426
6.85917e-10	0.0223993
6.86045e-10	0.0222556
6.86174e-10	0.0221115
6.86302e-10	0.0219671
6.8643e-10	0.0218224
6.86559e-10	0.0216773
6.86687e-10	0.0215319
6.86816e-10	0.0213861
6.86944e-10	0.02124
6.87072e-10	0.0210936
6.87201e-10	0.0209468
6.87329e-10	0.0207996
6.87458e-10	0.0206522
6.87586e-10	0.0205043
6.87715e-10	0.0203562
6.87843e-10	0.0202077
6.87971e-10	0.0200588
6.881e-10	0.0199096
6.88228e-10	0.0197601
6.88357e-10	0.0196102
6.88485e-10	0.01946
6.88613e-10	0.0193094
6.88742e-10	0.0191585
6.8887e-10	0.0190073
6.88999e-10	0.0188557
6.89127e-10	0.0187038
6.89255e-10	0.0185515
6.89384e-10	0.0183989
6.89512e-10	0.0182459
6.89641e-10	0.0180927
6.89769e-10	0.017939
6.89898e-10	0.0177851
6.90026e-10	0.0176308
6.90154e-10	0.0174761
6.90283e-10	0.0173211
6.90411e-10	0.0171658
6.9054e-10	0.0170101
6.90668e-10	0.0168541
6.90796e-10	0.0166978
6.90925e-10	0.0165411
6.91053e-10	0.0163841
6.91182e-10	0.0162268
6.9131e-10	0.0160691
6.91439e-10	0.015911
6.91567e-10	0.0157527
6.91695e-10	0.015594
6.91824e-10	0.0154349
6.91952e-10	0.0152756
6.92081e-10	0.0151158
6.92209e-10	0.0149558
6.92337e-10	0.0147954
6.92466e-10	0.0146347
6.92594e-10	0.0144736
6.92723e-10	0.0143122
6.92851e-10	0.0141505
6.92979e-10	0.0139885
6.93108e-10	0.0138261
6.93236e-10	0.0136633
6.93365e-10	0.0135003
6.93493e-10	0.0133369
6.93622e-10	0.0131732
6.9375e-10	0.0130091
6.93878e-10	0.0128447
6.94007e-10	0.01268
6.94135e-10	0.0125149
6.94264e-10	0.0123495
6.94392e-10	0.0121838
6.9452e-10	0.0120177
6.94649e-10	0.0118513
6.94777e-10	0.0116846
6.94906e-10	0.0115176
6.95034e-10	0.0113502
6.95162e-10	0.0111825
6.95291e-10	0.0110144
6.95419e-10	0.0108461
6.95548e-10	0.0106774
6.95676e-10	0.0105083
6.95805e-10	0.010339
6.95933e-10	0.0101693
6.96061e-10	0.00999927
6.9619e-10	0.00982893
6.96318e-10	0.00965826
6.96447e-10	0.00948726
6.96575e-10	0.00931593
6.96703e-10	0.00914428
6.96832e-10	0.0089723
6.9696e-10	0.00879999
6.97089e-10	0.00862736
6.97217e-10	0.0084544
6.97346e-10	0.00828111
6.97474e-10	0.0081075
6.97602e-10	0.00793357
6.97731e-10	0.00775931
6.97859e-10	0.00758472
6.97988e-10	0.00740982
6.98116e-10	0.00723459
6.98244e-10	0.00705903
6.98373e-10	0.00688315
6.98501e-10	0.00670695
6.9863e-10	0.00653043
6.98758e-10	0.00635359
6.98886e-10	0.00617642
6.99015e-10	0.00599893
6.99143e-10	0.00582112
6.99272e-10	0.005643
6.994e-10	0.00546455
6.99529e-10	0.00528578
6.99657e-10	0.00510669
6.99785e-10	0.00492728
6.99914e-10	0.00474755
7.00042e-10	0.00456751
7.00171e-10	0.00438714
7.00299e-10	0.00420646
7.00427e-10	0.00402546
7.00556e-10	0.00384414
7.00684e-10	0.00366251
7.00813e-10	0.00348056
7.00941e-10	0.00329829
7.01069e-10	0.00311571
7.01198e-10	0.00293282
7.01326e-10	0.0027496
7.01455e-10	0.00256608
7.01583e-10	0.00238224
7.01712e-10	0.00219808
7.0184e-10	0.00201361
7.01968e-10	0.00182883
7.02097e-10	0.00164374
7.02225e-10	0.00145833
7.02354e-10	0.00127261
7.02482e-10	0.00108658
7.0261e-10	0.000900241
7.02739e-10	0.000713589
7.02867e-10	0.000526626
7.02996e-10	0.000339354
7.03124e-10	0.000151772
7.03252e-10	-3.6119e-05
7.03381e-10	-0.000224319
7.03509e-10	-0.000412827
7.03638e-10	-0.000601643
7.03766e-10	-0.000790767
7.03895e-10	-0.000980198
7.04023e-10	-0.00116994
7.04151e-10	-0.00135998
7.0428e-10	-0.00155033
7.04408e-10	-0.00174098
7.04537e-10	-0.00193194
7.04665e-10	-0.00212321
7.04793e-10	-0.00231478
7.04922e-10	-0.00250665
7.0505e-10	-0.00269883
7.05179e-10	-0.0028913
7.05307e-10	-0.00308409
7.05436e-10	-0.00327717
7.05564e-10	-0.00347055
7.05692e-10	-0.00366424
7.05821e-10	-0.00385823
7.05949e-10	-0.00405251
7.06078e-10	-0.0042471
7.06206e-10	-0.00444198
7.06334e-10	-0.00463717
7.06463e-10	-0.00483265
7.06591e-10	-0.00502843
7.0672e-10	-0.00522451
7.06848e-10	-0.00542089
7.06976e-10	-0.00561756
7.07105e-10	-0.00581453
7.07233e-10	-0.00601179
7.07362e-10	-0.00620935
7.0749e-10	-0.0064072
7.07619e-10	-0.00660535
7.07747e-10	-0.00680379
7.07875e-10	-0.00700253
7.08004e-10	-0.00720155
7.08132e-10	-0.00740087
7.08261e-10	-0.00760048
7.08389e-10	-0.00780038
7.08517e-10	-0.00800058
7.08646e-10	-0.00820106
7.08774e-10	-0.00840183
7.08903e-10	-0.0086029
7.09031e-10	-0.00880425
7.09159e-10	-0.00900589
7.09288e-10	-0.00920781
7.09416e-10	-0.00941003
7.09545e-10	-0.00961253
7.09673e-10	-0.00981532
7.09802e-10	-0.0100184
7.0993e-10	-0.0102217
7.10058e-10	-0.0104254
7.10187e-10	-0.0106293
7.10315e-10	-0.0108335
7.10444e-10	-0.011038
7.10572e-10	-0.0112428
7.107e-10	-0.0114479
7.10829e-10	-0.0116532
7.10957e-10	-0.0118588
7.11086e-10	-0.0120647
7.11214e-10	-0.0122709
7.11342e-10	-0.0124774
7.11471e-10	-0.0126841
7.11599e-10	-0.0128911
7.11728e-10	-0.0130984
7.11856e-10	-0.013306
7.11985e-10	-0.0135138
7.12113e-10	-0.013722
7.12241e-10	-0.0139304
7.1237e-10	-0.014139
7.12498e-10	-0.014348
7.12627e-10	-0.0145572
7.12755e-10	-0.0147667
7.12883e-10	-0.0149765
7.13012e-10	-0.0151865
7.1314e-10	-0.0153968
7.13269e-10	-0.0156074
7.13397e-10	-0.0158183
7.13526e-10	-0.0160294
7.13654e-10	-0.0162408
7.13782e-10	-0.0164525
7.13911e-10	-0.0166644
7.14039e-10	-0.0168766
7.14168e-10	-0.0170891
7.14296e-10	-0.0173018
7.14424e-10	-0.0175148
7.14553e-10	-0.017728
7.14681e-10	-0.0179416
7.1481e-10	-0.0181554
7.14938e-10	-0.0183694
7.15066e-10	-0.0185837
7.15195e-10	-0.0187983
7.15323e-10	-0.0190132
7.15452e-10	-0.0192283
7.1558e-10	-0.0194436
7.15709e-10	-0.0196592
7.15837e-10	-0.0198751
7.15965e-10	-0.0200913
7.16094e-10	-0.0203077
7.16222e-10	-0.0205243
7.16351e-10	-0.0207412
7.16479e-10	-0.0209584
7.16607e-10	-0.0211758
7.16736e-10	-0.0213935
7.16864e-10	-0.0216114
7.16993e-10	-0.0218296
7.17121e-10	-0.022048
7.17249e-10	-0.0222667
7.17378e-10	-0.0224857
7.17506e-10	-0.0227049
7.17635e-10	-0.0229243
7.17763e-10	-0.023144
7.17892e-10	-0.0233639
7.1802e-10	-0.0235841
7.18148e-10	-0.0238045
7.18277e-10	-0.0240252
7.18405e-10	-0.0242461
7.18534e-10	-0.0244673
7.18662e-10	-0.0246887
7.1879e-10	-0.0249104
7.18919e-10	-0.0251323
7.19047e-10	-0.0253545
7.19176e-10	-0.0255768
7.19304e-10	-0.0257995
7.19432e-10	-0.0260223
7.19561e-10	-0.0262455
7.19689e-10	-0.0264688
7.19818e-10	-0.0266924
7.19946e-10	-0.0269162
7.20075e-10	-0.0271403
7.20203e-10	-0.0273646
7.20331e-10	-0.0275891
7.2046e-10	-0.0278139
7.20588e-10	-0.0280389
7.20717e-10	-0.0282642
7.20845e-10	-0.0284896
7.20973e-10	-0.0287153
7.21102e-10	-0.0289413
7.2123e-10	-0.0291674
7.21359e-10	-0.0293938
7.21487e-10	-0.0296205
7.21616e-10	-0.0298473
7.21744e-10	-0.0300744
7.21872e-10	-0.0303017
7.22001e-10	-0.0305293
7.22129e-10	-0.030757
7.22258e-10	-0.030985
7.22386e-10	-0.0312133
7.22514e-10	-0.0314417
7.22643e-10	-0.0316704
7.22771e-10	-0.0318992
7.229e-10	-0.0321284
7.23028e-10	-0.0323577
7.23156e-10	-0.0325872
7.23285e-10	-0.032817
7.23413e-10	-0.033047
7.23542e-10	-0.0332772
7.2367e-10	-0.0335076
7.23799e-10	-0.0337382
7.23927e-10	-0.0339691
7.24055e-10	-0.0342002
7.24184e-10	-0.0344314
7.24312e-10	-0.0346629
7.24441e-10	-0.0348946
7.24569e-10	-0.0351266
7.24697e-10	-0.0353587
7.24826e-10	-0.035591
7.24954e-10	-0.0358236
7.25083e-10	-0.0360563
7.25211e-10	-0.0362893
7.25339e-10	-0.0365225
7.25468e-10	-0.0367558
7.25596e-10	-0.0369894
7.25725e-10	-0.0372232
7.25853e-10	-0.0374572
7.25982e-10	-0.0376914
7.2611e-10	-0.0379258
7.26238e-10	-0.0381604
7.26367e-10	-0.0383952
7.26495e-10	-0.0386302
7.26624e-10	-0.0388654
7.26752e-10	-0.0391008
7.2688e-10	-0.0393364
7.27009e-10	-0.0395722
7.27137e-10	-0.0398082
7.27266e-10	-0.0400444
7.27394e-10	-0.0402807
7.27523e-10	-0.0405173
7.27651e-10	-0.0407541
7.27779e-10	-0.040991
7.27908e-10	-0.0412282
7.28036e-10	-0.0414655
7.28165e-10	-0.041703
7.28293e-10	-0.0419407
7.28421e-10	-0.0421786
7.2855e-10	-0.0424167
7.28678e-10	-0.042655
7.28807e-10	-0.0428934
7.28935e-10	-0.0431321
7.29063e-10	-0.0433709
7.29192e-10	-0.0436099
7.2932e-10	-0.0438491
7.29449e-10	-0.0440885
7.29577e-10	-0.044328
7.29706e-10	-0.0445678
7.29834e-10	-0.0448077
7.29962e-10	-0.0450477
7.30091e-10	-0.045288
7.30219e-10	-0.0455284
7.30348e-10	-0.0457691
7.30476e-10	-0.0460098
7.30604e-10	-0.0462508
7.30733e-10	-0.0464919
7.30861e-10	-0.0467332
7.3099e-10	-0.0469747
7.31118e-10	-0.0472163
7.31246e-10	-0.0474581
7.31375e-10	-0.0477001
7.31503e-10	-0.0479423
7.31632e-10	-0.0481846
7.3176e-10	-0.048427
7.31889e-10	-0.0486697
7.32017e-10	-0.0489125
7.32145e-10	-0.0491555
7.32274e-10	-0.0493986
7.32402e-10	-0.0496419
7.32531e-10	-0.0498853
7.32659e-10	-0.0501289
7.32787e-10	-0.0503727
7.32916e-10	-0.0506166
7.33044e-10	-0.0508607
7.33173e-10	-0.0511049
7.33301e-10	-0.0513493
7.33429e-10	-0.0515938
7.33558e-10	-0.0518385
7.33686e-10	-0.0520834
7.33815e-10	-0.0523284
7.33943e-10	-0.0525735
7.34072e-10	-0.0528188
7.342e-10	-0.0530642
7.34328e-10	-0.0533098
7.34457e-10	-0.0535555
7.34585e-10	-0.0538014
7.34714e-10	-0.0540474
7.34842e-10	-0.0542936
7.3497e-10	-0.0545399
7.35099e-10	-0.0547863
7.35227e-10	-0.0550329
7.35356e-10	-0.0552797
7.35484e-10	-0.0555265
7.35613e-10	-0.0557735
7.35741e-10	-0.0560207
7.35869e-10	-0.0562679
7.35998e-10	-0.0565153
7.36126e-10	-0.0567629
7.36255e-10	-0.0570105
7.36383e-10	-0.0572584
7.36511e-10	-0.0575063
7.3664e-10	-0.0577543
7.36768e-10	-0.0580025
7.36897e-10	-0.0582509
7.37025e-10	-0.0584993
7.37153e-10	-0.0587479
7.37282e-10	-0.0589966
7.3741e-10	-0.0592454
7.37539e-10	-0.0594943
7.37667e-10	-0.0597434
7.37796e-10	-0.0599926
7.37924e-10	-0.0602419
7.38052e-10	-0.0604913
7.38181e-10	-0.0607409
7.38309e-10	-0.0609905
7.38438e-10	-0.0612403
7.38566e-10	-0.0614902
7.38694e-10	-0.0617402
7.38823e-10	-0.0619903
7.38951e-10	-0.0622405
7.3908e-10	-0.0624909
7.39208e-10	-0.0627413
7.39336e-10	-0.0629919
7.39465e-10	-0.0632425
7.39593e-10	-0.0634933
7.39722e-10	-0.0637442
7.3985e-10	-0.0639952
7.39979e-10	-0.0642462
7.40107e-10	-0.0644974
7.40235e-10	-0.0647487
7.40364e-10	-0.0650001
7.40492e-10	-0.0652516
7.40621e-10	-0.0655032
7.40749e-10	-0.0657549
7.40877e-10	-0.0660066
7.41006e-10	-0.0662585
7.41134e-10	-0.0665105
7.41263e-10	-0.0667626
7.41391e-10	-0.0670147
7.41519e-10	-0.0672669
7.41648e-10	-0.0675193
7.41776e-10	-0.0677717
7.41905e-10	-0.0680242
7.42033e-10	-0.0682768
7.42162e-10	-0.0685295
7.4229e-10	-0.0687823
7.42418e-10	-0.0690351
7.42547e-10	-0.0692881
7.42675e-10	-0.0695411
7.42804e-10	-0.0697942
7.42932e-10	-0.0700474
7.4306e-10	-0.0703006
7.43189e-10	-0.0705539
7.43317e-10	-0.0708074
7.43446e-10	-0.0710608
7.43574e-10	-0.0713144
7.43703e-10	-0.071568
7.43831e-10	-0.0718217
7.43959e-10	-0.0720755
7.44088e-10	-0.0723293
7.44216e-10	-0.0725833
7.44345e-10	-0.0728372
7.44473e-10	-0.0730913
7.44601e-10	-0.0733454
7.4473e-10	-0.0735996
7.44858e-10	-0.0738538
7.44987e-10	-0.0741081
7.45115e-10	-0.0743625
7.45243e-10	-0.0746169
7.45372e-10	-0.0748714
7.455e-10	-0.0751259
7.45629e-10	-0.0753805
7.45757e-10	-0.0756351
7.45886e-10	-0.0758898
7.46014e-10	-0.0761446
7.46142e-10	-0.0763994
7.46271e-10	-0.0766543
7.46399e-10	-0.0769092
7.46528e-10	-0.0771641
7.46656e-10	-0.0774191
7.46784e-10	-0.0776742
7.46913e-10	-0.0779293
7.47041e-10	-0.0781844
7.4717e-10	-0.0784396
7.47298e-10	-0.0786948
7.47426e-10	-0.0789501
7.47555e-10	-0.0792054
7.47683e-10	-0.0794607
7.47812e-10	-0.0797161
7.4794e-10	-0.0799715
7.48069e-10	-0.080227
7.48197e-10	-0.0804825
7.48325e-10	-0.080738
7.48454e-10	-0.0809935
7.48582e-10	-0.0812491
7.48711e-10	-0.0815047
7.48839e-10	-0.0817604
7.48967e-10	-0.082016
7.49096e-10	-0.0822717
7.49224e-10	-0.0825274
7.49353e-10	-0.0827832
7.49481e-10	-0.0830389
7.49609e-10	-0.0832947
7.49738e-10	-0.0835505
7.49866e-10	-0.0838063
7.49995e-10	-0.0840622
7.50123e-10	-0.084318
7.50252e-10	-0.0845739
7.5038e-10	-0.0848298
7.50508e-10	-0.0850857
7.50637e-10	-0.0853416
7.50765e-10	-0.0855975
7.50894e-10	-0.0858534
7.51022e-10	-0.0861094
7.5115e-10	-0.0863653
7.51279e-10	-0.0866212
7.51407e-10	-0.0868772
7.51536e-10	-0.0871331
7.51664e-10	-0.0873891
7.51793e-10	-0.0876451
7.51921e-10	-0.087901
7.52049e-10	-0.088157
7.52178e-10	-0.0884129
7.52306e-10	-0.0886689
7.52435e-10	-0.0889248
7.52563e-10	-0.0891808
7.52691e-10	-0.0894367
7.5282e-10	-0.0896926
7.52948e-10	-0.0899485
7.53077e-10	-0.0902044
7.53205e-10	-0.0904603
7.53333e-10	-0.0907162
7.53462e-10	-0.090972
7.5359e-10	-0.0912279
7.53719e-10	-0.0914837
7.53847e-10	-0.0917395
7.53976e-10	-0.0919953
7.54104e-10	-0.092251
7.54232e-10	-0.0925068
7.54361e-10	-0.0927625
7.54489e-10	-0.0930182
7.54618e-10	-0.0932739
7.54746e-10	-0.0935295
7.54874e-10	-0.0937851
7.55003e-10	-0.0940407
7.55131e-10	-0.0942963
7.5526e-10	-0.0945518
7.55388e-10	-0.0948073
7.55516e-10	-0.0950627
7.55645e-10	-0.0953181
7.55773e-10	-0.0955735
7.55902e-10	-0.0958289
7.5603e-10	-0.0960842
7.56159e-10	-0.0963394
7.56287e-10	-0.0965946
7.56415e-10	-0.0968498
7.56544e-10	-0.0971049
7.56672e-10	-0.09736
7.56801e-10	-0.0976151
7.56929e-10	-0.0978701
7.57057e-10	-0.098125
7.57186e-10	-0.0983799
7.57314e-10	-0.0986347
7.57443e-10	-0.0988895
7.57571e-10	-0.0991442
7.577e-10	-0.0993989
7.57828e-10	-0.0996535
7.57956e-10	-0.0999081
7.58085e-10	-0.100163
7.58213e-10	-0.100417
7.58342e-10	-0.100671
7.5847e-10	-0.100926
7.58598e-10	-0.10118
7.58727e-10	-0.101434
7.58855e-10	-0.101688
7.58984e-10	-0.101942
7.59112e-10	-0.102196
7.5924e-10	-0.10245
7.59369e-10	-0.102704
7.59497e-10	-0.102958
7.59626e-10	-0.103211
7.59754e-10	-0.103465
7.59883e-10	-0.103718
7.60011e-10	-0.103972
7.60139e-10	-0.104225
7.60268e-10	-0.104479
7.60396e-10	-0.104732
7.60525e-10	-0.104985
7.60653e-10	-0.105238
7.60781e-10	-0.105491
7.6091e-10	-0.105744
7.61038e-10	-0.105996
7.61167e-10	-0.106249
7.61295e-10	-0.106502
7.61423e-10	-0.106754
7.61552e-10	-0.107006
7.6168e-10	-0.107259
7.61809e-10	-0.107511
7.61937e-10	-0.107763
7.62066e-10	-0.108015
7.62194e-10	-0.108267
7.62322e-10	-0.108519
7.62451e-10	-0.10877
7.62579e-10	-0.109022
7.62708e-10	-0.109273
7.62836e-10	-0.109525
7.62964e-10	-0.109776
7.63093e-10	-0.110027
7.63221e-10	-0.110278
7.6335e-10	-0.110529
7.63478e-10	-0.11078
7.63606e-10	-0.111031
7.63735e-10	-0.111281
7.63863e-10	-0.111532
7.63992e-10	-0.111782
7.6412e-10	-0.112032
7.64249e-10	-0.112282
7.64377e-10	-0.112532
7.64505e-10	-0.112782
7.64634e-10	-0.113032
7.64762e-10	-0.113281
7.64891e-10	-0.113531
7.65019e-10	-0.11378
7.65147e-10	-0.114029
7.65276e-10	-0.114278
7.65404e-10	-0.114527
7.65533e-10	-0.114776
7.65661e-10	-0.115025
7.6579e-10	-0.115273
7.65918e-10	-0.115521
7.66046e-10	-0.11577
7.66175e-10	-0.116018
7.66303e-10	-0.116266
7.66432e-10	-0.116513
7.6656e-10	-0.116761
7.66688e-10	-0.117009
7.66817e-10	-0.117256
7.66945e-10	-0.117503
7.67074e-10	-0.11775
7.67202e-10	-0.117997
7.6733e-10	-0.118244
7.67459e-10	-0.11849
7.67587e-10	-0.118737
7.67716e-10	-0.118983
7.67844e-10	-0.119229
7.67973e-10	-0.119475
7.68101e-10	-0.119721
7.68229e-10	-0.119966
7.68358e-10	-0.120212
7.68486e-10	-0.120457
7.68615e-10	-0.120702
7.68743e-10	-0.120947
7.68871e-10	-0.121192
7.69e-10	-0.121436
7.69128e-10	-0.121681
7.69257e-10	-0.121925
7.69385e-10	-0.122169
7.69513e-10	-0.122413
7.69642e-10	-0.122656
7.6977e-10	-0.1229
7.69899e-10	-0.123143
7.70027e-10	-0.123386
7.70156e-10	-0.123629
7.70284e-10	-0.123872
7.70412e-10	-0.124115
7.70541e-10	-0.124357
7.70669e-10	-0.124599
7.70798e-10	-0.124841
7.70926e-10	-0.125083
7.71054e-10	-0.125324
7.71183e-10	-0.125566
7.71311e-10	-0.125807
7.7144e-10	-0.126048
7.71568e-10	-0.126289
7.71696e-10	-0.126529
7.71825e-10	-0.12677
7.71953e-10	-0.12701
7.72082e-10	-0.12725
7.7221e-10	-0.12749
7.72339e-10	-0.127729
7.72467e-10	-0.127969
7.72595e-10	-0.128208
7.72724e-10	-0.128447
7.72852e-10	-0.128685
7.72981e-10	-0.128924
7.73109e-10	-0.129162
7.73237e-10	-0.1294
7.73366e-10	-0.129638
7.73494e-10	-0.129875
7.73623e-10	-0.130113
7.73751e-10	-0.13035
7.7388e-10	-0.130587
7.74008e-10	-0.130824
7.74136e-10	-0.13106
7.74265e-10	-0.131296
7.74393e-10	-0.131532
7.74522e-10	-0.131768
7.7465e-10	-0.132004
7.74778e-10	-0.132239
7.74907e-10	-0.132474
7.75035e-10	-0.132709
7.75164e-10	-0.132943
7.75292e-10	-0.133177
7.7542e-10	-0.133412
7.75549e-10	-0.133645
7.75677e-10	-0.133879
7.75806e-10	-0.134112
7.75934e-10	-0.134345
7.76063e-10	-0.134578
7.76191e-10	-0.134811
7.76319e-10	-0.135043
7.76448e-10	-0.135275
7.76576e-10	-0.135507
7.76705e-10	-0.135738
7.76833e-10	-0.13597
7.76961e-10	-0.136201
7.7709e-10	-0.136431
7.77218e-10	-0.136662
7.77347e-10	-0.136892
7.77475e-10	-0.137122
7.77603e-10	-0.137352
7.77732e-10	-0.137581
7.7786e-10	-0.13781
7.77989e-10	-0.138039
7.78117e-10	-0.138268
7.78246e-10	-0.138496
7.78374e-10	-0.138724
7.78502e-10	-0.138952
7.78631e-10	-0.139179
7.78759e-10	-0.139407
7.78888e-10	-0.139634
7.79016e-10	-0.13986
7.79144e-10	-0.140086
7.79273e-10	-0.140313
7.79401e-10	-0.140538
7.7953e-10	-0.140764
7.79658e-10	-0.140989
7.79786e-10	-0.141214
7.79915e-10	-0.141438
7.80043e-10	-0.141663
7.80172e-10	-0.141887
7.803e-10	-0.14211
7.80429e-10	-0.142334
7.80557e-10	-0.142557
7.80685e-10	-0.14278
7.80814e-10	-0.143002
7.80942e-10	-0.143224
7.81071e-10	-0.143446
7.81199e-10	-0.143668
7.81327e-10	-0.143889
7.81456e-10	-0.14411
7.81584e-10	-0.14433
7.81713e-10	-0.144551
7.81841e-10	-0.144771
7.8197e-10	-0.14499
7.82098e-10	-0.14521
7.82226e-10	-0.145429
7.82355e-10	-0.145647
7.82483e-10	-0.145866
7.82612e-10	-0.146084
7.8274e-10	-0.146301
7.82868e-10	-0.146519
7.82997e-10	-0.146736
7.83125e-10	-0.146952
7.83254e-10	-0.147169
7.83382e-10	-0.147385
7.8351e-10	-0.147601
7.83639e-10	-0.147816
7.83767e-10	-0.148031
7.83896e-10	-0.148246
7.84024e-10	-0.14846
7.84153e-10	-0.148674
7.84281e-10	-0.148888
7.84409e-10	-0.149101
7.84538e-10	-0.149314
7.84666e-10	-0.149527
7.84795e-10	-0.149739
7.84923e-10	-0.149951
7.85051e-10	-0.150162
7.8518e-10	-0.150373
7.85308e-10	-0.150584
7.85437e-10	-0.150795
7.85565e-10	-0.151005
7.85693e-10	-0.151215
7.85822e-10	-0.151424
7.8595e-10	-0.151633
7.86079e-10	-0.151842
7.86207e-10	-0.15205
7.86336e-10	-0.152258
7.86464e-10	-0.152465
7.86592e-10	-0.152672
7.86721e-10	-0.152879
7.86849e-10	-0.153086
7.86978e-10	-0.153292
7.87106e-10	-0.153497
7.87234e-10	-0.153703
7.87363e-10	-0.153908
7.87491e-10	-0.154112
7.8762e-10	-0.154316
7.87748e-10	-0.15452
7.87877e-10	-0.154723
7.88005e-10	-0.154926
7.88133e-10	-0.155129
7.88262e-10	-0.155331
7.8839e-10	-0.155533
7.88519e-10	-0.155734
7.88647e-10	-0.155935
7.88775e-10	-0.156136
7.88904e-10	-0.156336
7.89032e-10	-0.156536
7.89161e-10	-0.156735
7.89289e-10	-0.156934
7.89417e-10	-0.157133
7.89546e-10	-0.157331
7.89674e-10	-0.157529
7.89803e-10	-0.157726
7.89931e-10	-0.157923
7.9006e-10	-0.15812
7.90188e-10	-0.158316
7.90316e-10	-0.158511
7.90445e-10	-0.158707
7.90573e-10	-0.158902
7.90702e-10	-0.159096
7.9083e-10	-0.15929
7.90958e-10	-0.159484
7.91087e-10	-0.159677
7.91215e-10	-0.15987
7.91344e-10	-0.160062
7.91472e-10	-0.160254
7.916e-10	-0.160445
7.91729e-10	-0.160636
7.91857e-10	-0.160827
7.91986e-10	-0.161017
7.92114e-10	-0.161207
7.92243e-10	-0.161396
7.92371e-10	-0.161585
7.92499e-10	-0.161773
7.92628e-10	-0.161961
7.92756e-10	-0.162149
7.92885e-10	-0.162336
7.93013e-10	-0.162523
7.93141e-10	-0.162709
7.9327e-10	-0.162895
7.93398e-10	-0.16308
7.93527e-10	-0.163265
7.93655e-10	-0.163449
7.93783e-10	-0.163633
7.93912e-10	-0.163816
7.9404e-10	-0.163999
7.94169e-10	-0.164182
7.94297e-10	-0.164364
7.94426e-10	-0.164546
7.94554e-10	-0.164727
7.94682e-10	-0.164907
7.94811e-10	-0.165088
7.94939e-10	-0.165267
7.95068e-10	-0.165447
7.95196e-10	-0.165625
7.95324e-10	-0.165804
7.95453e-10	-0.165982
7.95581e-10	-0.166159
7.9571e-10	-0.166336
7.95838e-10	-0.166512
7.95967e-10	-0.166688
7.96095e-10	-0.166864
7.96223e-10	-0.167039
7.96352e-10	-0.167213
7.9648e-10	-0.167387
7.96609e-10	-0.167561
7.96737e-10	-0.167734
7.96865e-10	-0.167906
7.96994e-10	-0.168078
7.97122e-10	-0.16825
7.97251e-10	-0.168421
7.97379e-10	-0.168591
7.97507e-10	-0.168761
7.97636e-10	-0.168931
7.97764e-10	-0.1691
7.97893e-10	-0.169269
7.98021e-10	-0.169437
7.9815e-10	-0.169604
7.98278e-10	-0.169771
7.98406e-10	-0.169938
7.98535e-10	-0.170104
7.98663e-10	-0.170269
7.98792e-10	-0.170434
7.9892e-10	-0.170599
7.99048e-10	-0.170762
7.99177e-10	-0.170926
7.99305e-10	-0.171089
7.99434e-10	-0.171251
7.99562e-10	-0.171413
7.9969e-10	-0.171574
7.99819e-10	-0.171735
7.99947e-10	-0.171895
8.00076e-10	-0.172055
8.00204e-10	-0.172214
8.00333e-10	-0.172373
8.00461e-10	-0.172531
8.00589e-10	-0.172689
8.00718e-10	-0.172846
8.00846e-10	-0.173002
8.00975e-10	-0.173158
8.01103e-10	-0.173314
8.01231e-10	-0.173469
8.0136e-10	-0.173623
8.01488e-10	-0.173777
8.01617e-10	-0.17393
8.01745e-10	-0.174083
8.01873e-10	-0.174235
8.02002e-10	-0.174387
8.0213e-10	-0.174538
8.02259e-10	-0.174689
8.02387e-10	-0.174839
8.02516e-10	-0.174988
8.02644e-10	-0.175137
8.02772e-10	-0.175285
8.02901e-10	-0.175433
8.03029e-10	-0.17558
8.03158e-10	-0.175727
8.03286e-10	-0.175873
8.03414e-10	-0.176018
8.03543e-10	-0.176163
8.03671e-10	-0.176308
8.038e-10	-0.176451
8.03928e-10	-0.176594
8.04057e-10	-0.176737
8.04185e-10	-0.176879
8.04313e-10	-0.177021
8.04442e-10	-0.177162
8.0457e-10	-0.177302
8.04699e-10	-0.177442
8.04827e-10	-0.177581
8.04955e-10	-0.177719
8.05084e-10	-0.177857
8.05212e-10	-0.177995
8.05341e-10	-0.178132
8.05469e-10	-0.178268
8.05597e-10	-0.178403
8.05726e-10	-0.178539
8.05854e-10	-0.178673
8.05983e-10	-0.178807
8.06111e-10	-0.17894
8.0624e-10	-0.179073
8.06368e-10	-0.179205
8.06496e-10	-0.179336
8.06625e-10	-0.179467
8.06753e-10	-0.179597
8.06882e-10	-0.179727
8.0701e-10	-0.179856
8.07138e-10	-0.179984
8.07267e-10	-0.180112
8.07395e-10	-0.180239
8.07524e-10	-0.180366
8.07652e-10	-0.180492
8.0778e-10	-0.180617
8.07909e-10	-0.180742
8.08037e-10	-0.180866
8.08166e-10	-0.18099
8.08294e-10	-0.181113
8.08423e-10	-0.181235
8.08551e-10	-0.181357
8.08679e-10	-0.181478
8.08808e-10	-0.181598
8.08936e-10	-0.181718
8.09065e-10	-0.181837
8.09193e-10	-0.181955
8.09321e-10	-0.182073
8.0945e-10	-0.182191
8.09578e-10	-0.182307
8.09707e-10	-0.182423
8.09835e-10	-0.182538
8.09963e-10	-0.182653
8.10092e-10	-0.182767
8.1022e-10	-0.182881
8.10349e-10	-0.182993
8.10477e-10	-0.183105
8.10606e-10	-0.183217
8.10734e-10	-0.183328
8.10862e-10	-0.183438
8.10991e-10	-0.183547
8.11119e-10	-0.183656
8.11248e-10	-0.183765
8.11376e-10	-0.183872
8.11504e-10	-0.183979
8.11633e-10	-0.184085
8.11761e-10	-0.184191
8.1189e-10	-0.184296
8.12018e-10	-0.1844
8.12147e-10	-0.184504
8.12275e-10	-0.184607
8.12403e-10	-0.184709
8.12532e-10	-0.184811
8.1266e-10	-0.184911
8.12789e-10	-0.185012
8.12917e-10	-0.185111
8.13045e-10	-0.18521
8.13174e-10	-0.185309
8.13302e-10	-0.185406
8.13431e-10	-0.185503
8.13559e-10	-0.185599
8.13687e-10	-0.185695
8.13816e-10	-0.18579
8.13944e-10	-0.185884
8.14073e-10	-0.185977
8.14201e-10	-0.18607
8.1433e-10	-0.186162
8.14458e-10	-0.186254
8.14586e-10	-0.186344
8.14715e-10	-0.186435
8.14843e-10	-0.186524
8.14972e-10	-0.186613
8.151e-10	-0.186701
8.15228e-10	-0.186788
8.15357e-10	-0.186874
8.15485e-10	-0.18696
8.15614e-10	-0.187046
8.15742e-10	-0.18713
8.1587e-10	-0.187214
8.15999e-10	-0.187297
8.16127e-10	-0.187379
8.16256e-10	-0.187461
8.16384e-10	-0.187542
8.16513e-10	-0.187622
8.16641e-10	-0.187702
8.16769e-10	-0.187781
8.16898e-10	-0.187859
8.17026e-10	-0.187936
8.17155e-10	-0.188013
8.17283e-10	-0.188089
8.17411e-10	-0.188164
8.1754e-10	-0.188239
8.17668e-10	-0.188312
8.17797e-10	-0.188386
8.17925e-10	-0.188458
8.18053e-10	-0.18853
8.18182e-10	-0.1886
8.1831e-10	-0.188671
8.18439e-10	-0.18874
8.18567e-10	-0.188809
8.18696e-10	-0.188877
8.18824e-10	-0.188944
8.18952e-10	-0.189011
8.19081e-10	-0.189077
8.19209e-10	-0.189142
8.19338e-10	-0.189206
8.19466e-10	-0.18927
8.19594e-10	-0.189332
8.19723e-10	-0.189395
8.19851e-10	-0.189456
8.1998e-10	-0.189517
8.20108e-10	-0.189576
8.20237e-10	-0.189636
8.20365e-10	-0.189694
8.20493e-10	-0.189752
8.20622e-10	-0.189808
8.2075e-10	-0.189865
8.20879e-10	-0.18992
8.21007e-10	-0.189975
8.21135e-10	-0.190029
8.21264e-10	-0.190082
8.21392e-10	-0.190134
8.21521e-10	-0.190186
8.21649e-10	-0.190236
8.21777e-10	-0.190287
8.21906e-10	-0.190336
8.22034e-10	-0.190384
8.22163e-10	-0.190432
8.22291e-10	-0.190479
8.2242e-10	-0.190525
8.22548e-10	-0.190571
8.22676e-10	-0.190616
8.22805e-10	-0.19066
8.22933e-10	-0.190703
8.23062e-10	-0.190745
8.2319e-10	-0.190787
8.23318e-10	-0.190828
8.23447e-10	-0.190868
8.23575e-10	-0.190907
8.23704e-10	-0.190946
8.23832e-10	-0.190983
8.2396e-10	-0.19102
8.24089e-10	-0.191056
8.24217e-10	-0.191092
8.24346e-10	-0.191126
8.24474e-10	-0.19116
8.24603e-10	-0.191193
8.24731e-10	-0.191225
8.24859e-10	-0.191257
8.24988e-10	-0.191288
8.25116e-10	-0.191317
8.25245e-10	-0.191346
8.25373e-10	-0.191375
8.25501e-10	-0.191402
8.2563e-10	-0.191429
8.25758e-10	-0.191455
8.25887e-10	-0.19148
8.26015e-10	-0.191504
8.26144e-10	-0.191528
8.26272e-10	-0.19155
8.264e-10	-0.191572
8.26529e-10	-0.191593
8.26657e-10	-0.191613
8.26786e-10	-0.191633
8.26914e-10	-0.191651
8.27042e-10	-0.191669
8.27171e-10	-0.191686
8.27299e-10	-0.191702
8.27428e-10	-0.191718
8.27556e-10	-0.191732
8.27684e-10	-0.191746
8.27813e-10	-0.191759
8.27941e-10	-0.191771
8.2807e-10	-0.191782
8.28198e-10	-0.191793
8.28327e-10	-0.191803
8.28455e-10	-0.191811
8.28583e-10	-0.191819
8.28712e-10	-0.191827
8.2884e-10	-0.191833
8.28969e-10	-0.191838
8.29097e-10	-0.191843
8.29225e-10	-0.191847
8.29354e-10	-0.19185
8.29482e-10	-0.191852
8.29611e-10	-0.191854
8.29739e-10	-0.191854
8.29867e-10	-0.191854
8.29996e-10	-0.191853
8.30124e-10	-0.191851
8.30253e-10	-0.191848
8.30381e-10	-0.191844
8.3051e-10	-0.19184
8.30638e-10	-0.191834
8.30766e-10	-0.191828
8.30895e-10	-0.191821
8.31023e-10	-0.191813
8.31152e-10	-0.191805
8.3128e-10	-0.191795
8.31408e-10	-0.191785
8.31537e-10	-0.191773
8.31665e-10	-0.191761
8.31794e-10	-0.191748
8.31922e-10	-0.191734
8.3205e-10	-0.19172
8.32179e-10	-0.191704
8.32307e-10	-0.191688
8.32436e-10	-0.191671
8.32564e-10	-0.191652
8.32693e-10	-0.191634
8.32821e-10	-0.191614
8.32949e-10	-0.191593
8.33078e-10	-0.191571
8.33206e-10	-0.191549
8.33335e-10	-0.191526
8.33463e-10	-0.191502
8.33591e-10	-0.191477
8.3372e-10	-0.191451
8.33848e-10	-0.191424
8.33977e-10	-0.191396
8.34105e-10	-0.191368
8.34234e-10	-0.191339
8.34362e-10	-0.191308
8.3449e-10	-0.191277
8.34619e-10	-0.191245
8.34747e-10	-0.191213
8.34876e-10	-0.191179
8.35004e-10	-0.191144
8.35132e-10	-0.191109
8.35261e-10	-0.191072
8.35389e-10	-0.191035
8.35518e-10	-0.190997
8.35646e-10	-0.190958
8.35774e-10	-0.190918
8.35903e-10	-0.190877
8.36031e-10	-0.190836
8.3616e-10	-0.190793
8.36288e-10	-0.19075
8.36417e-10	-0.190706
8.36545e-10	-0.19066
8.36673e-10	-0.190614
8.36802e-10	-0.190567
8.3693e-10	-0.190519
8.37059e-10	-0.190471
8.37187e-10	-0.190421
8.37315e-10	-0.190371
8.37444e-10	-0.190319
8.37572e-10	-0.190267
8.37701e-10	-0.190213
8.37829e-10	-0.190159
8.37957e-10	-0.190104
8.38086e-10	-0.190048
8.38214e-10	-0.189992
8.38343e-10	-0.189934
8.38471e-10	-0.189875
8.386e-10	-0.189816
8.38728e-10	-0.189755
8.38856e-10	-0.189694
8.38985e-10	-0.189632
8.39113e-10	-0.189568
8.39242e-10	-0.189504
8.3937e-10	-0.189439
8.39498e-10	-0.189373
8.39627e-10	-0.189307
8.39755e-10	-0.189239
8.39884e-10	-0.18917
8.40012e-10	-0.189101
8.4014e-10	-0.18903
8.40269e-10	-0.188959
8.40397e-10	-0.188887
8.40526e-10	-0.188814
8.40654e-10	-0.188739
8.40783e-10	-0.188664
8.40911e-10	-0.188588
8.41039e-10	-0.188512
8.41168e-10	-0.188434
8.41296e-10	-0.188355
8.41425e-10	-0.188275
8.41553e-10	-0.188195
8.41681e-10	-0.188113
8.4181e-10	-0.188031
8.41938e-10	-0.187948
8.42067e-10	-0.187863
8.42195e-10	-0.187778
8.42324e-10	-0.187692
8.42452e-10	-0.187605
8.4258e-10	-0.187517
8.42709e-10	-0.187428
8.42837e-10	-0.187338
8.42966e-10	-0.187247
8.43094e-10	-0.187156
8.43222e-10	-0.187063
8.43351e-10	-0.18697
8.43479e-10	-0.186875
8.43608e-10	-0.18678
8.43736e-10	-0.186683
8.43864e-10	-0.186586
8.43993e-10	-0.186488
8.44121e-10	-0.186388
8.4425e-10	-0.186288
8.44378e-10	-0.186187
8.44507e-10	-0.186085
8.44635e-10	-0.185982
8.44763e-10	-0.185878
8.44892e-10	-0.185774
8.4502e-10	-0.185668
8.45149e-10	-0.185561
8.45277e-10	-0.185453
8.45405e-10	-0.185345
8.45534e-10	-0.185235
8.45662e-10	-0.185125
8.45791e-10	-0.185013
8.45919e-10	-0.184901
8.46047e-10	-0.184787
8.46176e-10	-0.184673
8.46304e-10	-0.184558
8.46433e-10	-0.184441
8.46561e-10	-0.184324
8.4669e-10	-0.184206
8.46818e-10	-0.184087
8.46946e-10	-0.183967
8.47075e-10	-0.183846
8.47203e-10	-0.183724
8.47332e-10	-0.183601
8.4746e-10	-0.183477
8.47588e-10	-0.183353
8.47717e-10	-0.183227
8.47845e-10	-0.1831
8.47974e-10	-0.182972
8.48102e-10	-0.182844
8.4823e-10	-0.182714
8.48359e-10	-0.182583
8.48487e-10	-0.182452
8.48616e-10	-0.182319
8.48744e-10	-0.182186
8.48873e-10	-0.182051
8.49001e-10	-0.181916
8.49129e-10	-0.18178
8.49258e-10	-0.181642
8.49386e-10	-0.181504
8.49515e-10	-0.181365
8.49643e-10	-0.181225
8.49771e-10	-0.181083
8.499e-10	-0.180941
8.50028e-10	-0.180798
8.50157e-10	-0.180654
8.50285e-10	-0.180509
8.50414e-10	-0.180363
8.50542e-10	-0.180216
8.5067e-10	-0.180068
8.50799e-10	-0.179919
8.50927e-10	-0.179769
8.51056e-10	-0.179618
8.51184e-10	-0.179466
8.51312e-10	-0.179313
8.51441e-10	-0.179159
8.51569e-10	-0.179004
8.51698e-10	-0.178849
8.51826e-10	-0.178692
8.51954e-10	-0.178534
8.52083e-10	-0.178375
8.52211e-10	-0.178216
8.5234e-10	-0.178055
8.52468e-10	-0.177893
8.52597e-10	-0.177731
8.52725e-10	-0.177567
8.52853e-10	-0.177402
8.52982e-10	-0.177237
8.5311e-10	-0.17707
8.53239e-10	-0.176903
8.53367e-10	-0.176734
8.53495e-10	-0.176564
8.53624e-10	-0.176394
8.53752e-10	-0.176222
8.53881e-10	-0.17605
8.54009e-10	-0.175876
8.54137e-10	-0.175702
8.54266e-10	-0.175527
8.54394e-10	-0.17535
8.54523e-10	-0.175173
8.54651e-10	-0.174994
8.5478e-10	-0.174815
8.54908e-10	-0.174634
8.55036e-10	-0.174453
8.55165e-10	-0.174271
8.55293e-10	-0.174087
8.55422e-10	-0.173903
8.5555e-10	-0.173718
8.55678e-10	-0.173531
8.55807e-10	-0.173344
8.55935e-10	-0.173156
8.56064e-10	-0.172966
8.56192e-10	-0.172776
8.56321e-10	-0.172585
8.56449e-10	-0.172392
8.56577e-10	-0.172199
8.56706e-10	-0.172005
8.56834e-10	-0.17181
8.56963e-10	-0.171613
8.57091e-10	-0.171416
8.57219e-10	-0.171218
8.57348e-10	-0.171019
8.57476e-10	-0.170818
8.57605e-10	-0.170617
8.57733e-10	-0.170415
8.57861e-10	-0.170212
8.5799e-10	-0.170007
8.58118e-10	-0.169802
8.58247e-10	-0.169596
8.58375e-10	-0.169389
8.58504e-10	-0.16918
8.58632e-10	-0.168971
8.5876e-10	-0.168761
8.58889e-10	-0.16855
8.59017e-10	-0.168337
8.59146e-10	-0.168124
8.59274e-10	-0.16791
8.59402e-10	-0.167695
8.59531e-10	-0.167478
8.59659e-10	-0.167261
8.59788e-10	-0.167043
8.59916e-10	-0.166824
8.60044e-10	-0.166604
8.60173e-10	-0.166382
8.60301e-10	-0.16616
8.6043e-10	-0.165937
8.60558e-10	-0.165712
8.60687e-10	-0.165487
8.60815e-10	-0.165261
8.60943e-10	-0.165034
8.61072e-10	-0.164805
8.612e-10	-0.164576
8.61329e-10	-0.164346
8.61457e-10	-0.164115
8.61585e-10	-0.163882
8.61714e-10	-0.163649
8.61842e-10	-0.163415
8.61971e-10	-0.163179
8.62099e-10	-0.162943
8.62227e-10	-0.162706
8.62356e-10	-0.162467
8.62484e-10	-0.162228
8.62613e-10	-0.161988
8.62741e-10	-0.161746
8.6287e-10	-0.161504
8.62998e-10	-0.161261
8.63126e-10	-0.161016
8.63255e-10	-0.160771
8.63383e-10	-0.160524
8.63512e-10	-0.160277
8.6364e-10	-0.160029
8.63768e-10	-0.159779
8.63897e-10	-0.159529
8.64025e-10	-0.159277
8.64154e-10	-0.159025
8.64282e-10	-0.158771
8.64411e-10	-0.158517
8.64539e-10	-0.158262
8.64667e-10	-0.158005
8.64796e-10	-0.157748
8.64924e-10	-0.157489
8.65053e-10	-0.15723
8.65181e-10	-0.156969
8.65309e-10	-0.156708
8.65438e-10	-0.156445
8.65566e-10	-0.156182
8.65695e-10	-0.155917
8.65823e-10	-0.155651
8.65951e-10	-0.155385
8.6608e-10	-0.155117
8.66208e-10	-0.154849
8.66337e-10	-0.154579
8.66465e-10	-0.154309
8.66594e-10	-0.154037
8.66722e-10	-0.153764
8.6685e-10	-0.153491
8.66979e-10	-0.153216
8.67107e-10	-0.15294
8.67236e-10	-0.152664
8.67364e-10	-0.152386
8.67492e-10	-0.152107
8.67621e-10	-0.151828
8.67749e-10	-0.151547
8.67878e-10	-0.151265
8.68006e-10	-0.150983
8.68134e-10	-0.150699
8.68263e-10	-0.150414
8.68391e-10	-0.150128
8.6852e-10	-0.149842
8.68648e-10	-0.149554
8.68777e-10	-0.149265
8.68905e-10	-0.148975
8.69033e-10	-0.148685
8.69162e-10	-0.148393
8.6929e-10	-0.1481
8.69419e-10	-0.147806
8.69547e-10	-0.147511
8.69675e-10	-0.147216
8.69804e-10	-0.146919
8.69932e-10	-0.146621
8.70061e-10	-0.146322
8.70189e-10	-0.146022
8.70317e-10	-0.145721
8.70446e-10	-0.145419
8.70574e-10	-0.145117
8.70703e-10	-0.144813
8.70831e-10	-0.144508
8.7096e-10	-0.144202
8.71088e-10	-0.143895
8.71216e-10	-0.143587
8.71345e-10	-0.143278
8.71473e-10	-0.142968
8.71602e-10	-0.142657
8.7173e-10	-0.142345
8.71858e-10	-0.142032
8.71987e-10	-0.141719
8.72115e-10	-0.141404
8.72244e-10	-0.141088
8.72372e-10	-0.140771
8.72501e-10	-0.140453
8.72629e-10	-0.140134
8.72757e-10	-0.139814
8.72886e-10	-0.139493
8.73014e-10	-0.139171
8.73143e-10	-0.138848
8.73271e-10	-0.138524
8.73399e-10	-0.138199
8.73528e-10	-0.137873
8.73656e-10	-0.137546
8.73785e-10	-0.137218
8.73913e-10	-0.136889
8.74041e-10	-0.136559
8.7417e-10	-0.136228
8.74298e-10	-0.135896
8.74427e-10	-0.135563
8.74555e-10	-0.135229
8.74684e-10	-0.134894
8.74812e-10	-0.134558
8.7494e-10	-0.134221
8.75069e-10	-0.133883
8.75197e-10	-0.133544
8.75326e-10	-0.133204
8.75454e-10	-0.132863
8.75582e-10	-0.132521
8.75711e-10	-0.132178
8.75839e-10	-0.131834
8.75968e-10	-0.131489
8.76096e-10	-0.131143
8.76224e-10	-0.130796
8.76353e-10	-0.130448
8.76481e-10	-0.130099
8.7661e-10	-0.129749
8.76738e-10	-0.129398
8.76867e-10	-0.129046
8.76995e-10	-0.128693
8.77123e-10	-0.128339
8.77252e-10	-0.127984
8.7738e-10	-0.127628
8.77509e-10	-0.127271
8.77637e-10	-0.126913
8.77765e-10	-0.126554
8.77894e-10	-0.126194
8.78022e-10	-0.125833
8.78151e-10	-0.125471
8.78279e-10	-0.125108
8.78407e-10	-0.124744
8.78536e-10	-0.12438
8.78664e-10	-0.124014
8.78793e-10	-0.123647
8.78921e-10	-0.123279
8.7905e-10	-0.12291
8.79178e-10	-0.12254
8.79306e-10	-0.12217
8.79435e-10	-0.121798
8.79563e-10	-0.121425
8.79692e-10	-0.121051
8.7982e-10	-0.120677
8.79948e-10	-0.120301
8.80077e-10	-0.119924
8.80205e-10	-0.119547
8.80334e-10	-0.119168
8.80462e-10	-0.118788
8.80591e-10	-0.118408
8.80719e-10	-0.118026
8.80847e-10	-0.117643
8.80976e-10	-0.11726
8.81104e-10	-0.116875
8.81233e-10	-0.11649
8.81361e-10	-0.116103
8.81489e-10	-0.115716
8.81618e-10	-0.115327
8.81746e-10	-0.114938
8.81875e-10	-0.114547
8.82003e-10	-0.114156
8.82131e-10	-0.113764
8.8226e-10	-0.11337
8.82388e-10	-0.112976
8.82517e-10	-0.112581
8.82645e-10	-0.112185
8.82774e-10	-0.111787
8.82902e-10	-0.111389
8.8303e-10	-0.11099
8.83159e-10	-0.11059
8.83287e-10	-0.110189
8.83416e-10	-0.109787
8.83544e-10	-0.109384
8.83672e-10	-0.10898
8.83801e-10	-0.108575
8.83929e-10	-0.108169
8.84058e-10	-0.107762
8.84186e-10	-0.107354
8.84314e-10	-0.106945
8.84443e-10	-0.106535
8.84571e-10	-0.106125
8.847e-10	-0.105713
8.84828e-10	-0.1053
8.84957e-10	-0.104887
8.85085e-10	-0.104472
8.85213e-10	-0.104056
8.85342e-10	-0.10364
8.8547e-10	-0.103222
8.85599e-10	-0.102804
8.85727e-10	-0.102385
8.85855e-10	-0.101964
8.85984e-10	-0.101543
8.86112e-10	-0.101121
8.86241e-10	-0.100698
8.86369e-10	-0.100273
8.86498e-10	-0.0998484
8.86626e-10	-0.0994223
8.86754e-10	-0.0989953
8.86883e-10	-0.0985674
8.87011e-10	-0.0981385
8.8714e-10	-0.0977086
8.87268e-10	-0.0972779
8.87396e-10	-0.0968461
8.87525e-10	-0.0964135
8.87653e-10	-0.0959798
8.87782e-10	-0.0955453
8.8791e-10	-0.0951098
8.88038e-10	-0.0946733
8.88167e-10	-0.094236
8.88295e-10	-0.0937976
8.88424e-10	-0.0933584
8.88552e-10	-0.0929182
8.88681e-10	-0.092477
8.88809e-10	-0.092035
8.88937e-10	-0.091592
8.89066e-10	-0.091148
8.89194e-10	-0.0907032
8.89323e-10	-0.0902574
8.89451e-10	-0.0898106
8.89579e-10	-0.0893629
8.89708e-10	-0.0889144
8.89836e-10	-0.0884648
8.89965e-10	-0.0880144
8.90093e-10	-0.087563
8.90221e-10	-0.0871107
8.9035e-10	-0.0866575
8.90478e-10	-0.0862033
8.90607e-10	-0.0857482
8.90735e-10	-0.0852922
8.90864e-10	-0.0848353
8.90992e-10	-0.0843775
8.9112e-10	-0.0839187
8.91249e-10	-0.083459
8.91377e-10	-0.0829985
8.91506e-10	-0.0825369
8.91634e-10	-0.0820745
8.91762e-10	-0.0816112
8.91891e-10	-0.0811469
8.92019e-10	-0.0806818
8.92148e-10	-0.0802157
8.92276e-10	-0.0797487
8.92404e-10	-0.0792808
8.92533e-10	-0.078812
8.92661e-10	-0.0783423
8.9279e-10	-0.0778717
8.92918e-10	-0.0774002
8.93047e-10	-0.0769277
8.93175e-10	-0.0764544
8.93303e-10	-0.0759802
8.93432e-10	-0.0755051
8.9356e-10	-0.075029
8.93689e-10	-0.0745521
8.93817e-10	-0.0740743
8.93945e-10	-0.0735956
8.94074e-10	-0.073116
8.94202e-10	-0.0726354
8.94331e-10	-0.0721541
8.94459e-10	-0.0716718
8.94588e-10	-0.0711886
8.94716e-10	-0.0707045
8.94844e-10	-0.0702195
8.94973e-10	-0.0697337
8.95101e-10	-0.069247
8.9523e-10	-0.0687594
8.95358e-10	-0.0682708
8.95486e-10	-0.0677815
8.95615e-10	-0.0672912
8.95743e-10	-0.0668001
8.95872e-10	-0.066308
8.96e-10	-0.0658151
8.96128e-10	-0.0653213
8.96257e-10	-0.0648267
8.96385e-10	-0.0643312
8.96514e-10	-0.0638348
8.96642e-10	-0.0633375
8.96771e-10	-0.0628393
8.96899e-10	-0.0623403
8.97027e-10	-0.0618405
8.97156e-10	-0.0613397
8.97284e-10	-0.0608381
8.97413e-10	-0.0603356
8.97541e-10	-0.0598323
8.97669e-10	-0.0593281
8.97798e-10	-0.058823
8.97926e-10	-0.0583171
8.98055e-10	-0.0578103
8.98183e-10	-0.0573027
8.98311e-10	-0.0567942
8.9844e-10	-0.0562848
8.98568e-10	-0.0557746
8.98697e-10	-0.0552636
8.98825e-10	-0.0547517
8.98954e-10	-0.0542389
8.99082e-10	-0.0537253
8.9921e-10	-0.0532109
8.99339e-10	-0.0526956
8.99467e-10	-0.0521795
8.99596e-10	-0.0516625
8.99724e-10	-0.0511447
8.99852e-10	-0.050626
8.99981e-10	-0.0501065
9.00109e-10	-0.0495862
9.00238e-10	-0.049065
9.00366e-10	-0.048543
9.00494e-10	-0.0480202
9.00623e-10	-0.0474965
9.00751e-10	-0.046972
9.0088e-10	-0.0464467
9.01008e-10	-0.0459206
9.01137e-10	-0.0453936
9.01265e-10	-0.0448658
9.01393e-10	-0.0443372
9.01522e-10	-0.0438077
9.0165e-10	-0.0432775
9.01779e-10	-0.0427464
9.01907e-10	-0.0422145
9.02035e-10	-0.0416818
9.02164e-10	-0.0411482
9.02292e-10	-0.0406139
9.02421e-10	-0.0400787
9.02549e-10	-0.0395428
9.02678e-10	-0.039006
9.02806e-10	-0.0384684
9.02934e-10	-0.03793
9.03063e-10	-0.0373908
9.03191e-10	-0.0368509
9.0332e-10	-0.0363101
9.03448e-10	-0.0357685
9.03576e-10	-0.0352261
9.03705e-10	-0.0346829
9.03833e-10	-0.0341389
9.03962e-10	-0.0335941
9.0409e-10	-0.0330486
9.04218e-10	-0.0325022
9.04347e-10	-0.0319551
9.04475e-10	-0.0314071
9.04604e-10	-0.0308584
9.04732e-10	-0.0303089
9.04861e-10	-0.0297586
9.04989e-10	-0.0292076
9.05117e-10	-0.0286557
9.05246e-10	-0.0281031
9.05374e-10	-0.0275497
9.05503e-10	-0.0269955
9.05631e-10	-0.0264406
9.05759e-10	-0.0258849
9.05888e-10	-0.0253284
9.06016e-10	-0.0247711
9.06145e-10	-0.0242131
9.06273e-10	-0.0236543
9.06401e-10	-0.0230948
9.0653e-10	-0.0225344
9.06658e-10	-0.0219734
9.06787e-10	-0.0214115
9.06915e-10	-0.020849
9.07044e-10	-0.0202856
9.07172e-10	-0.0197215
9.073e-10	-0.0191567
9.07429e-10	-0.0185911
9.07557e-10	-0.0180247
9.07686e-10	-0.0174576
9.07814e-10	-0.0168898
9.07942e-10	-0.0163212
9.08071e-10	-0.0157519
9.08199e-10	-0.0151818
9.08328e-10	-0.014611
9.08456e-10	-0.0140395
9.08584e-10	-0.0134672
9.08713e-10	-0.0128942
9.08841e-10	-0.0123205
9.0897e-10	-0.011746
9.09098e-10	-0.0111708
9.09227e-10	-0.0105949
9.09355e-10	-0.0100183
9.09483e-10	-0.00944091
9.09612e-10	-0.00886282
9.0974e-10	-0.00828402
9.09869e-10	-0.0077045
9.09997e-10	-0.00712426
9.10125e-10	-0.00654331
9.10254e-10	-0.00596165
9.10382e-10	-0.00537927
9.10511e-10	-0.00479619
9.10639e-10	-0.0042124
9.10768e-10	-0.00362791
9.10896e-10	-0.00304272
9.11024e-10	-0.00245682
9.11153e-10	-0.00187023
9.11281e-10	-0.00128294
9.1141e-10	-0.000694949
9.11538e-10	-0.000106268
9.11666e-10	0.000483105
9.11795e-10	0.00107317
9.11923e-10	0.00166392
9.12052e-10	0.00225535
9.1218e-10	0.00284747
9.12308e-10	0.00344028
9.12437e-10	0.00403376
9.12565e-10	0.00462792
9.12694e-10	0.00522276
9.12822e-10	0.00581828
9.12951e-10	0.00641446
9.13079e-10	0.00701132
9.13207e-10	0.00760885
9.13336e-10	0.00820704
9.13464e-10	0.0088059
9.13593e-10	0.00940542
9.13721e-10	0.0100056
9.13849e-10	0.0106064
9.13978e-10	0.0112079
9.14106e-10	0.0118101
9.14235e-10	0.0124129
9.14363e-10	0.0130164
9.14491e-10	0.0136205
9.1462e-10	0.0142252
9.14748e-10	0.0148306
9.14877e-10	0.0154367
9.15005e-10	0.0160434
9.15134e-10	0.0166507
9.15262e-10	0.0172587
9.1539e-10	0.0178673
9.15519e-10	0.0184765
9.15647e-10	0.0190864
9.15776e-10	0.0196969
9.15904e-10	0.020308
9.16032e-10	0.0209198
9.16161e-10	0.0215321
9.16289e-10	0.0221451
9.16418e-10	0.0227587
9.16546e-10	0.023373
9.16675e-10	0.0239878
9.16803e-10	0.0246033
9.16931e-10	0.0252194
9.1706e-10	0.025836
9.17188e-10	0.0264533
9.17317e-10	0.0270712
9.17445e-10	0.0276897
9.17573e-10	0.0283088
9.17702e-10	0.0289285
9.1783e-10	0.0295488
9.17959e-10	0.0301697
9.18087e-10	0.0307912
9.18215e-10	0.0314132
9.18344e-10	0.0320359
9.18472e-10	0.0326591
9.18601e-10	0.033283
9.18729e-10	0.0339074
9.18858e-10	0.0345324
9.18986e-10	0.0351579
9.19114e-10	0.0357841
9.19243e-10	0.0364108
9.19371e-10	0.0370381
9.195e-10	0.0376659
9.19628e-10	0.0382943
9.19756e-10	0.0389233
9.19885e-10	0.0395529
9.20013e-10	0.040183
9.20142e-10	0.0408137
9.2027e-10	0.0414449
9.20398e-10	0.0420767
9.20527e-10	0.042709
9.20655e-10	0.0433419
9.20784e-10	0.0439753
9.20912e-10	0.0446092
9.21041e-10	0.0452438
9.21169e-10	0.0458788
9.21297e-10	0.0465144
9.21426e-10	0.0471505
9.21554e-10	0.0477872
9.21683e-10	0.0484244
9.21811e-10	0.0490621
9.21939e-10	0.0497003
9.22068e-10	0.0503391
9.22196e-10	0.0509784
9.22325e-10	0.0516182
9.22453e-10	0.0522585
9.22581e-10	0.0528993
9.2271e-10	0.0535407
9.22838e-10	0.0541826
9.22967e-10	0.0548249
9.23095e-10	0.0554678
9.23224e-10	0.0561112
9.23352e-10	0.0567551
9.2348e-10	0.0573995
9.23609e-10	0.0580444
9.23737e-10	0.0586897
9.23866e-10	0.0593356
9.23994e-10	0.059982
9.24122e-10	0.0606288
9.24251e-10	0.0612761
9.24379e-10	0.0619239
9.24508e-10	0.0625722
9.24636e-10	0.063221
9.24765e-10	0.0638703
9.24893e-10	0.06452
9.25021e-10	0.0651702
9.2515e-10	0.0658208
9.25278e-10	0.0664719
9.25407e-10	0.0671235
9.25535e-10	0.0677756
9.25663e-10	0.0684281
9.25792e-10	0.0690811
9.2592e-10	0.0697345
9.26049e-10	0.0703884
9.26177e-10	0.0710427
9.26305e-10	0.0716974
9.26434e-10	0.0723526
9.26562e-10	0.0730083
9.26691e-10	0.0736644
9.26819e-10	0.0743209
9.26948e-10	0.0749779
9.27076e-10	0.0756353
9.27204e-10	0.0762931
9.27333e-10	0.0769514
9.27461e-10	0.07761
9.2759e-10	0.0782691
9.27718e-10	0.0789287
9.27846e-10	0.0795886
9.27975e-10	0.080249
9.28103e-10	0.0809097
9.28232e-10	0.0815709
9.2836e-10	0.0822325
9.28488e-10	0.0828945
9.28617e-10	0.0835568
9.28745e-10	0.0842196
9.28874e-10	0.0848828
9.29002e-10	0.0855464
9.29131e-10	0.0862104
9.29259e-10	0.0868747
9.29387e-10	0.0875395
9.29516e-10	0.0882046
9.29644e-10	0.0888701
9.29773e-10	0.089536
9.29901e-10	0.0902023
9.30029e-10	0.0908689
9.30158e-10	0.091536
9.30286e-10	0.0922034
9.30415e-10	0.0928711
9.30543e-10	0.0935392
9.30671e-10	0.0942077
9.308e-10	0.0948766
9.30928e-10	0.0955457
9.31057e-10	0.0962153
9.31185e-10	0.0968852
9.31314e-10	0.0975554
9.31442e-10	0.098226
9.3157e-10	0.098897
9.31699e-10	0.0995682
9.31827e-10	0.10024
9.31956e-10	0.100912
9.32084e-10	0.101584
9.32212e-10	0.102257
9.32341e-10	0.10293
9.32469e-10	0.103603
9.32598e-10	0.104277
9.32726e-10	0.10495
9.32855e-10	0.105625
9.32983e-10	0.106299
9.33111e-10	0.106974
9.3324e-10	0.107649
9.33368e-10	0.108325
9.33497e-10	0.109
9.33625e-10	0.109677
9.33753e-10	0.110353
9.33882e-10	0.11103
9.3401e-10	0.111707
9.34139e-10	0.112384
9.34267e-10	0.113061
9.34395e-10	0.113739
9.34524e-10	0.114417
9.34652e-10	0.115096
9.34781e-10	0.115774
9.34909e-10	0.116453
9.35038e-10	0.117132
9.35166e-10	0.117812
9.35294e-10	0.118492
9.35423e-10	0.119172
9.35551e-10	0.119852
9.3568e-10	0.120532
9.35808e-10	0.121213
9.35936e-10	0.121894
9.36065e-10	0.122575
9.36193e-10	0.123257
9.36322e-10	0.123939
9.3645e-10	0.124621
9.36578e-10	0.125303
9.36707e-10	0.125985
9.36835e-10	0.126668
9.36964e-10	0.127351
9.37092e-10	0.128034
9.37221e-10	0.128718
9.37349e-10	0.129401
9.37477e-10	0.130085
9.37606e-10	0.130769
9.37734e-10	0.131453
9.37863e-10	0.132138
9.37991e-10	0.132823
9.38119e-10	0.133507
9.38248e-10	0.134192
9.38376e-10	0.134878
9.38505e-10	0.135563
9.38633e-10	0.136249
9.38761e-10	0.136935
9.3889e-10	0.137621
9.39018e-10	0.138307
9.39147e-10	0.138993
9.39275e-10	0.13968
9.39404e-10	0.140367
9.39532e-10	0.141054
9.3966e-10	0.141741
9.39789e-10	0.142428
9.39917e-10	0.143116
9.40046e-10	0.143803
9.40174e-10	0.144491
9.40302e-10	0.145179
9.40431e-10	0.145867
9.40559e-10	0.146555
9.40688e-10	0.147243
9.40816e-10	0.147932
9.40945e-10	0.148621
9.41073e-10	0.149309
9.41201e-10	0.149998
9.4133e-10	0.150687
9.41458e-10	0.151377
9.41587e-10	0.152066
9.41715e-10	0.152755
9.41843e-10	0.153445
9.41972e-10	0.154135
9.421e-10	0.154824
9.42229e-10	0.155514
9.42357e-10	0.156204
9.42485e-10	0.156894
9.42614e-10	0.157585
9.42742e-10	0.158275
9.42871e-10	0.158965
9.42999e-10	0.159656
9.43128e-10	0.160346
9.43256e-10	0.161037
9.43384e-10	0.161728
9.43513e-10	0.162419
9.43641e-10	0.16311
9.4377e-10	0.163801
9.43898e-10	0.164492
9.44026e-10	0.165183
9.44155e-10	0.165874
9.44283e-10	0.166566
9.44412e-10	0.167257
9.4454e-10	0.167948
9.44668e-10	0.16864
9.44797e-10	0.169331
9.44925e-10	0.170023
9.45054e-10	0.170714
9.45182e-10	0.171406
9.45311e-10	0.172098
9.45439e-10	0.17279
9.45567e-10	0.173481
9.45696e-10	0.174173
9.45824e-10	0.174865
9.45953e-10	0.175557
9.46081e-10	0.176249
9.46209e-10	0.176941
9.46338e-10	0.177632
9.46466e-10	0.178324
9.46595e-10	0.179016
9.46723e-10	0.179708
9.46851e-10	0.1804
9.4698e-10	0.181092
9.47108e-10	0.181784
9.47237e-10	0.182476
9.47365e-10	0.183168
9.47494e-10	0.18386
9.47622e-10	0.184552
9.4775e-10	0.185244
9.47879e-10	0.185935
9.48007e-10	0.186627
9.48136e-10	0.187319
9.48264e-10	0.188011
9.48392e-10	0.188703
9.48521e-10	0.189394
9.48649e-10	0.190086
9.48778e-10	0.190778
9.48906e-10	0.191469
9.49035e-10	0.192161
9.49163e-10	0.192852
9.49291e-10	0.193544
9.4942e-10	0.194235
9.49548e-10	0.194926
9.49677e-10	0.195617
9.49805e-10	0.196309
9.49933e-10	0.197
9.50062e-10	0.197691
9.5019e-10	0.198382
9.50319e-10	0.199073
9.50447e-10	0.199763
9.50575e-10	0.200454
9.50704e-10	0.201145
9.50832e-10	0.201835
9.50961e-10	0.202526
9.51089e-10	0.203216
9.51218e-10	0.203906
9.51346e-10	0.204596
9.51474e-10	0.205286
9.51603e-10	0.205976
9.51731e-10	0.206666
9.5186e-10	0.207355
9.51988e-10	0.208045
9.52116e-10	0.208734
9.52245e-10	0.209424
9.52373e-10	0.210113
9.52502e-10	0.210802
9.5263e-10	0.211491
9.52758e-10	0.212179
9.52887e-10	0.212868
9.53015e-10	0.213556
9.53144e-10	0.214245
9.53272e-10	0.214933
9.53401e-10	0.215621
9.53529e-10	0.216309
9.53657e-10	0.216996
9.53786e-10	0.217684
9.53914e-10	0.218371
9.54043e-10	0.219058
9.54171e-10	0.219745
9.54299e-10	0.220432
9.54428e-10	0.221119
9.54556e-10	0.221805
9.54685e-10	0.222491
9.54813e-10	0.223177
9.54942e-10	0.223863
9.5507e-10	0.224549
9.55198e-10	0.225234
9.55327e-10	0.22592
9.55455e-10	0.226605
9.55584e-10	0.227289
9.55712e-10	0.227974
9.5584e-10	0.228658
9.55969e-10	0.229343
9.56097e-10	0.230026
9.56226e-10	0.23071
9.56354e-10	0.231394
9.56482e-10	0.232077
9.56611e-10	0.23276
9.56739e-10	0.233443
9.56868e-10	0.234125
9.56996e-10	0.234807
9.57125e-10	0.235489
9.57253e-10	0.236171
9.57381e-10	0.236853
9.5751e-10	0.237534
9.57638e-10	0.238215
9.57767e-10	0.238896
9.57895e-10	0.239576
9.58023e-10	0.240256
9.58152e-10	0.240936
9.5828e-10	0.241616
9.58409e-10	0.242295
9.58537e-10	0.242974
9.58665e-10	0.243653
9.58794e-10	0.244331
9.58922e-10	0.24501
9.59051e-10	0.245687
9.59179e-10	0.246365
9.59308e-10	0.247042
9.59436e-10	0.247719
9.59564e-10	0.248396
9.59693e-10	0.249072
9.59821e-10	0.249748
9.5995e-10	0.250424
9.60078e-10	0.251099
9.60206e-10	0.251774
9.60335e-10	0.252449
9.60463e-10	0.253123
9.60592e-10	0.253797
9.6072e-10	0.254471
9.60848e-10	0.255144
9.60977e-10	0.255817
9.61105e-10	0.25649
9.61234e-10	0.257162
9.61362e-10	0.257834
9.61491e-10	0.258505
9.61619e-10	0.259176
9.61747e-10	0.259847
9.61876e-10	0.260518
9.62004e-10	0.261188
9.62133e-10	0.261857
9.62261e-10	0.262527
9.62389e-10	0.263195
9.62518e-10	0.263864
9.62646e-10	0.264532
9.62775e-10	0.2652
9.62903e-10	0.265867
9.63032e-10	0.266534
9.6316e-10	0.2672
9.63288e-10	0.267866
9.63417e-10	0.268532
9.63545e-10	0.269197
9.63674e-10	0.269862
9.63802e-10	0.270526
9.6393e-10	0.27119
9.64059e-10	0.271854
9.64187e-10	0.272517
9.64316e-10	0.27318
9.64444e-10	0.273842
9.64572e-10	0.274504
9.64701e-10	0.275165
9.64829e-10	0.275826
9.64958e-10	0.276486
9.65086e-10	0.277146
9.65215e-10	0.277806
9.65343e-10	0.278465
9.65471e-10	0.279123
9.656e-10	0.279782
9.65728e-10	0.280439
9.65857e-10	0.281096
9.65985e-10	0.281753
9.66113e-10	0.282409
9.66242e-10	0.283065
9.6637e-10	0.28372
9.66499e-10	0.284375
9.66627e-10	0.285029
9.66755e-10	0.285683
9.66884e-10	0.286336
9.67012e-10	0.286989
9.67141e-10	0.287641
9.67269e-10	0.288292
9.67398e-10	0.288944
9.67526e-10	0.289594
9.67654e-10	0.290244
9.67783e-10	0.290894
9.67911e-10	0.291543
9.6804e-10	0.292191
9.68168e-10	0.292839
9.68296e-10	0.293487
9.68425e-10	0.294134
9.68553e-10	0.29478
9.68682e-10	0.295426
9.6881e-10	0.296071
9.68938e-10	0.296715
9.69067e-10	0.29736
9.69195e-10	0.298003
9.69324e-10	0.298646
9.69452e-10	0.299288
9.69581e-10	0.29993
9.69709e-10	0.300571
9.69837e-10	0.301212
9.69966e-10	0.301852
9.70094e-10	0.302491
9.70223e-10	0.30313
9.70351e-10	0.303769
9.70479e-10	0.304406
9.70608e-10	0.305043
9.70736e-10	0.30568
9.70865e-10	0.306316
9.70993e-10	0.306951
9.71122e-10	0.307585
9.7125e-10	0.308219
9.71378e-10	0.308853
9.71507e-10	0.309485
9.71635e-10	0.310118
9.71764e-10	0.310749
9.71892e-10	0.31138
9.7202e-10	0.31201
9.72149e-10	0.31264
9.72277e-10	0.313268
9.72406e-10	0.313897
9.72534e-10	0.314524
9.72662e-10	0.315151
9.72791e-10	0.315777
9.72919e-10	0.316403
9.73048e-10	0.317028
9.73176e-10	0.317652
9.73305e-10	0.318276
9.73433e-10	0.318898
9.73561e-10	0.319521
9.7369e-10	0.320142
9.73818e-10	0.320763
9.73947e-10	0.321383
9.74075e-10	0.322003
9.74203e-10	0.322621
9.74332e-10	0.323239
9.7446e-10	0.323857
9.74589e-10	0.324473
9.74717e-10	0.325089
9.74845e-10	0.325704
9.74974e-10	0.326319
9.75102e-10	0.326933
9.75231e-10	0.327546
9.75359e-10	0.328158
9.75488e-10	0.328769
9.75616e-10	0.32938
9.75744e-10	0.32999
9.75873e-10	0.3306
9.76001e-10	0.331208
9.7613e-10	0.331816
9.76258e-10	0.332423
9.76386e-10	0.333029
9.76515e-10	0.333635
9.76643e-10	0.33424
9.76772e-10	0.334844
9.769e-10	0.335447
9.77028e-10	0.336049
9.77157e-10	0.336651
9.77285e-10	0.337252
9.77414e-10	0.337852
9.77542e-10	0.338451
9.77671e-10	0.33905
9.77799e-10	0.339647
9.77927e-10	0.340244
9.78056e-10	0.34084
9.78184e-10	0.341436
9.78313e-10	0.34203
9.78441e-10	0.342624
9.78569e-10	0.343217
9.78698e-10	0.343809
9.78826e-10	0.3444
9.78955e-10	0.344991
9.79083e-10	0.34558
9.79212e-10	0.346169
9.7934e-10	0.346757
9.79468e-10	0.347344
9.79597e-10	0.34793
9.79725e-10	0.348515
9.79854e-10	0.3491
9.79982e-10	0.349684
9.8011e-10	0.350266
9.80239e-10	0.350848
9.80367e-10	0.351429
9.80496e-10	0.35201
9.80624e-10	0.352589
9.80752e-10	0.353167
9.80881e-10	0.353745
9.81009e-10	0.354322
9.81138e-10	0.354897
9.81266e-10	0.355472
9.81395e-10	0.356046
9.81523e-10	0.35662
9.81651e-10	0.357192
9.8178e-10	0.357763
9.81908e-10	0.358334
9.82037e-10	0.358903
9.82165e-10	0.359472
9.82293e-10	0.360039
9.82422e-10	0.360606
9.8255e-10	0.361172
9.82679e-10	0.361737
9.82807e-10	0.362301
9.82935e-10	0.362864
9.83064e-10	0.363426
9.83192e-10	0.363987
9.83321e-10	0.364547
9.83449e-10	0.365107
9.83578e-10	0.365665
9.83706e-10	0.366223
9.83834e-10	0.366779
9.83963e-10	0.367334
9.84091e-10	0.367889
9.8422e-10	0.368442
9.84348e-10	0.368995
9.84476e-10	0.369547
9.84605e-10	0.370097
9.84733e-10	0.370647
9.84862e-10	0.371196
9.8499e-10	0.371743
9.85119e-10	0.37229
9.85247e-10	0.372836
9.85375e-10	0.37338
9.85504e-10	0.373924
9.85632e-10	0.374467
9.85761e-10	0.375008
9.85889e-10	0.375549
9.86017e-10	0.376089
9.86146e-10	0.376627
9.86274e-10	0.377165
9.86403e-10	0.377701
9.86531e-10	0.378237
9.86659e-10	0.378772
9.86788e-10	0.379305
9.86916e-10	0.379838
9.87045e-10	0.380369
9.87173e-10	0.380899
9.87302e-10	0.381429
9.8743e-10	0.381957
9.87558e-10	0.382484
9.87687e-10	0.38301
9.87815e-10	0.383535
9.87944e-10	0.384059
9.88072e-10	0.384582
9.882e-10	0.385104
9.88329e-10	0.385625
9.88457e-10	0.386145
9.88586e-10	0.386663
9.88714e-10	0.387181
9.88842e-10	0.387698
9.88971e-10	0.388213
9.89099e-10	0.388727
9.89228e-10	0.389241
9.89356e-10	0.389753
9.89485e-10	0.390264
9.89613e-10	0.390774
9.89741e-10	0.391282
9.8987e-10	0.39179
9.89998e-10	0.392296
9.90127e-10	0.392802
9.90255e-10	0.393306
9.90383e-10	0.393809
9.90512e-10	0.394311
9.9064e-10	0.394812
9.90769e-10	0.395312
9.90897e-10	0.395811
9.91025e-10	0.396308
9.91154e-10	0.396805
9.91282e-10	0.3973
9.91411e-10	0.397794
9.91539e-10	0.398287
9.91668e-10	0.398778
9.91796e-10	0.399269
9.91924e-10	0.399758
9.92053e-10	0.400247
9.92181e-10	0.400734
9.9231e-10	0.40122
9.92438e-10	0.401704
9.92566e-10	0.402188
9.92695e-10	0.40267
9.92823e-10	0.403151
9.92952e-10	0.403631
9.9308e-10	0.40411
9.93209e-10	0.404588
9.93337e-10	0.405064
9.93465e-10	0.405539
9.93594e-10	0.406013
9.93722e-10	0.406486
9.93851e-10	0.406957
9.93979e-10	0.407427
9.94107e-10	0.407896
9.94236e-10	0.408364
9.94364e-10	0.408831
9.94493e-10	0.409296
9.94621e-10	0.40976
9.94749e-10	0.410223
9.94878e-10	0.410685
9.95006e-10	0.411145
9.95135e-10	0.411605
9.95263e-10	0.412062
9.95392e-10	0.412519
9.9552e-10	0.412975
9.95648e-10	0.413429
9.95777e-10	0.413882
9.95905e-10	0.414333
9.96034e-10	0.414784
9.96162e-10	0.415233
9.9629e-10	0.41568
9.96419e-10	0.416127
9.96547e-10	0.416572
9.96676e-10	0.417016
9.96804e-10	0.417459
9.96932e-10	0.4179
9.97061e-10	0.41834
9.97189e-10	0.418779
9.97318e-10	0.419216
9.97446e-10	0.419653
9.97575e-10	0.420087
9.97703e-10	0.420521
9.97831e-10	0.420953
9.9796e-10	0.421384
9.98088e-10	0.421814
9.98217e-10	0.422242
9.98345e-10	0.422669
9.98473e-10	0.423094
9.98602e-10	0.423519
9.9873e-10	0.423942
9.98859e-10	0.424363
9.98987e-10	0.424784
9.99115e-10	0.425202
9.99244e-10	0.42562
9.99372e-10	0.426036
9.99501e-10	0.426451
9.99629e-10	0.426865
9.99758e-10	0.427277
9.99886e-10	0.427687
1.00001e-09	0.428097
1.00014e-09	0.428505
1.00027e-09	0.428912
1.0004e-09	0.429317
1.00053e-09	0.429721
1.00066e-09	0.430123
1.00078e-09	0.430524
1.00091e-09	0.430924
1.00104e-09	0.431322
1.00117e-09	0.431719
1.0013e-09	0.432115
1.00143e-09	0.432509
1.00156e-09	0.432902
1.00168e-09	0.433293
1.00181e-09	0.433683
1.00194e-09	0.434072
1.00207e-09	0.434459
1.0022e-09	0.434844
1.00233e-09	0.435229
1.00245e-09	0.435612
1.00258e-09	0.435993
1.00271e-09	0.436373
1.00284e-09	0.436752
1.00297e-09	0.437129
1.0031e-09	0.437504
1.00322e-09	0.437879
1.00335e-09	0.438251
1.00348e-09	0.438623
1.00361e-09	0.438993
1.00374e-09	0.439361
1.00387e-09	0.439728
1.004e-09	0.440093
1.00412e-09	0.440457
1.00425e-09	0.44082
1.00438e-09	0.441181
1.00451e-09	0.441541
1.00464e-09	0.441899
1.00477e-09	0.442255
1.00489e-09	0.442611
1.00502e-09	0.442964
1.00515e-09	0.443317
1.00528e-09	0.443667
1.00541e-09	0.444017
1.00554e-09	0.444364
1.00566e-09	0.44471
1.00579e-09	0.445055
1.00592e-09	0.445398
1.00605e-09	0.44574
1.00618e-09	0.44608
1.00631e-09	0.446419
1.00644e-09	0.446756
1.00656e-09	0.447092
1.00669e-09	0.447426
1.00682e-09	0.447759
1.00695e-09	0.44809
1.00708e-09	0.448419
1.00721e-09	0.448747
1.00733e-09	0.449074
1.00746e-09	0.449399
1.00759e-09	0.449722
1.00772e-09	0.450044
1.00785e-09	0.450364
1.00798e-09	0.450683
1.0081e-09	0.451
1.00823e-09	0.451316
1.00836e-09	0.45163
1.00849e-09	0.451942
1.00862e-09	0.452253
1.00875e-09	0.452563
1.00887e-09	0.452871
1.009e-09	0.453177
1.00913e-09	0.453481
1.00926e-09	0.453784
1.00939e-09	0.454086
1.00952e-09	0.454386
1.00965e-09	0.454684
1.00977e-09	0.454981
1.0099e-09	0.455276
1.01003e-09	0.45557
1.01016e-09	0.455862
1.01029e-09	0.456152
1.01042e-09	0.456441
1.01054e-09	0.456728
1.01067e-09	0.457013
1.0108e-09	0.457297
1.01093e-09	0.45758
1.01106e-09	0.45786
1.01119e-09	0.458139
1.01131e-09	0.458417
1.01144e-09	0.458692
1.01157e-09	0.458967
1.0117e-09	0.459239
1.01183e-09	0.45951
1.01196e-09	0.459779
1.01209e-09	0.460047
1.01221e-09	0.460313
1.01234e-09	0.460577
1.01247e-09	0.46084
1.0126e-09	0.461101
1.01273e-09	0.461361
1.01286e-09	0.461618
1.01298e-09	0.461874
1.01311e-09	0.462129
1.01324e-09	0.462382
1.01337e-09	0.462633
1.0135e-09	0.462882
1.01363e-09	0.46313
1.01375e-09	0.463376
1.01388e-09	0.46362
1.01401e-09	0.463863
1.01414e-09	0.464104
1.01427e-09	0.464344
1.0144e-09	0.464581
1.01453e-09	0.464817
1.01465e-09	0.465051
1.01478e-09	0.465284
1.01491e-09	0.465515
1.01504e-09	0.465744
1.01517e-09	0.465972
1.0153e-09	0.466197
1.01542e-09	0.466422
1.01555e-09	0.466644
1.01568e-09	0.466865
1.01581e-09	0.467084
1.01594e-09	0.467301
1.01607e-09	0.467516
1.01619e-09	0.46773
1.01632e-09	0.467942
1.01645e-09	0.468153
1.01658e-09	0.468361
1.01671e-09	0.468568
1.01684e-09	0.468773
1.01696e-09	0.468977
1.01709e-09	0.469178
1.01722e-09	0.469378
1.01735e-09	0.469576
1.01748e-09	0.469773
1.01761e-09	0.469968
1.01774e-09	0.47016
1.01786e-09	0.470352
1.01799e-09	0.470541
1.01812e-09	0.470729
1.01825e-09	0.470915
1.01838e-09	0.471099
1.01851e-09	0.471281
1.01863e-09	0.471462
1.01876e-09	0.471641
1.01889e-09	0.471818
1.01902e-09	0.471993
1.01915e-09	0.472166
1.01928e-09	0.472338
1.0194e-09	0.472508
1.01953e-09	0.472676
1.01966e-09	0.472843
1.01979e-09	0.473007
1.01992e-09	0.47317
1.02005e-09	0.473331
1.02018e-09	0.47349
1.0203e-09	0.473648
1.02043e-09	0.473803
1.02056e-09	0.473957
1.02069e-09	0.474109
1.02082e-09	0.474259
1.02095e-09	0.474408
1.02107e-09	0.474554
1.0212e-09	0.474699
1.02133e-09	0.474842
1.02146e-09	0.474983
1.02159e-09	0.475122
1.02172e-09	0.47526
1.02184e-09	0.475395
1.02197e-09	0.475529
1.0221e-09	0.475661
1.02223e-09	0.475791
1.02236e-09	0.47592
1.02249e-09	0.476046
1.02262e-09	0.476171
1.02274e-09	0.476293
1.02287e-09	0.476414
1.023e-09	0.476534
1.02313e-09	0.476651
1.02326e-09	0.476766
1.02339e-09	0.47688
1.02351e-09	0.476991
1.02364e-09	0.477101
1.02377e-09	0.477209
1.0239e-09	0.477315
1.02403e-09	0.47742
1.02416e-09	0.477522
1.02428e-09	0.477623
1.02441e-09	0.477721
1.02454e-09	0.477818
1.02467e-09	0.477913
1.0248e-09	0.478006
1.02493e-09	0.478097
1.02505e-09	0.478186
1.02518e-09	0.478274
1.02531e-09	0.478359
1.02544e-09	0.478443
1.02557e-09	0.478525
1.0257e-09	0.478604
1.02583e-09	0.478682
1.02595e-09	0.478758
1.02608e-09	0.478833
1.02621e-09	0.478905
1.02634e-09	0.478975
1.02647e-09	0.479044
1.0266e-09	0.47911
1.02672e-09	0.479175
1.02685e-09	0.479238
1.02698e-09	0.479299
1.02711e-09	0.479357
1.02724e-09	0.479414
1.02737e-09	0.47947
1.02749e-09	0.479523
1.02762e-09	0.479574
1.02775e-09	0.479623
1.02788e-09	0.479671
1.02801e-09	0.479716
1.02814e-09	0.47976
1.02827e-09	0.479801
1.02839e-09	0.479841
1.02852e-09	0.479879
1.02865e-09	0.479915
1.02878e-09	0.479949
1.02891e-09	0.479981
1.02904e-09	0.480011
1.02916e-09	0.480039
1.02929e-09	0.480065
1.02942e-09	0.480089
1.02955e-09	0.480111
1.02968e-09	0.480132
1.02981e-09	0.48015
1.02993e-09	0.480166
1.03006e-09	0.480181
1.03019e-09	0.480193
1.03032e-09	0.480204
1.03045e-09	0.480212
1.03058e-09	0.480219
1.03071e-09	0.480223
1.03083e-09	0.480226
1.03096e-09	0.480227
1.03109e-09	0.480226
1.03122e-09	0.480222
1.03135e-09	0.480217
1.03148e-09	0.48021
1.0316e-09	0.480201
1.03173e-09	0.48019
1.03186e-09	0.480176
1.03199e-09	0.480161
1.03212e-09	0.480144
1.03225e-09	0.480125
1.03237e-09	0.480104
1.0325e-09	0.480081
1.03263e-09	0.480056
1.03276e-09	0.480029
1.03289e-09	0.48
1.03302e-09	0.479969
1.03314e-09	0.479936
1.03327e-09	0.479901
1.0334e-09	0.479864
1.03353e-09	0.479825
1.03366e-09	0.479784
1.03379e-09	0.479741
1.03392e-09	0.479696
1.03404e-09	0.479649
1.03417e-09	0.4796
1.0343e-09	0.479549
1.03443e-09	0.479496
1.03456e-09	0.479441
1.03469e-09	0.479384
1.03481e-09	0.479325
1.03494e-09	0.479264
1.03507e-09	0.479201
1.0352e-09	0.479135
1.03533e-09	0.479068
1.03546e-09	0.478999
1.03558e-09	0.478928
1.03571e-09	0.478855
1.03584e-09	0.478779
1.03597e-09	0.478702
1.0361e-09	0.478623
1.03623e-09	0.478542
1.03636e-09	0.478458
1.03648e-09	0.478373
1.03661e-09	0.478285
1.03674e-09	0.478196
1.03687e-09	0.478104
1.037e-09	0.478011
1.03713e-09	0.477915
1.03725e-09	0.477818
1.03738e-09	0.477718
1.03751e-09	0.477616
1.03764e-09	0.477512
1.03777e-09	0.477407
1.0379e-09	0.477299
1.03802e-09	0.477189
1.03815e-09	0.477077
1.03828e-09	0.476963
1.03841e-09	0.476847
1.03854e-09	0.476729
1.03867e-09	0.476608
1.0388e-09	0.476486
1.03892e-09	0.476362
1.03905e-09	0.476236
1.03918e-09	0.476107
1.03931e-09	0.475977
1.03944e-09	0.475844
1.03957e-09	0.475709
1.03969e-09	0.475573
1.03982e-09	0.475434
1.03995e-09	0.475293
1.04008e-09	0.47515
1.04021e-09	0.475005
1.04034e-09	0.474858
1.04046e-09	0.474709
1.04059e-09	0.474558
1.04072e-09	0.474405
1.04085e-09	0.47425
1.04098e-09	0.474092
1.04111e-09	0.473933
1.04123e-09	0.473771
1.04136e-09	0.473607
1.04149e-09	0.473442
1.04162e-09	0.473274
1.04175e-09	0.473104
1.04188e-09	0.472932
1.04201e-09	0.472758
1.04213e-09	0.472582
1.04226e-09	0.472404
1.04239e-09	0.472223
1.04252e-09	0.472041
1.04265e-09	0.471856
1.04278e-09	0.47167
1.0429e-09	0.471481
1.04303e-09	0.47129
1.04316e-09	0.471098
1.04329e-09	0.470903
1.04342e-09	0.470705
1.04355e-09	0.470506
1.04367e-09	0.470305
1.0438e-09	0.470102
1.04393e-09	0.469896
1.04406e-09	0.469689
1.04419e-09	0.469479
1.04432e-09	0.469267
1.04445e-09	0.469053
1.04457e-09	0.468837
1.0447e-09	0.468619
1.04483e-09	0.468399
1.04496e-09	0.468177
1.04509e-09	0.467953
1.04522e-09	0.467726
1.04534e-09	0.467497
1.04547e-09	0.467267
1.0456e-09	0.467034
1.04573e-09	0.466799
1.04586e-09	0.466562
1.04599e-09	0.466323
1.04611e-09	0.466081
1.04624e-09	0.465838
1.04637e-09	0.465593
1.0465e-09	0.465345
1.04663e-09	0.465095
1.04676e-09	0.464843
1.04689e-09	0.464589
1.04701e-09	0.464333
1.04714e-09	0.464075
1.04727e-09	0.463815
1.0474e-09	0.463552
1.04753e-09	0.463288
1.04766e-09	0.463021
1.04778e-09	0.462752
1.04791e-09	0.462481
1.04804e-09	0.462208
1.04817e-09	0.461933
1.0483e-09	0.461656
1.04843e-09	0.461376
1.04855e-09	0.461095
1.04868e-09	0.460811
1.04881e-09	0.460525
1.04894e-09	0.460237
1.04907e-09	0.459947
1.0492e-09	0.459655
1.04932e-09	0.459361
1.04945e-09	0.459064
1.04958e-09	0.458766
1.04971e-09	0.458465
1.04984e-09	0.458162
1.04997e-09	0.457857
1.0501e-09	0.45755
1.05022e-09	0.457241
1.05035e-09	0.456929
1.05048e-09	0.456616
1.05061e-09	0.4563
1.05074e-09	0.455982
1.05087e-09	0.455662
1.05099e-09	0.45534
1.05112e-09	0.455016
1.05125e-09	0.45469
1.05138e-09	0.454361
1.05151e-09	0.454031
1.05164e-09	0.453698
1.05176e-09	0.453363
1.05189e-09	0.453026
1.05202e-09	0.452687
1.05215e-09	0.452346
1.05228e-09	0.452002
1.05241e-09	0.451657
1.05254e-09	0.451309
1.05266e-09	0.450959
1.05279e-09	0.450607
1.05292e-09	0.450253
1.05305e-09	0.449897
1.05318e-09	0.449539
1.05331e-09	0.449178
1.05343e-09	0.448816
1.05356e-09	0.448451
1.05369e-09	0.448084
1.05382e-09	0.447715
1.05395e-09	0.447343
1.05408e-09	0.44697
1.0542e-09	0.446595
1.05433e-09	0.446217
1.05446e-09	0.445837
1.05459e-09	0.445455
1.05472e-09	0.445071
1.05485e-09	0.444685
1.05498e-09	0.444297
1.0551e-09	0.443906
1.05523e-09	0.443513
1.05536e-09	0.443119
1.05549e-09	0.442722
1.05562e-09	0.442323
1.05575e-09	0.441921
1.05587e-09	0.441518
1.056e-09	0.441113
1.05613e-09	0.440705
1.05626e-09	0.440295
1.05639e-09	0.439883
1.05652e-09	0.439469
1.05664e-09	0.439053
1.05677e-09	0.438635
1.0569e-09	0.438214
1.05703e-09	0.437792
1.05716e-09	0.437367
1.05729e-09	0.43694
1.05741e-09	0.436511
1.05754e-09	0.43608
1.05767e-09	0.435646
1.0578e-09	0.435211
1.05793e-09	0.434773
1.05806e-09	0.434333
1.05819e-09	0.433892
1.05831e-09	0.433448
1.05844e-09	0.433001
1.05857e-09	0.432553
1.0587e-09	0.432103
1.05883e-09	0.43165
1.05896e-09	0.431195
1.05908e-09	0.430738
1.05921e-09	0.430279
1.05934e-09	0.429818
1.05947e-09	0.429355
1.0596e-09	0.428889
1.05973e-09	0.428422
1.05985e-09	0.427952
1.05998e-09	0.42748
1.06011e-09	0.427006
1.06024e-09	0.42653
1.06037e-09	0.426052
1.0605e-09	0.425572
1.06063e-09	0.425089
1.06075e-09	0.424604
1.06088e-09	0.424118
1.06101e-09	0.423629
1.06114e-09	0.423138
1.06127e-09	0.422644
1.0614e-09	0.422149
1.06152e-09	0.421652
1.06165e-09	0.421152
1.06178e-09	0.42065
1.06191e-09	0.420147
1.06204e-09	0.419641
1.06217e-09	0.419132
1.06229e-09	0.418622
1.06242e-09	0.41811
1.06255e-09	0.417595
1.06268e-09	0.417079
1.06281e-09	0.41656
1.06294e-09	0.416039
1.06307e-09	0.415516
1.06319e-09	0.414991
1.06332e-09	0.414464
1.06345e-09	0.413934
1.06358e-09	0.413403
1.06371e-09	0.412869
1.06384e-09	0.412333
1.06396e-09	0.411795
1.06409e-09	0.411255
1.06422e-09	0.410713
1.06435e-09	0.410169
1.06448e-09	0.409623
1.06461e-09	0.409074
1.06473e-09	0.408524
1.06486e-09	0.407971
1.06499e-09	0.407416
1.06512e-09	0.406859
1.06525e-09	0.4063
1.06538e-09	0.405739
1.0655e-09	0.405175
1.06563e-09	0.40461
1.06576e-09	0.404043
1.06589e-09	0.403473
1.06602e-09	0.402901
1.06615e-09	0.402327
1.06628e-09	0.401751
1.0664e-09	0.401173
1.06653e-09	0.400593
1.06666e-09	0.400011
1.06679e-09	0.399426
1.06692e-09	0.39884
1.06705e-09	0.398251
1.06717e-09	0.39766
1.0673e-09	0.397068
1.06743e-09	0.396473
1.06756e-09	0.395876
1.06769e-09	0.395277
1.06782e-09	0.394675
1.06794e-09	0.394072
1.06807e-09	0.393467
1.0682e-09	0.392859
1.06833e-09	0.392249
1.06846e-09	0.391638
1.06859e-09	0.391024
1.06872e-09	0.390408
1.06884e-09	0.38979
1.06897e-09	0.38917
1.0691e-09	0.388548
1.06923e-09	0.387924
1.06936e-09	0.387297
1.06949e-09	0.386669
1.06961e-09	0.386038
1.06974e-09	0.385406
1.06987e-09	0.384771
1.07e-09	0.384134
1.07013e-09	0.383495
1.07026e-09	0.382855
1.07038e-09	0.382212
1.07051e-09	0.381566
1.07064e-09	0.380919
1.07077e-09	0.38027
1.0709e-09	0.379619
1.07103e-09	0.378965
1.07116e-09	0.37831
1.07128e-09	0.377652
1.07141e-09	0.376993
1.07154e-09	0.376331
1.07167e-09	0.375667
1.0718e-09	0.375002
1.07193e-09	0.374334
1.07205e-09	0.373664
1.07218e-09	0.372992
1.07231e-09	0.372318
1.07244e-09	0.371642
1.07257e-09	0.370964
1.0727e-09	0.370283
1.07282e-09	0.369601
1.07295e-09	0.368917
1.07308e-09	0.368231
1.07321e-09	0.367542
1.07334e-09	0.366852
1.07347e-09	0.366159
1.07359e-09	0.365465
1.07372e-09	0.364768
1.07385e-09	0.364069
1.07398e-09	0.363369
1.07411e-09	0.362666
1.07424e-09	0.361961
1.07437e-09	0.361254
1.07449e-09	0.360545
1.07462e-09	0.359835
1.07475e-09	0.359122
1.07488e-09	0.358407
1.07501e-09	0.35769
1.07514e-09	0.356971
1.07526e-09	0.35625
1.07539e-09	0.355527
1.07552e-09	0.354801
1.07565e-09	0.354074
1.07578e-09	0.353345
1.07591e-09	0.352614
1.07603e-09	0.351881
1.07616e-09	0.351146
1.07629e-09	0.350409
1.07642e-09	0.349669
1.07655e-09	0.348928
1.07668e-09	0.348185
1.07681e-09	0.34744
1.07693e-09	0.346692
1.07706e-09	0.345943
1.07719e-09	0.345192
1.07732e-09	0.344439
1.07745e-09	0.343683
1.07758e-09	0.342926
1.0777e-09	0.342167
1.07783e-09	0.341406
1.07796e-09	0.340642
1.07809e-09	0.339877
1.07822e-09	0.33911
1.07835e-09	0.338341
1.07847e-09	0.337569
1.0786e-09	0.336796
1.07873e-09	0.336021
1.07886e-09	0.335244
1.07899e-09	0.334465
1.07912e-09	0.333684
1.07925e-09	0.332901
1.07937e-09	0.332116
1.0795e-09	0.331329
1.07963e-09	0.33054
1.07976e-09	0.329749
1.07989e-09	0.328956
1.08002e-09	0.328161
1.08014e-09	0.327364
1.08027e-09	0.326565
1.0804e-09	0.325764
1.08053e-09	0.324962
1.08066e-09	0.324157
1.08079e-09	0.32335
1.08091e-09	0.322542
1.08104e-09	0.321731
1.08117e-09	0.320919
1.0813e-09	0.320104
1.08143e-09	0.319288
1.08156e-09	0.31847
1.08168e-09	0.31765
1.08181e-09	0.316827
1.08194e-09	0.316003
1.08207e-09	0.315177
1.0822e-09	0.314349
1.08233e-09	0.313519
1.08246e-09	0.312688
1.08258e-09	0.311854
1.08271e-09	0.311018
1.08284e-09	0.310181
1.08297e-09	0.309341
1.0831e-09	0.3085
1.08323e-09	0.307656
1.08335e-09	0.306811
1.08348e-09	0.305964
1.08361e-09	0.305115
1.08374e-09	0.304264
1.08387e-09	0.303411
1.084e-09	0.302556
1.08412e-09	0.3017
1.08425e-09	0.300841
1.08438e-09	0.299981
1.08451e-09	0.299119
1.08464e-09	0.298254
1.08477e-09	0.297388
1.0849e-09	0.29652
1.08502e-09	0.29565
1.08515e-09	0.294779
1.08528e-09	0.293905
1.08541e-09	0.29303
1.08554e-09	0.292152
1.08567e-09	0.291273
1.08579e-09	0.290392
1.08592e-09	0.289509
1.08605e-09	0.288624
1.08618e-09	0.287737
1.08631e-09	0.286849
1.08644e-09	0.285959
1.08656e-09	0.285066
1.08669e-09	0.284172
1.08682e-09	0.283276
1.08695e-09	0.282379
1.08708e-09	0.281479
1.08721e-09	0.280577
1.08734e-09	0.279674
1.08746e-09	0.278769
1.08759e-09	0.277862
1.08772e-09	0.276953
1.08785e-09	0.276043
1.08798e-09	0.27513
1.08811e-09	0.274216
1.08823e-09	0.2733
1.08836e-09	0.272382
1.08849e-09	0.271462
1.08862e-09	0.270541
1.08875e-09	0.269617
1.08888e-09	0.268692
1.089e-09	0.267765
1.08913e-09	0.266837
1.08926e-09	0.265906
1.08939e-09	0.264974
1.08952e-09	0.26404
1.08965e-09	0.263104
1.08977e-09	0.262166
1.0899e-09	0.261227
1.09003e-09	0.260285
1.09016e-09	0.259342
1.09029e-09	0.258397
1.09042e-09	0.257451
1.09055e-09	0.256502
1.09067e-09	0.255552
1.0908e-09	0.2546
1.09093e-09	0.253647
1.09106e-09	0.252691
1.09119e-09	0.251734
1.09132e-09	0.250775
1.09144e-09	0.249814
1.09157e-09	0.248852
1.0917e-09	0.247888
1.09183e-09	0.246922
1.09196e-09	0.245954
1.09209e-09	0.244985
1.09221e-09	0.244014
1.09234e-09	0.243041
1.09247e-09	0.242066
1.0926e-09	0.24109
1.09273e-09	0.240112
1.09286e-09	0.239132
1.09299e-09	0.238151
1.09311e-09	0.237167
1.09324e-09	0.236182
1.09337e-09	0.235196
1.0935e-09	0.234208
1.09363e-09	0.233218
1.09376e-09	0.232226
1.09388e-09	0.231232
1.09401e-09	0.230237
1.09414e-09	0.229241
1.09427e-09	0.228242
1.0944e-09	0.227242
1.09453e-09	0.22624
1.09465e-09	0.225237
1.09478e-09	0.224231
1.09491e-09	0.223224
1.09504e-09	0.222216
1.09517e-09	0.221206
1.0953e-09	0.220194
1.09543e-09	0.21918
1.09555e-09	0.218165
1.09568e-09	0.217148
1.09581e-09	0.21613
1.09594e-09	0.21511
1.09607e-09	0.214088
1.0962e-09	0.213065
1.09632e-09	0.21204
1.09645e-09	0.211013
1.09658e-09	0.209985
1.09671e-09	0.208955
1.09684e-09	0.207923
1.09697e-09	0.20689
1.09709e-09	0.205855
1.09722e-09	0.204819
1.09735e-09	0.203781
1.09748e-09	0.202741
1.09761e-09	0.2017
1.09774e-09	0.200657
1.09786e-09	0.199613
1.09799e-09	0.198567
1.09812e-09	0.197519
1.09825e-09	0.19647
1.09838e-09	0.195419
1.09851e-09	0.194367
1.09864e-09	0.193313
1.09876e-09	0.192257
1.09889e-09	0.1912
1.09902e-09	0.190142
1.09915e-09	0.189081
1.09928e-09	0.18802
1.09941e-09	0.186956
1.09953e-09	0.185891
1.09966e-09	0.184825
1.09979e-09	0.183757
1.09992e-09	0.182688
1.10005e-09	0.181617
1.10018e-09	0.180544
1.1003e-09	0.17947
1.10043e-09	0.178394
1.10056e-09	0.177317
1.10069e-09	0.176238
1.10082e-09	0.175158
1.10095e-09	0.174076
1.10108e-09	0.172993
1.1012e-09	0.171908
1.10133e-09	0.170822
1.10146e-09	0.169734
1.10159e-09	0.168645
1.10172e-09	0.167554
1.10185e-09	0.166462
1.10197e-09	0.165369
1.1021e-09	0.164273
1.10223e-09	0.163177
1.10236e-09	0.162079
1.10249e-09	0.160979
1.10262e-09	0.159878
1.10274e-09	0.158775
1.10287e-09	0.157671
1.103e-09	0.156566
1.10313e-09	0.155459
1.10326e-09	0.154351
1.10339e-09	0.153241
1.10352e-09	0.15213
1.10364e-09	0.151017
1.10377e-09	0.149903
1.1039e-09	0.148787
1.10403e-09	0.14767
1.10416e-09	0.146552
1.10429e-09	0.145432
1.10441e-09	0.144311
1.10454e-09	0.143188
1.10467e-09	0.142064
1.1048e-09	0.140939
1.10493e-09	0.139812
1.10506e-09	0.138684
1.10518e-09	0.137554
1.10531e-09	0.136423
1.10544e-09	0.135291
1.10557e-09	0.134157
1.1057e-09	0.133022
1.10583e-09	0.131885
1.10595e-09	0.130747
1.10608e-09	0.129608
1.10621e-09	0.128467
1.10634e-09	0.127325
1.10647e-09	0.126182
1.1066e-09	0.125037
1.10673e-09	0.123891
1.10685e-09	0.122744
1.10698e-09	0.121595
1.10711e-09	0.120445
1.10724e-09	0.119294
1.10737e-09	0.118141
1.1075e-09	0.116987
1.10762e-09	0.115832
1.10775e-09	0.114675
1.10788e-09	0.113517
1.10801e-09	0.112358
1.10814e-09	0.111197
1.10827e-09	0.110036
1.10839e-09	0.108872
1.10852e-09	0.107708
1.10865e-09	0.106542
1.10878e-09	0.105375
1.10891e-09	0.104207
1.10904e-09	0.103038
1.10917e-09	0.101867
1.10929e-09	0.100695
1.10942e-09	0.0995213
1.10955e-09	0.0983468
1.10968e-09	0.0971709
1.10981e-09	0.0959938
1.10994e-09	0.0948155
1.11006e-09	0.093636
1.11019e-09	0.0924552
1.11032e-09	0.0912731
1.11045e-09	0.0900899
1.11058e-09	0.0889054
1.11071e-09	0.0877197
1.11083e-09	0.0865328
1.11096e-09	0.0853447
1.11109e-09	0.0841554
1.11122e-09	0.0829649
1.11135e-09	0.0817732
1.11148e-09	0.0805803
1.11161e-09	0.0793862
1.11173e-09	0.0781909
1.11186e-09	0.0769944
1.11199e-09	0.0757968
1.11212e-09	0.074598
1.11225e-09	0.073398
1.11238e-09	0.0721969
1.1125e-09	0.0709946
1.11263e-09	0.0697912
1.11276e-09	0.0685866
1.11289e-09	0.0673809
1.11302e-09	0.066174
1.11315e-09	0.064966
1.11327e-09	0.0637569
1.1134e-09	0.0625466
1.11353e-09	0.0613353
1.11366e-09	0.0601228
1.11379e-09	0.0589092
1.11392e-09	0.0576944
1.11404e-09	0.0564786
1.11417e-09	0.0552617
1.1143e-09	0.0540437
1.11443e-09	0.0528246
1.11456e-09	0.0516044
1.11469e-09	0.0503831
1.11482e-09	0.0491607
1.11494e-09	0.0479373
1.11507e-09	0.0467128
1.1152e-09	0.0454873
1.11533e-09	0.0442606
1.11546e-09	0.043033
1.11559e-09	0.0418042
1.11571e-09	0.0405745
1.11584e-09	0.0393437
1.11597e-09	0.0381118
1.1161e-09	0.0368789
1.11623e-09	0.035645
1.11636e-09	0.0344101
1.11648e-09	0.0331742
1.11661e-09	0.0319372
1.11674e-09	0.0306992
1.11687e-09	0.0294603
1.117e-09	0.0282203
1.11713e-09	0.0269793
1.11726e-09	0.0257374
1.11738e-09	0.0244944
1.11751e-09	0.0232505
1.11764e-09	0.0220056
1.11777e-09	0.0207597
1.1179e-09	0.0195129
1.11803e-09	0.0182651
1.11815e-09	0.0170163
1.11828e-09	0.0157666
1.11841e-09	0.0145159
1.11854e-09	0.0132643
1.11867e-09	0.0120118
1.1188e-09	0.0107583
1.11892e-09	0.00950392
1.11905e-09	0.00824859
1.11918e-09	0.00699234
1.11931e-09	0.00573517
1.11944e-09	0.0044771
1.11957e-09	0.00321812
1.1197e-09	0.00195823
1.11982e-09	0.000697457
1.11995e-09	-0.000564211
1.12008e-09	-0.00182677
1.12021e-09	-0.0030902
1.12034e-09	-0.00435451
1.12047e-09	-0.0056197
1.12059e-09	-0.00688575
1.12072e-09	-0.00815266
1.12085e-09	-0.00942043
1.12098e-09	-0.0106891
1.12111e-09	-0.0119585
1.12124e-09	-0.0132288
1.12136e-09	-0.0145
1.12149e-09	-0.015772
1.12162e-09	-0.0170448
1.12175e-09	-0.0183184
1.12188e-09	-0.0195929
1.12201e-09	-0.0208681
1.12213e-09	-0.0221442
1.12226e-09	-0.0234211
1.12239e-09	-0.0246988
1.12252e-09	-0.0259772
1.12265e-09	-0.0272565
1.12278e-09	-0.0285365
1.12291e-09	-0.0298173
1.12303e-09	-0.0310989
1.12316e-09	-0.0323813
1.12329e-09	-0.0336644
1.12342e-09	-0.0349483
1.12355e-09	-0.036233
1.12368e-09	-0.0375183
1.1238e-09	-0.0388045
1.12393e-09	-0.0400913
1.12406e-09	-0.0413789
1.12419e-09	-0.0426673
1.12432e-09	-0.0439563
1.12445e-09	-0.0452461
1.12457e-09	-0.0465366
1.1247e-09	-0.0478278
1.12483e-09	-0.0491197
1.12496e-09	-0.0504123
1.12509e-09	-0.0517056
1.12522e-09	-0.0529996
1.12535e-09	-0.0542942
1.12547e-09	-0.0555896
1.1256e-09	-0.0568856
1.12573e-09	-0.0581823
1.12586e-09	-0.0594796
1.12599e-09	-0.0607776
1.12612e-09	-0.0620763
1.12624e-09	-0.0633756
1.12637e-09	-0.0646755
1.1265e-09	-0.0659761
1.12663e-09	-0.0672773
1.12676e-09	-0.0685791
1.12689e-09	-0.0698816
1.12701e-09	-0.0711847
1.12714e-09	-0.0724883
1.12727e-09	-0.0737926
1.1274e-09	-0.0750975
1.12753e-09	-0.076403
1.12766e-09	-0.0777091
1.12779e-09	-0.0790158
1.12791e-09	-0.080323
1.12804e-09	-0.0816308
1.12817e-09	-0.0829392
1.1283e-09	-0.0842482
1.12843e-09	-0.0855577
1.12856e-09	-0.0868678
1.12868e-09	-0.0881784
1.12881e-09	-0.0894895
1.12894e-09	-0.0908012
1.12907e-09	-0.0921135
1.1292e-09	-0.0934262
1.12933e-09	-0.0947395
1.12945e-09	-0.0960533
1.12958e-09	-0.0973676
1.12971e-09	-0.0986824
1.12984e-09	-0.0999977
1.12997e-09	-0.101314
1.1301e-09	-0.10263
1.13022e-09	-0.103947
1.13035e-09	-0.105264
1.13048e-09	-0.106582
1.13061e-09	-0.1079
1.13074e-09	-0.109219
1.13087e-09	-0.110538
1.131e-09	-0.111857
1.13112e-09	-0.113177
1.13125e-09	-0.114498
1.13138e-09	-0.115819
1.13151e-09	-0.11714
1.13164e-09	-0.118462
1.13177e-09	-0.119784
1.13189e-09	-0.121107
1.13202e-09	-0.12243
1.13215e-09	-0.123753
1.13228e-09	-0.125077
1.13241e-09	-0.126401
1.13254e-09	-0.127726
1.13266e-09	-0.129051
1.13279e-09	-0.130376
1.13292e-09	-0.131702
1.13305e-09	-0.133028
1.13318e-09	-0.134354
1.13331e-09	-0.135681
1.13344e-09	-0.137008
1.13356e-09	-0.138336
1.13369e-09	-0.139664
1.13382e-09	-0.140992
1.13395e-09	-0.14232
1.13408e-09	-0.143649
1.13421e-09	-0.144978
1.13433e-09	-0.146308
1.13446e-09	-0.147638
1.13459e-09	-0.148968
1.13472e-09	-0.150298
1.13485e-09	-0.151629
1.13498e-09	-0.15296
1.1351e-09	-0.154291
1.13523e-09	-0.155622
1.13536e-09	-0.156954
1.13549e-09	-0.158286
1.13562e-09	-0.159618
1.13575e-09	-0.160951
1.13588e-09	-0.162284
1.136e-09	-0.163617
1.13613e-09	-0.16495
1.13626e-09	-0.166284
1.13639e-09	-0.167617
1.13652e-09	-0.168951
1.13665e-09	-0.170285
1.13677e-09	-0.17162
1.1369e-09	-0.172954
1.13703e-09	-0.174289
1.13716e-09	-0.175624
1.13729e-09	-0.176959
1.13742e-09	-0.178294
1.13754e-09	-0.17963
1.13767e-09	-0.180966
1.1378e-09	-0.182301
1.13793e-09	-0.183637
1.13806e-09	-0.184973
1.13819e-09	-0.18631
1.13831e-09	-0.187646
1.13844e-09	-0.188983
1.13857e-09	-0.190319
1.1387e-09	-0.191656
1.13883e-09	-0.192993
1.13896e-09	-0.19433
1.13909e-09	-0.195667
1.13921e-09	-0.197004
1.13934e-09	-0.198342
1.13947e-09	-0.199679
1.1396e-09	-0.201017
1.13973e-09	-0.202354
1.13986e-09	-0.203692
1.13998e-09	-0.205029
1.14011e-09	-0.206367
1.14024e-09	-0.207705
1.14037e-09	-0.209043
1.1405e-09	-0.210381
1.14063e-09	-0.211719
1.14075e-09	-0.213057
1.14088e-09	-0.214395
1.14101e-09	-0.215733
1.14114e-09	-0.217071
1.14127e-09	-0.218409
1.1414e-09	-0.219747
1.14153e-09	-0.221085
1.14165e-09	-0.222423
1.14178e-09	-0.223761
1.14191e-09	-0.225099
1.14204e-09	-0.226437
1.14217e-09	-0.227775
1.1423e-09	-0.229113
1.14242e-09	-0.230451
1.14255e-09	-0.231789
1.14268e-09	-0.233127
1.14281e-09	-0.234464
1.14294e-09	-0.235802
1.14307e-09	-0.237139
1.14319e-09	-0.238477
1.14332e-09	-0.239814
1.14345e-09	-0.241152
1.14358e-09	-0.242489
1.14371e-09	-0.243826
1.14384e-09	-0.245163
1.14397e-09	-0.2465
1.14409e-09	-0.247837
1.14422e-09	-0.249174
1.14435e-09	-0.25051
1.14448e-09	-0.251847
1.14461e-09	-0.253183
1.14474e-09	-0.254519
1.14486e-09	-0.255855
1.14499e-09	-0.257191
1.14512e-09	-0.258526
1.14525e-09	-0.259862
1.14538e-09	-0.261197
1.14551e-09	-0.262532
1.14563e-09	-0.263867
1.14576e-09	-0.265202
1.14589e-09	-0.266537
1.14602e-09	-0.267871
1.14615e-09	-0.269205
1.14628e-09	-0.270539
1.1464e-09	-0.271873
1.14653e-09	-0.273206
1.14666e-09	-0.27454
1.14679e-09	-0.275872
1.14692e-09	-0.277205
1.14705e-09	-0.278538
1.14718e-09	-0.27987
1.1473e-09	-0.281202
1.14743e-09	-0.282534
1.14756e-09	-0.283865
1.14769e-09	-0.285196
1.14782e-09	-0.286527
1.14795e-09	-0.287858
1.14807e-09	-0.289188
1.1482e-09	-0.290518
1.14833e-09	-0.291848
1.14846e-09	-0.293177
1.14859e-09	-0.294506
1.14872e-09	-0.295835
1.14884e-09	-0.297163
1.14897e-09	-0.298491
1.1491e-09	-0.299819
1.14923e-09	-0.301146
1.14936e-09	-0.302473
1.14949e-09	-0.3038
1.14962e-09	-0.305126
1.14974e-09	-0.306452
1.14987e-09	-0.307778
1.15e-09	-0.309103
1.15013e-09	-0.310427
1.15026e-09	-0.311752
1.15039e-09	-0.313076
1.15051e-09	-0.314399
1.15064e-09	-0.315722
1.15077e-09	-0.317045
1.1509e-09	-0.318367
1.15103e-09	-0.319689
1.15116e-09	-0.32101
1.15128e-09	-0.322331
1.15141e-09	-0.323652
1.15154e-09	-0.324972
1.15167e-09	-0.326291
1.1518e-09	-0.32761
1.15193e-09	-0.328929
1.15206e-09	-0.330247
1.15218e-09	-0.331565
1.15231e-09	-0.332882
1.15244e-09	-0.334199
1.15257e-09	-0.335515
1.1527e-09	-0.33683
1.15283e-09	-0.338146
1.15295e-09	-0.33946
1.15308e-09	-0.340774
1.15321e-09	-0.342088
1.15334e-09	-0.343401
1.15347e-09	-0.344713
1.1536e-09	-0.346025
1.15372e-09	-0.347337
1.15385e-09	-0.348647
1.15398e-09	-0.349958
1.15411e-09	-0.351267
1.15424e-09	-0.352576
1.15437e-09	-0.353885
1.15449e-09	-0.355193
1.15462e-09	-0.3565
1.15475e-09	-0.357807
1.15488e-09	-0.359113
1.15501e-09	-0.360418
1.15514e-09	-0.361723
1.15527e-09	-0.363027
1.15539e-09	-0.364331
1.15552e-09	-0.365633
1.15565e-09	-0.366936
1.15578e-09	-0.368237
1.15591e-09	-0.369538
1.15604e-09	-0.370839
1.15616e-09	-0.372138
1.15629e-09	-0.373437
1.15642e-09	-0.374735
1.15655e-09	-0.376033
1.15668e-09	-0.37733
1.15681e-09	-0.378626
1.15693e-09	-0.379922
1.15706e-09	-0.381216
1.15719e-09	-0.38251
1.15732e-09	-0.383804
1.15745e-09	-0.385096
1.15758e-09	-0.386388
1.15771e-09	-0.387679
1.15783e-09	-0.38897
1.15796e-09	-0.390259
1.15809e-09	-0.391548
1.15822e-09	-0.392836
1.15835e-09	-0.394123
1.15848e-09	-0.39541
1.1586e-09	-0.396696
1.15873e-09	-0.397981
1.15886e-09	-0.399265
1.15899e-09	-0.400548
1.15912e-09	-0.401831
1.15925e-09	-0.403112
1.15937e-09	-0.404393
1.1595e-09	-0.405673
1.15963e-09	-0.406953
1.15976e-09	-0.408231
1.15989e-09	-0.409509
1.16002e-09	-0.410785
1.16015e-09	-0.412061
1.16027e-09	-0.413336
1.1604e-09	-0.414611
1.16053e-09	-0.415884
1.16066e-09	-0.417156
1.16079e-09	-0.418428
1.16092e-09	-0.419698
1.16104e-09	-0.420968
1.16117e-09	-0.422237
1.1613e-09	-0.423505
1.16143e-09	-0.424772
1.16156e-09	-0.426038
1.16169e-09	-0.427303
1.16181e-09	-0.428567
1.16194e-09	-0.42983
1.16207e-09	-0.431093
1.1622e-09	-0.432354
1.16233e-09	-0.433615
1.16246e-09	-0.434874
1.16258e-09	-0.436133
1.16271e-09	-0.43739
1.16284e-09	-0.438647
1.16297e-09	-0.439902
1.1631e-09	-0.441157
1.16323e-09	-0.44241
1.16336e-09	-0.443663
1.16348e-09	-0.444914
1.16361e-09	-0.446165
1.16374e-09	-0.447415
1.16387e-09	-0.448663
1.164e-09	-0.44991
1.16413e-09	-0.451157
1.16425e-09	-0.452402
1.16438e-09	-0.453647
1.16451e-09	-0.45489
1.16464e-09	-0.456132
1.16477e-09	-0.457373
1.1649e-09	-0.458613
1.16502e-09	-0.459852
1.16515e-09	-0.46109
1.16528e-09	-0.462327
1.16541e-09	-0.463563
1.16554e-09	-0.464797
1.16567e-09	-0.466031
1.1658e-09	-0.467263
1.16592e-09	-0.468494
1.16605e-09	-0.469725
1.16618e-09	-0.470953
1.16631e-09	-0.472181
1.16644e-09	-0.473408
1.16657e-09	-0.474634
1.16669e-09	-0.475858
1.16682e-09	-0.477081
1.16695e-09	-0.478303
1.16708e-09	-0.479524
1.16721e-09	-0.480744
1.16734e-09	-0.481962
1.16746e-09	-0.48318
1.16759e-09	-0.484396
1.16772e-09	-0.485611
1.16785e-09	-0.486824
1.16798e-09	-0.488037
1.16811e-09	-0.489248
1.16824e-09	-0.490458
1.16836e-09	-0.491667
1.16849e-09	-0.492875
1.16862e-09	-0.494081
1.16875e-09	-0.495286
1.16888e-09	-0.49649
1.16901e-09	-0.497692
1.16913e-09	-0.498894
1.16926e-09	-0.500094
1.16939e-09	-0.501293
1.16952e-09	-0.50249
1.16965e-09	-0.503686
1.16978e-09	-0.504881
1.1699e-09	-0.506075
1.17003e-09	-0.507267
1.17016e-09	-0.508458
1.17029e-09	-0.509647
1.17042e-09	-0.510836
1.17055e-09	-0.512023
1.17067e-09	-0.513208
1.1708e-09	-0.514392
1.17093e-09	-0.515575
1.17106e-09	-0.516757
1.17119e-09	-0.517937
1.17132e-09	-0.519116
1.17145e-09	-0.520293
1.17157e-09	-0.521469
1.1717e-09	-0.522644
1.17183e-09	-0.523817
1.17196e-09	-0.524989
1.17209e-09	-0.52616
1.17222e-09	-0.527329
1.17234e-09	-0.528497
1.17247e-09	-0.529663
1.1726e-09	-0.530828
1.17273e-09	-0.531991
1.17286e-09	-0.533153
1.17299e-09	-0.534314
1.17311e-09	-0.535473
1.17324e-09	-0.53663
1.17337e-09	-0.537787
1.1735e-09	-0.538941
1.17363e-09	-0.540094
1.17376e-09	-0.541246
1.17389e-09	-0.542396
1.17401e-09	-0.543545
1.17414e-09	-0.544693
1.17427e-09	-0.545838
1.1744e-09	-0.546983
1.17453e-09	-0.548125
1.17466e-09	-0.549267
1.17478e-09	-0.550406
1.17491e-09	-0.551544
1.17504e-09	-0.552681
1.17517e-09	-0.553816
1.1753e-09	-0.55495
1.17543e-09	-0.556082
1.17555e-09	-0.557212
1.17568e-09	-0.558341
1.17581e-09	-0.559469
1.17594e-09	-0.560594
1.17607e-09	-0.561718
1.1762e-09	-0.562841
1.17633e-09	-0.563962
1.17645e-09	-0.565081
1.17658e-09	-0.566199
1.17671e-09	-0.567315
1.17684e-09	-0.56843
1.17697e-09	-0.569543
1.1771e-09	-0.570654
1.17722e-09	-0.571764
1.17735e-09	-0.572872
1.17748e-09	-0.573979
1.17761e-09	-0.575083
1.17774e-09	-0.576186
1.17787e-09	-0.577288
1.17799e-09	-0.578388
1.17812e-09	-0.579486
1.17825e-09	-0.580582
1.17838e-09	-0.581677
1.17851e-09	-0.58277
1.17864e-09	-0.583862
1.17876e-09	-0.584951
1.17889e-09	-0.586039
1.17902e-09	-0.587126
1.17915e-09	-0.58821
1.17928e-09	-0.589293
1.17941e-09	-0.590374
1.17954e-09	-0.591453
1.17966e-09	-0.592531
1.17979e-09	-0.593607
1.17992e-09	-0.594681
1.18005e-09	-0.595754
1.18018e-09	-0.596824
1.18031e-09	-0.597893
1.18043e-09	-0.59896
1.18056e-09	-0.600026
1.18069e-09	-0.601089
1.18082e-09	-0.602151
1.18095e-09	-0.603211
1.18108e-09	-0.604269
1.1812e-09	-0.605326
1.18133e-09	-0.60638
1.18146e-09	-0.607433
1.18159e-09	-0.608484
1.18172e-09	-0.609533
1.18185e-09	-0.61058
1.18198e-09	-0.611626
1.1821e-09	-0.612669
1.18223e-09	-0.613711
1.18236e-09	-0.614751
1.18249e-09	-0.615789
1.18262e-09	-0.616825
1.18275e-09	-0.617859
1.18287e-09	-0.618892
1.183e-09	-0.619923
1.18313e-09	-0.620951
1.18326e-09	-0.621978
1.18339e-09	-0.623003
1.18352e-09	-0.624026
1.18364e-09	-0.625047
1.18377e-09	-0.626066
1.1839e-09	-0.627083
1.18403e-09	-0.628099
1.18416e-09	-0.629112
1.18429e-09	-0.630124
1.18442e-09	-0.631133
1.18454e-09	-0.632141
1.18467e-09	-0.633146
1.1848e-09	-0.63415
1.18493e-09	-0.635152
1.18506e-09	-0.636152
1.18519e-09	-0.637149
1.18531e-09	-0.638145
1.18544e-09	-0.639139
1.18557e-09	-0.640131
1.1857e-09	-0.641121
1.18583e-09	-0.642109
1.18596e-09	-0.643095
1.18608e-09	-0.644078
1.18621e-09	-0.64506
1.18634e-09	-0.64604
1.18647e-09	-0.647018
1.1866e-09	-0.647994
1.18673e-09	-0.648967
1.18685e-09	-0.649939
1.18698e-09	-0.650909
1.18711e-09	-0.651876
1.18724e-09	-0.652842
1.18737e-09	-0.653805
1.1875e-09	-0.654767
1.18763e-09	-0.655726
1.18775e-09	-0.656684
1.18788e-09	-0.657639
1.18801e-09	-0.658592
1.18814e-09	-0.659543
1.18827e-09	-0.660492
1.1884e-09	-0.661439
1.18852e-09	-0.662383
1.18865e-09	-0.663326
1.18878e-09	-0.664267
1.18891e-09	-0.665205
1.18904e-09	-0.666141
1.18917e-09	-0.667075
1.18929e-09	-0.668007
1.18942e-09	-0.668937
1.18955e-09	-0.669865
1.18968e-09	-0.67079
1.18981e-09	-0.671714
1.18994e-09	-0.672635
1.19007e-09	-0.673554
1.19019e-09	-0.674471
1.19032e-09	-0.675386
1.19045e-09	-0.676298
1.19058e-09	-0.677209
1.19071e-09	-0.678117
1.19084e-09	-0.679023
1.19096e-09	-0.679927
1.19109e-09	-0.680828
1.19122e-09	-0.681727
1.19135e-09	-0.682625
1.19148e-09	-0.683519
1.19161e-09	-0.684412
1.19173e-09	-0.685302
1.19186e-09	-0.686191
1.19199e-09	-0.687077
1.19212e-09	-0.68796
1.19225e-09	-0.688842
1.19238e-09	-0.689721
1.19251e-09	-0.690598
1.19263e-09	-0.691473
1.19276e-09	-0.692345
1.19289e-09	-0.693215
1.19302e-09	-0.694083
1.19315e-09	-0.694949
1.19328e-09	-0.695812
1.1934e-09	-0.696673
1.19353e-09	-0.697532
1.19366e-09	-0.698388
1.19379e-09	-0.699242
1.19392e-09	-0.700094
1.19405e-09	-0.700943
1.19417e-09	-0.70179
1.1943e-09	-0.702635
1.19443e-09	-0.703477
1.19456e-09	-0.704317
1.19469e-09	-0.705155
1.19482e-09	-0.705991
1.19494e-09	-0.706824
1.19507e-09	-0.707654
1.1952e-09	-0.708483
1.19533e-09	-0.709309
1.19546e-09	-0.710132
1.19559e-09	-0.710953
1.19572e-09	-0.711772
1.19584e-09	-0.712589
1.19597e-09	-0.713403
1.1961e-09	-0.714214
1.19623e-09	-0.715024
1.19636e-09	-0.715831
1.19649e-09	-0.716635
1.19661e-09	-0.717437
1.19674e-09	-0.718237
1.19687e-09	-0.719034
1.197e-09	-0.719828
1.19713e-09	-0.720621
1.19726e-09	-0.721411
1.19738e-09	-0.722198
1.19751e-09	-0.722983
1.19764e-09	-0.723766
1.19777e-09	-0.724546
1.1979e-09	-0.725323
1.19803e-09	-0.726099
1.19816e-09	-0.726871
1.19828e-09	-0.727641
1.19841e-09	-0.728409
1.19854e-09	-0.729174
1.19867e-09	-0.729937
1.1988e-09	-0.730698
1.19893e-09	-0.731455
1.19905e-09	-0.732211
1.19918e-09	-0.732963
1.19931e-09	-0.733714
1.19944e-09	-0.734461
1.19957e-09	-0.735207
1.1997e-09	-0.735949
1.19982e-09	-0.736689
1.19995e-09	-0.737427
1.20008e-09	-0.738162
1.20021e-09	-0.738895
1.20034e-09	-0.739625
1.20047e-09	-0.740352
1.2006e-09	-0.741077
1.20072e-09	-0.741799
1.20085e-09	-0.742519
1.20098e-09	-0.743237
1.20111e-09	-0.743951
1.20124e-09	-0.744663
1.20137e-09	-0.745373
1.20149e-09	-0.74608
1.20162e-09	-0.746784
1.20175e-09	-0.747486
1.20188e-09	-0.748185
1.20201e-09	-0.748881
1.20214e-09	-0.749575
1.20226e-09	-0.750267
1.20239e-09	-0.750955
1.20252e-09	-0.751641
1.20265e-09	-0.752325
1.20278e-09	-0.753006
1.20291e-09	-0.753684
1.20303e-09	-0.754359
1.20316e-09	-0.755032
1.20329e-09	-0.755703
1.20342e-09	-0.75637
1.20355e-09	-0.757035
1.20368e-09	-0.757698
1.20381e-09	-0.758357
1.20393e-09	-0.759014
1.20406e-09	-0.759669
1.20419e-09	-0.76032
1.20432e-09	-0.760969
1.20445e-09	-0.761616
1.20458e-09	-0.762259
1.2047e-09	-0.7629
1.20483e-09	-0.763538
1.20496e-09	-0.764174
1.20509e-09	-0.764807
1.20522e-09	-0.765437
1.20535e-09	-0.766064
1.20547e-09	-0.766689
1.2056e-09	-0.767311
1.20573e-09	-0.76793
1.20586e-09	-0.768547
1.20599e-09	-0.769161
1.20612e-09	-0.769772
1.20625e-09	-0.77038
1.20637e-09	-0.770986
1.2065e-09	-0.771589
1.20663e-09	-0.772189
1.20676e-09	-0.772786
1.20689e-09	-0.773381
1.20702e-09	-0.773972
1.20714e-09	-0.774562
1.20727e-09	-0.775148
1.2074e-09	-0.775731
1.20753e-09	-0.776312
1.20766e-09	-0.77689
1.20779e-09	-0.777465
1.20791e-09	-0.778038
1.20804e-09	-0.778607
1.20817e-09	-0.779174
1.2083e-09	-0.779738
1.20843e-09	-0.780299
1.20856e-09	-0.780858
1.20869e-09	-0.781413
1.20881e-09	-0.781966
1.20894e-09	-0.782516
1.20907e-09	-0.783063
1.2092e-09	-0.783608
1.20933e-09	-0.784149
1.20946e-09	-0.784688
1.20958e-09	-0.785224
1.20971e-09	-0.785757
1.20984e-09	-0.786287
1.20997e-09	-0.786814
1.2101e-09	-0.787339
1.21023e-09	-0.78786
1.21035e-09	-0.788379
1.21048e-09	-0.788895
1.21061e-09	-0.789408
1.21074e-09	-0.789918
1.21087e-09	-0.790425
1.211e-09	-0.79093
1.21112e-09	-0.791431
1.21125e-09	-0.79193
1.21138e-09	-0.792426
1.21151e-09	-0.792919
1.21164e-09	-0.793409
1.21177e-09	-0.793896
1.2119e-09	-0.79438
1.21202e-09	-0.794861
1.21215e-09	-0.79534
1.21228e-09	-0.795815
1.21241e-09	-0.796288
1.21254e-09	-0.796757
1.21267e-09	-0.797224
1.21279e-09	-0.797688
1.21292e-09	-0.798149
1.21305e-09	-0.798607
1.21318e-09	-0.799062
1.21331e-09	-0.799514
1.21344e-09	-0.799963
1.21356e-09	-0.800409
1.21369e-09	-0.800852
1.21382e-09	-0.801292
1.21395e-09	-0.80173
1.21408e-09	-0.802164
1.21421e-09	-0.802596
1.21434e-09	-0.803024
1.21446e-09	-0.80345
1.21459e-09	-0.803872
1.21472e-09	-0.804292
1.21485e-09	-0.804708
1.21498e-09	-0.805122
1.21511e-09	-0.805532
1.21523e-09	-0.80594
1.21536e-09	-0.806345
1.21549e-09	-0.806746
1.21562e-09	-0.807145
1.21575e-09	-0.807541
1.21588e-09	-0.807933
1.216e-09	-0.808323
1.21613e-09	-0.80871
1.21626e-09	-0.809093
1.21639e-09	-0.809474
1.21652e-09	-0.809852
1.21665e-09	-0.810226
1.21678e-09	-0.810598
1.2169e-09	-0.810966
1.21703e-09	-0.811332
1.21716e-09	-0.811694
1.21729e-09	-0.812054
1.21742e-09	-0.81241
1.21755e-09	-0.812763
1.21767e-09	-0.813114
1.2178e-09	-0.813461
1.21793e-09	-0.813805
1.21806e-09	-0.814147
1.21819e-09	-0.814485
1.21832e-09	-0.81482
1.21844e-09	-0.815152
1.21857e-09	-0.815481
1.2187e-09	-0.815807
1.21883e-09	-0.816129
1.21896e-09	-0.816449
1.21909e-09	-0.816766
1.21921e-09	-0.817079
1.21934e-09	-0.81739
1.21947e-09	-0.817697
1.2196e-09	-0.818002
1.21973e-09	-0.818303
1.21986e-09	-0.818601
1.21999e-09	-0.818896
1.22011e-09	-0.819188
1.22024e-09	-0.819477
1.22037e-09	-0.819763
1.2205e-09	-0.820046
1.22063e-09	-0.820325
1.22076e-09	-0.820602
1.22088e-09	-0.820875
1.22101e-09	-0.821145
1.22114e-09	-0.821412
1.22127e-09	-0.821676
1.2214e-09	-0.821937
1.22153e-09	-0.822195
1.22165e-09	-0.82245
1.22178e-09	-0.822701
1.22191e-09	-0.82295
1.22204e-09	-0.823195
1.22217e-09	-0.823437
1.2223e-09	-0.823676
1.22243e-09	-0.823912
1.22255e-09	-0.824144
1.22268e-09	-0.824374
1.22281e-09	-0.8246
1.22294e-09	-0.824824
1.22307e-09	-0.825044
1.2232e-09	-0.825261
1.22332e-09	-0.825474
1.22345e-09	-0.825685
1.22358e-09	-0.825892
1.22371e-09	-0.826097
1.22384e-09	-0.826298
1.22397e-09	-0.826496
1.22409e-09	-0.826691
1.22422e-09	-0.826882
1.22435e-09	-0.827071
1.22448e-09	-0.827256
1.22461e-09	-0.827438
1.22474e-09	-0.827617
1.22487e-09	-0.827792
1.22499e-09	-0.827965
1.22512e-09	-0.828134
1.22525e-09	-0.8283
1.22538e-09	-0.828463
1.22551e-09	-0.828623
1.22564e-09	-0.82878
1.22576e-09	-0.828933
1.22589e-09	-0.829083
1.22602e-09	-0.82923
1.22615e-09	-0.829374
1.22628e-09	-0.829514
1.22641e-09	-0.829652
1.22653e-09	-0.829786
1.22666e-09	-0.829917
1.22679e-09	-0.830044
1.22692e-09	-0.830169
1.22705e-09	-0.83029
1.22718e-09	-0.830408
1.2273e-09	-0.830523
1.22743e-09	-0.830634
1.22756e-09	-0.830742
1.22769e-09	-0.830848
1.22782e-09	-0.830949
1.22795e-09	-0.831048
1.22808e-09	-0.831143
1.2282e-09	-0.831236
1.22833e-09	-0.831324
1.22846e-09	-0.83141
1.22859e-09	-0.831493
1.22872e-09	-0.831572
1.22885e-09	-0.831648
1.22897e-09	-0.83172
1.2291e-09	-0.83179
1.22923e-09	-0.831856
1.22936e-09	-0.831919
1.22949e-09	-0.831979
1.22962e-09	-0.832035
1.22974e-09	-0.832088
1.22987e-09	-0.832138
1.23e-09	-0.832185
1.23013e-09	-0.832228
1.23026e-09	-0.832268
1.23039e-09	-0.832305
1.23052e-09	-0.832339
1.23064e-09	-0.832369
1.23077e-09	-0.832396
1.2309e-09	-0.83242
1.23103e-09	-0.83244
1.23116e-09	-0.832457
1.23129e-09	-0.832471
1.23141e-09	-0.832482
1.23154e-09	-0.832489
1.23167e-09	-0.832493
1.2318e-09	-0.832494
1.23193e-09	-0.832492
1.23206e-09	-0.832486
1.23218e-09	-0.832477
1.23231e-09	-0.832464
1.23244e-09	-0.832449
1.23257e-09	-0.83243
1.2327e-09	-0.832408
1.23283e-09	-0.832382
1.23296e-09	-0.832353
1.23308e-09	-0.832321
1.23321e-09	-0.832286
1.23334e-09	-0.832247
1.23347e-09	-0.832205
1.2336e-09	-0.83216
1.23373e-09	-0.832111
1.23385e-09	-0.832059
1.23398e-09	-0.832004
1.23411e-09	-0.831946
1.23424e-09	-0.831884
1.23437e-09	-0.831819
1.2345e-09	-0.83175
1.23462e-09	-0.831678
1.23475e-09	-0.831603
1.23488e-09	-0.831525
1.23501e-09	-0.831443
1.23514e-09	-0.831358
1.23527e-09	-0.83127
1.23539e-09	-0.831178
1.23552e-09	-0.831083
1.23565e-09	-0.830985
1.23578e-09	-0.830883
1.23591e-09	-0.830778
1.23604e-09	-0.83067
1.23617e-09	-0.830558
1.23629e-09	-0.830443
1.23642e-09	-0.830325
1.23655e-09	-0.830204
1.23668e-09	-0.830079
1.23681e-09	-0.82995
1.23694e-09	-0.829819
1.23706e-09	-0.829684
1.23719e-09	-0.829546
1.23732e-09	-0.829404
1.23745e-09	-0.829259
1.23758e-09	-0.829111
1.23771e-09	-0.82896
1.23783e-09	-0.828805
1.23796e-09	-0.828646
1.23809e-09	-0.828485
1.23822e-09	-0.82832
1.23835e-09	-0.828152
1.23848e-09	-0.82798
1.23861e-09	-0.827805
1.23873e-09	-0.827627
1.23886e-09	-0.827445
1.23899e-09	-0.82726
1.23912e-09	-0.827072
1.23925e-09	-0.82688
1.23938e-09	-0.826685
1.2395e-09	-0.826487
1.23963e-09	-0.826286
1.23976e-09	-0.826081
1.23989e-09	-0.825872
1.24002e-09	-0.82566
1.24015e-09	-0.825445
1.24027e-09	-0.825227
1.2404e-09	-0.825005
1.24053e-09	-0.82478
1.24066e-09	-0.824552
1.24079e-09	-0.82432
1.24092e-09	-0.824085
1.24105e-09	-0.823846
1.24117e-09	-0.823605
1.2413e-09	-0.823359
1.24143e-09	-0.823111
1.24156e-09	-0.822859
1.24169e-09	-0.822604
1.24182e-09	-0.822345
1.24194e-09	-0.822083
1.24207e-09	-0.821818
1.2422e-09	-0.821549
1.24233e-09	-0.821277
1.24246e-09	-0.821002
1.24259e-09	-0.820723
1.24271e-09	-0.820441
1.24284e-09	-0.820156
1.24297e-09	-0.819867
1.2431e-09	-0.819575
1.24323e-09	-0.819279
1.24336e-09	-0.81898
1.24348e-09	-0.818678
1.24361e-09	-0.818373
1.24374e-09	-0.818064
1.24387e-09	-0.817752
1.244e-09	-0.817436
1.24413e-09	-0.817117
1.24426e-09	-0.816795
1.24438e-09	-0.816469
1.24451e-09	-0.81614
1.24464e-09	-0.815808
1.24477e-09	-0.815472
1.2449e-09	-0.815133
1.24503e-09	-0.81479
1.24515e-09	-0.814445
1.24528e-09	-0.814095
1.24541e-09	-0.813743
1.24554e-09	-0.813387
1.24567e-09	-0.813028
1.2458e-09	-0.812665
1.24592e-09	-0.812299
1.24605e-09	-0.81193
1.24618e-09	-0.811557
1.24631e-09	-0.811181
1.24644e-09	-0.810802
1.24657e-09	-0.810419
1.2467e-09	-0.810033
1.24682e-09	-0.809644
1.24695e-09	-0.809251
1.24708e-09	-0.808855
1.24721e-09	-0.808456
1.24734e-09	-0.808053
1.24747e-09	-0.807647
1.24759e-09	-0.807237
1.24772e-09	-0.806824
1.24785e-09	-0.806408
1.24798e-09	-0.805989
1.24811e-09	-0.805566
1.24824e-09	-0.805139
1.24836e-09	-0.80471
1.24849e-09	-0.804277
1.24862e-09	-0.803841
1.24875e-09	-0.803401
1.24888e-09	-0.802958
1.24901e-09	-0.802512
1.24914e-09	-0.802062
1.24926e-09	-0.801609
1.24939e-09	-0.801153
1.24952e-09	-0.800693
1.24965e-09	-0.80023
1.24978e-09	-0.799764
1.24991e-09	-0.799294
1.25003e-09	-0.798821
1.25016e-09	-0.798344
1.25029e-09	-0.797865
1.25042e-09	-0.797381
1.25055e-09	-0.796895
1.25068e-09	-0.796405
1.2508e-09	-0.795912
1.25093e-09	-0.795416
1.25106e-09	-0.794916
1.25119e-09	-0.794413
1.25132e-09	-0.793906
1.25145e-09	-0.793397
1.25157e-09	-0.792884
1.2517e-09	-0.792367
1.25183e-09	-0.791847
1.25196e-09	-0.791324
1.25209e-09	-0.790798
1.25222e-09	-0.790268
1.25235e-09	-0.789735
1.25247e-09	-0.789199
1.2526e-09	-0.788659
1.25273e-09	-0.788116
1.25286e-09	-0.78757
1.25299e-09	-0.78702
1.25312e-09	-0.786467
1.25324e-09	-0.785911
1.25337e-09	-0.785351
1.2535e-09	-0.784788
1.25363e-09	-0.784222
1.25376e-09	-0.783652
1.25389e-09	-0.783079
1.25401e-09	-0.782503
1.25414e-09	-0.781924
1.25427e-09	-0.781341
1.2544e-09	-0.780755
1.25453e-09	-0.780165
1.25466e-09	-0.779572
1.25479e-09	-0.778976
1.25491e-09	-0.778377
1.25504e-09	-0.777774
1.25517e-09	-0.777168
1.2553e-09	-0.776559
1.25543e-09	-0.775946
1.25556e-09	-0.775331
1.25568e-09	-0.774711
1.25581e-09	-0.774089
1.25594e-09	-0.773463
1.25607e-09	-0.772834
1.2562e-09	-0.772202
1.25633e-09	-0.771566
1.25645e-09	-0.770927
1.25658e-09	-0.770285
1.25671e-09	-0.76964
1.25684e-09	-0.768991
1.25697e-09	-0.768339
1.2571e-09	-0.767684
1.25723e-09	-0.767025
1.25735e-09	-0.766363
1.25748e-09	-0.765698
1.25761e-09	-0.765029
1.25774e-09	-0.764358
1.25787e-09	-0.763683
1.258e-09	-0.763005
1.25812e-09	-0.762323
1.25825e-09	-0.761638
1.25838e-09	-0.76095
1.25851e-09	-0.760259
1.25864e-09	-0.759564
1.25877e-09	-0.758866
1.25889e-09	-0.758165
1.25902e-09	-0.757461
1.25915e-09	-0.756754
1.25928e-09	-0.756043
1.25941e-09	-0.755329
1.25954e-09	-0.754611
1.25966e-09	-0.753891
1.25979e-09	-0.753167
1.25992e-09	-0.75244
1.26005e-09	-0.751709
1.26018e-09	-0.750976
1.26031e-09	-0.750239
1.26044e-09	-0.749499
1.26056e-09	-0.748756
1.26069e-09	-0.748009
1.26082e-09	-0.747259
1.26095e-09	-0.746506
1.26108e-09	-0.74575
1.26121e-09	-0.744991
1.26133e-09	-0.744228
1.26146e-09	-0.743462
1.26159e-09	-0.742693
1.26172e-09	-0.741921
1.26185e-09	-0.741145
1.26198e-09	-0.740367
1.2621e-09	-0.739585
1.26223e-09	-0.7388
1.26236e-09	-0.738011
1.26249e-09	-0.73722
1.26262e-09	-0.736425
1.26275e-09	-0.735627
1.26288e-09	-0.734826
1.263e-09	-0.734021
1.26313e-09	-0.733214
1.26326e-09	-0.732403
1.26339e-09	-0.731589
1.26352e-09	-0.730772
1.26365e-09	-0.729952
1.26377e-09	-0.729128
1.2639e-09	-0.728302
1.26403e-09	-0.727472
1.26416e-09	-0.726639
1.26429e-09	-0.725803
1.26442e-09	-0.724963
1.26454e-09	-0.724121
1.26467e-09	-0.723275
1.2648e-09	-0.722426
1.26493e-09	-0.721574
1.26506e-09	-0.720719
1.26519e-09	-0.719861
1.26532e-09	-0.718999
1.26544e-09	-0.718135
1.26557e-09	-0.717267
1.2657e-09	-0.716396
1.26583e-09	-0.715522
1.26596e-09	-0.714645
1.26609e-09	-0.713765
1.26621e-09	-0.712881
1.26634e-09	-0.711994
1.26647e-09	-0.711105
1.2666e-09	-0.710212
1.26673e-09	-0.709316
1.26686e-09	-0.708417
1.26698e-09	-0.707515
1.26711e-09	-0.706609
1.26724e-09	-0.705701
1.26737e-09	-0.704789
1.2675e-09	-0.703875
1.26763e-09	-0.702957
1.26775e-09	-0.702036
1.26788e-09	-0.701112
1.26801e-09	-0.700185
1.26814e-09	-0.699255
1.26827e-09	-0.698321
1.2684e-09	-0.697385
1.26853e-09	-0.696446
1.26865e-09	-0.695503
1.26878e-09	-0.694557
1.26891e-09	-0.693609
1.26904e-09	-0.692657
1.26917e-09	-0.691702
1.2693e-09	-0.690744
1.26942e-09	-0.689783
1.26955e-09	-0.688819
1.26968e-09	-0.687852
1.26981e-09	-0.686882
1.26994e-09	-0.685909
1.27007e-09	-0.684933
1.27019e-09	-0.683953
1.27032e-09	-0.682971
1.27045e-09	-0.681986
1.27058e-09	-0.680997
1.27071e-09	-0.680006
1.27084e-09	-0.679011
1.27097e-09	-0.678014
1.27109e-09	-0.677013
1.27122e-09	-0.67601
1.27135e-09	-0.675003
1.27148e-09	-0.673993
1.27161e-09	-0.672981
1.27174e-09	-0.671965
1.27186e-09	-0.670947
1.27199e-09	-0.669925
1.27212e-09	-0.6689
1.27225e-09	-0.667873
1.27238e-09	-0.666842
1.27251e-09	-0.665808
1.27263e-09	-0.664772
1.27276e-09	-0.663732
1.27289e-09	-0.66269
1.27302e-09	-0.661644
1.27315e-09	-0.660596
1.27328e-09	-0.659544
1.27341e-09	-0.65849
1.27353e-09	-0.657432
1.27366e-09	-0.656372
1.27379e-09	-0.655308
1.27392e-09	-0.654242
1.27405e-09	-0.653173
1.27418e-09	-0.652101
1.2743e-09	-0.651026
1.27443e-09	-0.649947
1.27456e-09	-0.648866
1.27469e-09	-0.647782
1.27482e-09	-0.646696
1.27495e-09	-0.645606
1.27507e-09	-0.644513
1.2752e-09	-0.643417
1.27533e-09	-0.642319
1.27546e-09	-0.641217
1.27559e-09	-0.640113
1.27572e-09	-0.639006
1.27584e-09	-0.637896
1.27597e-09	-0.636783
1.2761e-09	-0.635667
1.27623e-09	-0.634548
1.27636e-09	-0.633426
1.27649e-09	-0.632301
1.27662e-09	-0.631174
1.27674e-09	-0.630043
1.27687e-09	-0.62891
1.277e-09	-0.627774
1.27713e-09	-0.626635
1.27726e-09	-0.625493
1.27739e-09	-0.624349
1.27751e-09	-0.623201
1.27764e-09	-0.622051
1.27777e-09	-0.620898
1.2779e-09	-0.619741
1.27803e-09	-0.618583
1.27816e-09	-0.617421
1.27828e-09	-0.616256
1.27841e-09	-0.615089
1.27854e-09	-0.613919
1.27867e-09	-0.612746
1.2788e-09	-0.61157
1.27893e-09	-0.610391
1.27906e-09	-0.60921
1.27918e-09	-0.608026
1.27931e-09	-0.606839
1.27944e-09	-0.605649
1.27957e-09	-0.604456
1.2797e-09	-0.603261
1.27983e-09	-0.602063
1.27995e-09	-0.600862
1.28008e-09	-0.599658
1.28021e-09	-0.598451
1.28034e-09	-0.597242
1.28047e-09	-0.59603
1.2806e-09	-0.594815
1.28072e-09	-0.593598
1.28085e-09	-0.592378
1.28098e-09	-0.591155
1.28111e-09	-0.589929
1.28124e-09	-0.5887
1.28137e-09	-0.587469
1.2815e-09	-0.586235
1.28162e-09	-0.584999
1.28175e-09	-0.583759
1.28188e-09	-0.582517
1.28201e-09	-0.581272
1.28214e-09	-0.580025
1.28227e-09	-0.578775
1.28239e-09	-0.577522
1.28252e-09	-0.576266
1.28265e-09	-0.575008
1.28278e-09	-0.573747
1.28291e-09	-0.572484
1.28304e-09	-0.571217
1.28316e-09	-0.569948
1.28329e-09	-0.568677
1.28342e-09	-0.567403
1.28355e-09	-0.566126
1.28368e-09	-0.564846
1.28381e-09	-0.563564
1.28393e-09	-0.562279
1.28406e-09	-0.560992
1.28419e-09	-0.559701
1.28432e-09	-0.558409
1.28445e-09	-0.557113
1.28458e-09	-0.555815
1.28471e-09	-0.554515
1.28483e-09	-0.553212
1.28496e-09	-0.551906
1.28509e-09	-0.550597
1.28522e-09	-0.549286
1.28535e-09	-0.547973
1.28548e-09	-0.546657
1.2856e-09	-0.545338
1.28573e-09	-0.544017
1.28586e-09	-0.542693
1.28599e-09	-0.541366
1.28612e-09	-0.540037
1.28625e-09	-0.538706
1.28637e-09	-0.537372
1.2865e-09	-0.536035
1.28663e-09	-0.534696
1.28676e-09	-0.533354
1.28689e-09	-0.53201
1.28702e-09	-0.530663
1.28715e-09	-0.529313
1.28727e-09	-0.527962
1.2874e-09	-0.526607
1.28753e-09	-0.52525
1.28766e-09	-0.523891
1.28779e-09	-0.522529
1.28792e-09	-0.521165
1.28804e-09	-0.519798
1.28817e-09	-0.518429
1.2883e-09	-0.517057
1.28843e-09	-0.515682
1.28856e-09	-0.514306
1.28869e-09	-0.512926
1.28881e-09	-0.511545
1.28894e-09	-0.510161
1.28907e-09	-0.508774
1.2892e-09	-0.507385
1.28933e-09	-0.505994
1.28946e-09	-0.5046
1.28959e-09	-0.503203
1.28971e-09	-0.501805
1.28984e-09	-0.500403
1.28997e-09	-0.499
1.2901e-09	-0.497594
1.29023e-09	-0.496186
1.29036e-09	-0.494775
1.29048e-09	-0.493362
1.29061e-09	-0.491946
1.29074e-09	-0.490528
1.29087e-09	-0.489108
1.291e-09	-0.487685
1.29113e-09	-0.48626
1.29125e-09	-0.484833
1.29138e-09	-0.483403
1.29151e-09	-0.481971
1.29164e-09	-0.480536
1.29177e-09	-0.4791
1.2919e-09	-0.47766
1.29203e-09	-0.476219
1.29215e-09	-0.474775
1.29228e-09	-0.473329
1.29241e-09	-0.471881
1.29254e-09	-0.47043
1.29267e-09	-0.468977
1.2928e-09	-0.467522
1.29292e-09	-0.466064
1.29305e-09	-0.464604
1.29318e-09	-0.463142
1.29331e-09	-0.461677
1.29344e-09	-0.460211
1.29357e-09	-0.458742
1.29369e-09	-0.457271
1.29382e-09	-0.455797
1.29395e-09	-0.454321
1.29408e-09	-0.452843
1.29421e-09	-0.451363
1.29434e-09	-0.449881
1.29446e-09	-0.448396
1.29459e-09	-0.446909
1.29472e-09	-0.44542
1.29485e-09	-0.443929
1.29498e-09	-0.442435
1.29511e-09	-0.44094
1.29524e-09	-0.439442
1.29536e-09	-0.437942
1.29549e-09	-0.436439
1.29562e-09	-0.434935
1.29575e-09	-0.433428
1.29588e-09	-0.43192
1.29601e-09	-0.430409
1.29613e-09	-0.428896
1.29626e-09	-0.42738
1.29639e-09	-0.425863
1.29652e-09	-0.424344
1.29665e-09	-0.422822
1.29678e-09	-0.421298
1.2969e-09	-0.419772
1.29703e-09	-0.418245
1.29716e-09	-0.416714
1.29729e-09	-0.415182
1.29742e-09	-0.413648
1.29755e-09	-0.412112
1.29768e-09	-0.410573
1.2978e-09	-0.409033
1.29793e-09	-0.40749
1.29806e-09	-0.405946
1.29819e-09	-0.404399
1.29832e-09	-0.40285
1.29845e-09	-0.401299
1.29857e-09	-0.399746
1.2987e-09	-0.398192
1.29883e-09	-0.396635
1.29896e-09	-0.395076
1.29909e-09	-0.393515
1.29922e-09	-0.391952
1.29934e-09	-0.390387
1.29947e-09	-0.38882
1.2996e-09	-0.387251
1.29973e-09	-0.38568
1.29986e-09	-0.384107
1.29999e-09	-0.382532
1.30012e-09	-0.380956
1.30024e-09	-0.379377
1.30037e-09	-0.377796
1.3005e-09	-0.376213
1.30063e-09	-0.374629
1.30076e-09	-0.373042
1.30089e-09	-0.371453
1.30101e-09	-0.369863
1.30114e-09	-0.368271
1.30127e-09	-0.366676
1.3014e-09	-0.36508
1.30153e-09	-0.363482
1.30166e-09	-0.361882
1.30178e-09	-0.36028
1.30191e-09	-0.358676
1.30204e-09	-0.357071
1.30217e-09	-0.355463
1.3023e-09	-0.353854
1.30243e-09	-0.352243
1.30255e-09	-0.35063
1.30268e-09	-0.349015
1.30281e-09	-0.347398
1.30294e-09	-0.345779
1.30307e-09	-0.344159
1.3032e-09	-0.342537
1.30333e-09	-0.340912
1.30345e-09	-0.339287
1.30358e-09	-0.337659
1.30371e-09	-0.336029
1.30384e-09	-0.334398
1.30397e-09	-0.332765
1.3041e-09	-0.33113
1.30422e-09	-0.329494
1.30435e-09	-0.327855
1.30448e-09	-0.326215
1.30461e-09	-0.324574
1.30474e-09	-0.32293
1.30487e-09	-0.321285
1.30499e-09	-0.319638
1.30512e-09	-0.317989
1.30525e-09	-0.316338
1.30538e-09	-0.314686
1.30551e-09	-0.313032
1.30564e-09	-0.311376
1.30577e-09	-0.309719
1.30589e-09	-0.30806
1.30602e-09	-0.306399
1.30615e-09	-0.304737
1.30628e-09	-0.303073
1.30641e-09	-0.301407
1.30654e-09	-0.29974
1.30666e-09	-0.298071
1.30679e-09	-0.296401
1.30692e-09	-0.294728
1.30705e-09	-0.293054
1.30718e-09	-0.291379
1.30731e-09	-0.289702
1.30743e-09	-0.288023
1.30756e-09	-0.286343
1.30769e-09	-0.284661
1.30782e-09	-0.282977
1.30795e-09	-0.281292
1.30808e-09	-0.279606
1.30821e-09	-0.277917
1.30833e-09	-0.276228
1.30846e-09	-0.274536
1.30859e-09	-0.272844
1.30872e-09	-0.271149
1.30885e-09	-0.269453
1.30898e-09	-0.267756
1.3091e-09	-0.266057
1.30923e-09	-0.264356
1.30936e-09	-0.262654
1.30949e-09	-0.260951
1.30962e-09	-0.259246
1.30975e-09	-0.257539
1.30987e-09	-0.255831
1.31e-09	-0.254122
1.31013e-09	-0.252411
1.31026e-09	-0.250698
1.31039e-09	-0.248985
1.31052e-09	-0.247269
1.31064e-09	-0.245553
1.31077e-09	-0.243834
1.3109e-09	-0.242115
1.31103e-09	-0.240394
1.31116e-09	-0.238671
1.31129e-09	-0.236948
1.31142e-09	-0.235222
1.31154e-09	-0.233496
1.31167e-09	-0.231768
1.3118e-09	-0.230039
1.31193e-09	-0.228308
1.31206e-09	-0.226576
1.31219e-09	-0.224842
1.31231e-09	-0.223108
1.31244e-09	-0.221371
1.31257e-09	-0.219634
1.3127e-09	-0.217895
1.31283e-09	-0.216155
1.31296e-09	-0.214414
1.31308e-09	-0.212671
1.31321e-09	-0.210927
1.31334e-09	-0.209181
1.31347e-09	-0.207435
1.3136e-09	-0.205687
1.31373e-09	-0.203938
1.31386e-09	-0.202187
1.31398e-09	-0.200436
1.31411e-09	-0.198683
1.31424e-09	-0.196928
1.31437e-09	-0.195173
1.3145e-09	-0.193416
1.31463e-09	-0.191658
1.31475e-09	-0.189899
1.31488e-09	-0.188139
1.31501e-09	-0.186378
1.31514e-09	-0.184615
1.31527e-09	-0.182851
1.3154e-09	-0.181086
1.31552e-09	-0.17932
1.31565e-09	-0.177552
1.31578e-09	-0.175784
1.31591e-09	-0.174014
1.31604e-09	-0.172243
1.31617e-09	-0.170471
1.3163e-09	-0.168698
1.31642e-09	-0.166924
1.31655e-09	-0.165148
1.31668e-09	-0.163372
1.31681e-09	-0.161594
1.31694e-09	-0.159815
1.31707e-09	-0.158036
1.31719e-09	-0.156255
1.31732e-09	-0.154473
1.31745e-09	-0.15269
1.31758e-09	-0.150906
1.31771e-09	-0.149121
1.31784e-09	-0.147334
1.31796e-09	-0.145547
1.31809e-09	-0.143759
1.31822e-09	-0.14197
1.31835e-09	-0.140179
1.31848e-09	-0.138388
1.31861e-09	-0.136596
1.31873e-09	-0.134803
1.31886e-09	-0.133008
1.31899e-09	-0.131213
1.31912e-09	-0.129417
1.31925e-09	-0.12762
1.31938e-09	-0.125822
1.31951e-09	-0.124023
1.31963e-09	-0.122223
1.31976e-09	-0.120422
1.31989e-09	-0.11862
1.32002e-09	-0.116817
1.32015e-09	-0.115013
1.32028e-09	-0.113209
1.3204e-09	-0.111403
1.32053e-09	-0.109597
1.32066e-09	-0.107789
1.32079e-09	-0.105981
1.32092e-09	-0.104172
1.32105e-09	-0.102362
1.32117e-09	-0.100551
1.3213e-09	-0.0987399
1.32143e-09	-0.0969274
1.32156e-09	-0.0951141
1.32169e-09	-0.0933
1.32182e-09	-0.0914851
1.32195e-09	-0.0896694
1.32207e-09	-0.0878529
1.3222e-09	-0.0860355
1.32233e-09	-0.0842174
1.32246e-09	-0.0823985
1.32259e-09	-0.0805788
1.32272e-09	-0.0787584
1.32284e-09	-0.0769372
1.32297e-09	-0.0751153
1.3231e-09	-0.0732926
1.32323e-09	-0.0714692
1.32336e-09	-0.069645
1.32349e-09	-0.0678201
1.32361e-09	-0.0659946
1.32374e-09	-0.0641683
1.32387e-09	-0.0623413
1.324e-09	-0.0605136
1.32413e-09	-0.0586852
1.32426e-09	-0.0568562
1.32439e-09	-0.0550265
1.32451e-09	-0.0531961
1.32464e-09	-0.0513651
1.32477e-09	-0.0495335
1.3249e-09	-0.0477012
1.32503e-09	-0.0458682
1.32516e-09	-0.0440347
1.32528e-09	-0.0422005
1.32541e-09	-0.0403657
1.32554e-09	-0.0385303
1.32567e-09	-0.0366944
1.3258e-09	-0.0348578
1.32593e-09	-0.0330207
1.32605e-09	-0.031183
1.32618e-09	-0.0293447
1.32631e-09	-0.0275059
1.32644e-09	-0.0256665
1.32657e-09	-0.0238266
1.3267e-09	-0.0219862
1.32682e-09	-0.0201452
1.32695e-09	-0.0183038
1.32708e-09	-0.0164618
1.32721e-09	-0.0146193
1.32734e-09	-0.0127763
1.32747e-09	-0.0109328
1.3276e-09	-0.00908889
1.32772e-09	-0.00724447
1.32785e-09	-0.00539959
1.32798e-09	-0.00355425
1.32811e-09	-0.00170847
1.32824e-09	0.000137758
1.32837e-09	0.00198442
1.32849e-09	0.0038315
1.32862e-09	0.005679
1.32875e-09	0.00752691
1.32888e-09	0.00937523
1.32901e-09	0.0112239
1.32914e-09	0.013073
1.32926e-09	0.0149225
1.32939e-09	0.0167723
1.32952e-09	0.0186226
1.32965e-09	0.0204731
1.32978e-09	0.022324
1.32991e-09	0.0241753
1.33004e-09	0.0260269
1.33016e-09	0.0278788
1.33029e-09	0.029731
1.33042e-09	0.0315836
1.33055e-09	0.0334364
1.33068e-09	0.0352895
1.33081e-09	0.037143
1.33093e-09	0.0389967
1.33106e-09	0.0408506
1.33119e-09	0.0427049
1.33132e-09	0.0445594
1.33145e-09	0.0464141
1.33158e-09	0.0482691
1.3317e-09	0.0501243
1.33183e-09	0.0519798
1.33196e-09	0.0538354
1.33209e-09	0.0556913
1.33222e-09	0.0575473
1.33235e-09	0.0594036
1.33248e-09	0.0612601
1.3326e-09	0.0631167
1.33273e-09	0.0649735
1.33286e-09	0.0668305
1.33299e-09	0.0686876
1.33312e-09	0.0705448
1.33325e-09	0.0724022
1.33337e-09	0.0742598
1.3335e-09	0.0761174
1.33363e-09	0.0779752
1.33376e-09	0.0798331
1.33389e-09	0.0816911
1.33402e-09	0.0835492
1.33414e-09	0.0854073
1.33427e-09	0.0872656
1.3344e-09	0.0891239
1.33453e-09	0.0909823
1.33466e-09	0.0928407
1.33479e-09	0.0946992
1.33491e-09	0.0965577
1.33504e-09	0.0984163
1.33517e-09	0.100275
1.3353e-09	0.102133
1.33543e-09	0.103992
1.33556e-09	0.105851
1.33569e-09	0.107709
1.33581e-09	0.109568
1.33594e-09	0.111426
1.33607e-09	0.113285
1.3362e-09	0.115143
1.33633e-09	0.117002
1.33646e-09	0.11886
1.33658e-09	0.120718
1.33671e-09	0.122577
1.33684e-09	0.124435
1.33697e-09	0.126293
1.3371e-09	0.128151
1.33723e-09	0.130009
1.33735e-09	0.131867
1.33748e-09	0.133724
1.33761e-09	0.135582
1.33774e-09	0.137439
1.33787e-09	0.139296
1.338e-09	0.141153
1.33813e-09	0.14301
1.33825e-09	0.144867
1.33838e-09	0.146724
1.33851e-09	0.14858
1.33864e-09	0.150437
1.33877e-09	0.152293
1.3389e-09	0.154148
1.33902e-09	0.156004
1.33915e-09	0.157859
1.33928e-09	0.159715
1.33941e-09	0.16157
1.33954e-09	0.163424
1.33967e-09	0.165279
1.33979e-09	0.167133
1.33992e-09	0.168987
1.34005e-09	0.170841
1.34018e-09	0.172694
1.34031e-09	0.174547
1.34044e-09	0.1764
1.34057e-09	0.178252
1.34069e-09	0.180105
1.34082e-09	0.181956
1.34095e-09	0.183808
1.34108e-09	0.185659
1.34121e-09	0.18751
1.34134e-09	0.18936
1.34146e-09	0.191211
1.34159e-09	0.19306
1.34172e-09	0.19491
1.34185e-09	0.196759
1.34198e-09	0.198607
1.34211e-09	0.200456
1.34223e-09	0.202303
1.34236e-09	0.204151
1.34249e-09	0.205998
1.34262e-09	0.207844
1.34275e-09	0.209691
1.34288e-09	0.211536
1.343e-09	0.213381
1.34313e-09	0.215226
1.34326e-09	0.21707
1.34339e-09	0.218914
1.34352e-09	0.220758
1.34365e-09	0.2226
1.34378e-09	0.224443
1.3439e-09	0.226285
1.34403e-09	0.228126
1.34416e-09	0.229967
1.34429e-09	0.231807
1.34442e-09	0.233647
1.34455e-09	0.235486
1.34467e-09	0.237324
1.3448e-09	0.239162
1.34493e-09	0.241
1.34506e-09	0.242837
1.34519e-09	0.244673
1.34532e-09	0.246509
1.34544e-09	0.248344
1.34557e-09	0.250178
1.3457e-09	0.252012
1.34583e-09	0.253845
1.34596e-09	0.255678
1.34609e-09	0.25751
1.34622e-09	0.259341
1.34634e-09	0.261172
1.34647e-09	0.263002
1.3466e-09	0.264831
1.34673e-09	0.26666
1.34686e-09	0.268488
1.34699e-09	0.270315
1.34711e-09	0.272142
1.34724e-09	0.273968
1.34737e-09	0.275793
1.3475e-09	0.277617
1.34763e-09	0.279441
1.34776e-09	0.281264
1.34788e-09	0.283086
1.34801e-09	0.284907
1.34814e-09	0.286728
1.34827e-09	0.288548
1.3484e-09	0.290367
1.34853e-09	0.292185
1.34866e-09	0.294003
1.34878e-09	0.29582
1.34891e-09	0.297636
1.34904e-09	0.299451
1.34917e-09	0.301265
1.3493e-09	0.303078
1.34943e-09	0.304891
1.34955e-09	0.306703
1.34968e-09	0.308513
1.34981e-09	0.310323
1.34994e-09	0.312133
1.35007e-09	0.313941
1.3502e-09	0.315748
1.35032e-09	0.317555
1.35045e-09	0.31936
1.35058e-09	0.321165
1.35071e-09	0.322968
1.35084e-09	0.324771
1.35097e-09	0.326573
1.35109e-09	0.328374
1.35122e-09	0.330174
1.35135e-09	0.331973
1.35148e-09	0.333771
1.35161e-09	0.335568
1.35174e-09	0.337364
1.35187e-09	0.339159
1.35199e-09	0.340953
1.35212e-09	0.342746
1.35225e-09	0.344538
1.35238e-09	0.346329
1.35251e-09	0.348119
1.35264e-09	0.349908
1.35276e-09	0.351696
1.35289e-09	0.353483
1.35302e-09	0.355269
1.35315e-09	0.357054
1.35328e-09	0.358837
1.35341e-09	0.36062
1.35353e-09	0.362401
1.35366e-09	0.364182
1.35379e-09	0.365961
1.35392e-09	0.367739
1.35405e-09	0.369516
1.35418e-09	0.371292
1.35431e-09	0.373067
1.35443e-09	0.374841
1.35456e-09	0.376613
1.35469e-09	0.378385
1.35482e-09	0.380155
1.35495e-09	0.381924
1.35508e-09	0.383692
1.3552e-09	0.385458
1.35533e-09	0.387224
1.35546e-09	0.388988
1.35559e-09	0.390751
1.35572e-09	0.392513
1.35585e-09	0.394273
1.35597e-09	0.396033
1.3561e-09	0.397791
1.35623e-09	0.399548
1.35636e-09	0.401303
1.35649e-09	0.403058
1.35662e-09	0.404811
1.35675e-09	0.406562
1.35687e-09	0.408313
1.357e-09	0.410062
1.35713e-09	0.41181
1.35726e-09	0.413557
1.35739e-09	0.415302
1.35752e-09	0.417046
1.35764e-09	0.418788
1.35777e-09	0.42053
1.3579e-09	0.422269
1.35803e-09	0.424008
1.35816e-09	0.425745
1.35829e-09	0.427481
1.35841e-09	0.429215
1.35854e-09	0.430949
1.35867e-09	0.43268
1.3588e-09	0.43441
1.35893e-09	0.436139
1.35906e-09	0.437867
1.35918e-09	0.439593
1.35931e-09	0.441317
1.35944e-09	0.443041
1.35957e-09	0.444762
1.3597e-09	0.446482
1.35983e-09	0.448201
1.35996e-09	0.449919
1.36008e-09	0.451634
1.36021e-09	0.453349
1.36034e-09	0.455062
1.36047e-09	0.456773
1.3606e-09	0.458483
1.36073e-09	0.460191
1.36085e-09	0.461898
1.36098e-09	0.463603
1.36111e-09	0.465307
1.36124e-09	0.467009
1.36137e-09	0.46871
1.3615e-09	0.470409
1.36162e-09	0.472107
1.36175e-09	0.473803
1.36188e-09	0.475497
1.36201e-09	0.47719
1.36214e-09	0.478881
1.36227e-09	0.480571
1.3624e-09	0.482259
1.36252e-09	0.483945
1.36265e-09	0.48563
1.36278e-09	0.487313
1.36291e-09	0.488995
1.36304e-09	0.490675
1.36317e-09	0.492353
1.36329e-09	0.49403
1.36342e-09	0.495705
1.36355e-09	0.497378
1.36368e-09	0.499049
1.36381e-09	0.500719
1.36394e-09	0.502387
1.36406e-09	0.504054
1.36419e-09	0.505719
1.36432e-09	0.507382
1.36445e-09	0.509043
1.36458e-09	0.510703
1.36471e-09	0.512361
1.36484e-09	0.514017
1.36496e-09	0.515671
1.36509e-09	0.517324
1.36522e-09	0.518974
1.36535e-09	0.520623
1.36548e-09	0.522271
1.36561e-09	0.523916
1.36573e-09	0.52556
1.36586e-09	0.527202
1.36599e-09	0.528842
1.36612e-09	0.53048
1.36625e-09	0.532117
1.36638e-09	0.533751
1.3665e-09	0.535384
1.36663e-09	0.537015
1.36676e-09	0.538644
1.36689e-09	0.540271
1.36702e-09	0.541896
1.36715e-09	0.54352
1.36727e-09	0.545141
1.3674e-09	0.546761
1.36753e-09	0.548379
1.36766e-09	0.549995
1.36779e-09	0.551609
1.36792e-09	0.553221
1.36805e-09	0.554831
1.36817e-09	0.556439
1.3683e-09	0.558046
1.36843e-09	0.55965
1.36856e-09	0.561252
1.36869e-09	0.562853
1.36882e-09	0.564451
1.36894e-09	0.566048
1.36907e-09	0.567642
1.3692e-09	0.569235
1.36933e-09	0.570825
1.36946e-09	0.572414
1.36959e-09	0.574
1.36971e-09	0.575585
1.36984e-09	0.577167
1.36997e-09	0.578748
1.3701e-09	0.580326
1.37023e-09	0.581903
1.37036e-09	0.583477
1.37049e-09	0.585049
1.37061e-09	0.586619
1.37074e-09	0.588188
1.37087e-09	0.589754
1.371e-09	0.591318
1.37113e-09	0.592879
1.37126e-09	0.594439
1.37138e-09	0.595997
1.37151e-09	0.597553
1.37164e-09	0.599106
1.37177e-09	0.600657
1.3719e-09	0.602207
1.37203e-09	0.603754
1.37215e-09	0.605299
1.37228e-09	0.606841
1.37241e-09	0.608382
1.37254e-09	0.609921
1.37267e-09	0.611457
1.3728e-09	0.612991
1.37293e-09	0.614523
1.37305e-09	0.616053
1.37318e-09	0.61758
1.37331e-09	0.619106
1.37344e-09	0.620629
1.37357e-09	0.62215
1.3737e-09	0.623668
1.37382e-09	0.625185
1.37395e-09	0.626699
1.37408e-09	0.628211
1.37421e-09	0.629721
1.37434e-09	0.631228
1.37447e-09	0.632733
1.37459e-09	0.634236
1.37472e-09	0.635737
1.37485e-09	0.637235
1.37498e-09	0.638731
1.37511e-09	0.640225
1.37524e-09	0.641717
1.37536e-09	0.643206
1.37549e-09	0.644693
1.37562e-09	0.646177
1.37575e-09	0.647659
1.37588e-09	0.649139
1.37601e-09	0.650617
1.37614e-09	0.652092
1.37626e-09	0.653565
1.37639e-09	0.655035
1.37652e-09	0.656503
1.37665e-09	0.657969
1.37678e-09	0.659433
1.37691e-09	0.660893
1.37703e-09	0.662352
1.37716e-09	0.663808
1.37729e-09	0.665262
1.37742e-09	0.666713
1.37755e-09	0.668162
1.37768e-09	0.669609
1.3778e-09	0.671053
1.37793e-09	0.672494
1.37806e-09	0.673934
1.37819e-09	0.67537
1.37832e-09	0.676805
1.37845e-09	0.678236
1.37858e-09	0.679666
1.3787e-09	0.681093
1.37883e-09	0.682517
1.37896e-09	0.683939
1.37909e-09	0.685358
1.37922e-09	0.686775
1.37935e-09	0.68819
1.37947e-09	0.689601
1.3796e-09	0.691011
1.37973e-09	0.692418
1.37986e-09	0.693822
1.37999e-09	0.695224
1.38012e-09	0.696623
1.38024e-09	0.69802
1.38037e-09	0.699414
1.3805e-09	0.700805
1.38063e-09	0.702194
1.38076e-09	0.70358
1.38089e-09	0.704964
1.38102e-09	0.706346
1.38114e-09	0.707724
1.38127e-09	0.7091
1.3814e-09	0.710474
1.38153e-09	0.711845
1.38166e-09	0.713213
1.38179e-09	0.714578
1.38191e-09	0.715941
1.38204e-09	0.717302
1.38217e-09	0.718659
1.3823e-09	0.720014
1.38243e-09	0.721367
1.38256e-09	0.722716
1.38268e-09	0.724063
1.38281e-09	0.725408
1.38294e-09	0.726749
1.38307e-09	0.728088
1.3832e-09	0.729425
1.38333e-09	0.730758
1.38345e-09	0.732089
1.38358e-09	0.733418
1.38371e-09	0.734743
1.38384e-09	0.736066
1.38397e-09	0.737386
1.3841e-09	0.738703
1.38423e-09	0.740018
1.38435e-09	0.74133
1.38448e-09	0.742639
1.38461e-09	0.743945
1.38474e-09	0.745249
1.38487e-09	0.74655
1.385e-09	0.747848
1.38512e-09	0.749143
1.38525e-09	0.750435
1.38538e-09	0.751725
1.38551e-09	0.753012
1.38564e-09	0.754296
1.38577e-09	0.755578
1.38589e-09	0.756856
1.38602e-09	0.758132
1.38615e-09	0.759405
1.38628e-09	0.760675
1.38641e-09	0.761942
1.38654e-09	0.763206
1.38667e-09	0.764468
1.38679e-09	0.765727
1.38692e-09	0.766982
1.38705e-09	0.768235
1.38718e-09	0.769485
1.38731e-09	0.770733
1.38744e-09	0.771977
1.38756e-09	0.773219
1.38769e-09	0.774457
1.38782e-09	0.775693
1.38795e-09	0.776926
1.38808e-09	0.778155
1.38821e-09	0.779382
1.38833e-09	0.780607
1.38846e-09	0.781828
1.38859e-09	0.783046
1.38872e-09	0.784261
1.38885e-09	0.785473
1.38898e-09	0.786683
1.38911e-09	0.787889
1.38923e-09	0.789093
1.38936e-09	0.790293
1.38949e-09	0.791491
1.38962e-09	0.792686
1.38975e-09	0.793877
1.38988e-09	0.795066
1.39e-09	0.796252
1.39013e-09	0.797434
1.39026e-09	0.798614
1.39039e-09	0.799791
1.39052e-09	0.800964
1.39065e-09	0.802135
1.39077e-09	0.803303
1.3909e-09	0.804467
1.39103e-09	0.805629
1.39116e-09	0.806788
1.39129e-09	0.807943
1.39142e-09	0.809096
1.39154e-09	0.810245
1.39167e-09	0.811392
1.3918e-09	0.812535
1.39193e-09	0.813675
1.39206e-09	0.814812
1.39219e-09	0.815947
1.39232e-09	0.817078
1.39244e-09	0.818206
1.39257e-09	0.819331
1.3927e-09	0.820452
1.39283e-09	0.821571
1.39296e-09	0.822687
1.39309e-09	0.823799
1.39321e-09	0.824909
1.39334e-09	0.826015
1.39347e-09	0.827118
1.3936e-09	0.828218
1.39373e-09	0.829315
1.39386e-09	0.830409
1.39398e-09	0.831499
1.39411e-09	0.832587
1.39424e-09	0.833671
1.39437e-09	0.834752
1.3945e-09	0.83583
1.39463e-09	0.836905
1.39476e-09	0.837977
1.39488e-09	0.839045
1.39501e-09	0.840111
1.39514e-09	0.841173
1.39527e-09	0.842232
1.3954e-09	0.843288
1.39553e-09	0.84434
1.39565e-09	0.84539
1.39578e-09	0.846436
1.39591e-09	0.847479
1.39604e-09	0.848518
1.39617e-09	0.849555
1.3963e-09	0.850588
1.39642e-09	0.851618
1.39655e-09	0.852645
1.39668e-09	0.853669
1.39681e-09	0.854689
1.39694e-09	0.855706
1.39707e-09	0.85672
1.3972e-09	0.857731
1.39732e-09	0.858738
1.39745e-09	0.859742
1.39758e-09	0.860743
1.39771e-09	0.86174
1.39784e-09	0.862734
1.39797e-09	0.863725
1.39809e-09	0.864713
1.39822e-09	0.865697
1.39835e-09	0.866679
1.39848e-09	0.867656
1.39861e-09	0.868631
1.39874e-09	0.869602
1.39886e-09	0.87057
1.39899e-09	0.871534
1.39912e-09	0.872495
1.39925e-09	0.873453
1.39938e-09	0.874408
1.39951e-09	0.875359
1.39963e-09	0.876307
1.39976e-09	0.877251
1.39989e-09	0.878193
1.40002e-09	0.87913
1.40015e-09	0.880065
1.40028e-09	0.880996
1.40041e-09	0.881924
1.40053e-09	0.882848
1.40066e-09	0.883769
1.40079e-09	0.884687
1.40092e-09	0.885601
1.40105e-09	0.886512
1.40118e-09	0.887419
1.4013e-09	0.888323
1.40143e-09	0.889224
1.40156e-09	0.890121
1.40169e-09	0.891015
1.40182e-09	0.891906
1.40195e-09	0.892793
1.40207e-09	0.893676
1.4022e-09	0.894556
1.40233e-09	0.895433
1.40246e-09	0.896307
1.40259e-09	0.897176
1.40272e-09	0.898043
1.40285e-09	0.898906
1.40297e-09	0.899766
1.4031e-09	0.900622
1.40323e-09	0.901474
1.40336e-09	0.902324
1.40349e-09	0.903169
1.40362e-09	0.904012
1.40374e-09	0.904851
1.40387e-09	0.905686
1.404e-09	0.906518
1.40413e-09	0.907346
1.40426e-09	0.908171
1.40439e-09	0.908993
1.40451e-09	0.909811
1.40464e-09	0.910625
1.40477e-09	0.911436
1.4049e-09	0.912244
1.40503e-09	0.913048
1.40516e-09	0.913848
1.40529e-09	0.914645
1.40541e-09	0.915438
1.40554e-09	0.916228
1.40567e-09	0.917015
1.4058e-09	0.917798
1.40593e-09	0.918577
1.40606e-09	0.919353
1.40618e-09	0.920125
1.40631e-09	0.920894
1.40644e-09	0.921659
1.40657e-09	0.922421
1.4067e-09	0.923179
1.40683e-09	0.923933
1.40695e-09	0.924684
1.40708e-09	0.925432
1.40721e-09	0.926176
1.40734e-09	0.926916
1.40747e-09	0.927653
1.4076e-09	0.928386
1.40772e-09	0.929115
1.40785e-09	0.929842
1.40798e-09	0.930564
1.40811e-09	0.931283
1.40824e-09	0.931998
1.40837e-09	0.93271
1.4085e-09	0.933418
1.40862e-09	0.934122
1.40875e-09	0.934823
1.40888e-09	0.93552
1.40901e-09	0.936214
1.40914e-09	0.936904
1.40927e-09	0.937591
1.40939e-09	0.938273
1.40952e-09	0.938953
1.40965e-09	0.939628
1.40978e-09	0.9403
1.40991e-09	0.940969
1.41004e-09	0.941633
1.41016e-09	0.942294
1.41029e-09	0.942952
1.41042e-09	0.943606
1.41055e-09	0.944256
1.41068e-09	0.944902
1.41081e-09	0.945545
1.41094e-09	0.946184
1.41106e-09	0.94682
1.41119e-09	0.947452
1.41132e-09	0.94808
1.41145e-09	0.948704
1.41158e-09	0.949325
1.41171e-09	0.949943
1.41183e-09	0.950556
1.41196e-09	0.951166
1.41209e-09	0.951772
1.41222e-09	0.952375
1.41235e-09	0.952974
1.41248e-09	0.953569
1.4126e-09	0.95416
1.41273e-09	0.954748
1.41286e-09	0.955332
1.41299e-09	0.955913
1.41312e-09	0.956489
1.41325e-09	0.957062
1.41338e-09	0.957632
1.4135e-09	0.958197
1.41363e-09	0.958759
1.41376e-09	0.959317
1.41389e-09	0.959872
1.41402e-09	0.960422
1.41415e-09	0.960969
1.41427e-09	0.961513
1.4144e-09	0.962052
1.41453e-09	0.962588
1.41466e-09	0.96312
1.41479e-09	0.963649
1.41492e-09	0.964173
1.41504e-09	0.964694
1.41517e-09	0.965211
1.4153e-09	0.965725
1.41543e-09	0.966235
1.41556e-09	0.966741
1.41569e-09	0.967243
1.41581e-09	0.967741
1.41594e-09	0.968236
1.41607e-09	0.968727
1.4162e-09	0.969214
1.41633e-09	0.969698
1.41646e-09	0.970177
1.41659e-09	0.970653
1.41671e-09	0.971126
1.41684e-09	0.971594
1.41697e-09	0.972059
1.4171e-09	0.972519
1.41723e-09	0.972977
1.41736e-09	0.97343
1.41748e-09	0.973879
1.41761e-09	0.974325
1.41774e-09	0.974767
1.41787e-09	0.975205
1.418e-09	0.97564
1.41813e-09	0.976071
1.41825e-09	0.976497
1.41838e-09	0.97692
1.41851e-09	0.97734
1.41864e-09	0.977755
1.41877e-09	0.978167
1.4189e-09	0.978575
1.41903e-09	0.978979
1.41915e-09	0.979379
1.41928e-09	0.979776
1.41941e-09	0.980168
1.41954e-09	0.980557
1.41967e-09	0.980942
1.4198e-09	0.981324
1.41992e-09	0.981701
1.42005e-09	0.982075
1.42018e-09	0.982444
1.42031e-09	0.98281
1.42044e-09	0.983173
1.42057e-09	0.983531
1.42069e-09	0.983886
1.42082e-09	0.984236
1.42095e-09	0.984583
1.42108e-09	0.984926
1.42121e-09	0.985265
1.42134e-09	0.985601
1.42147e-09	0.985933
1.42159e-09	0.98626
1.42172e-09	0.986584
1.42185e-09	0.986904
1.42198e-09	0.987221
1.42211e-09	0.987533
1.42224e-09	0.987842
1.42236e-09	0.988146
1.42249e-09	0.988447
1.42262e-09	0.988744
1.42275e-09	0.989037
1.42288e-09	0.989327
1.42301e-09	0.989612
1.42313e-09	0.989894
1.42326e-09	0.990172
1.42339e-09	0.990446
1.42352e-09	0.990716
1.42365e-09	0.990982
1.42378e-09	0.991245
1.4239e-09	0.991503
1.42403e-09	0.991758
1.42416e-09	0.992009
1.42429e-09	0.992256
1.42442e-09	0.992499
1.42455e-09	0.992738
1.42468e-09	0.992973
1.4248e-09	0.993205
1.42493e-09	0.993433
1.42506e-09	0.993656
1.42519e-09	0.993876
1.42532e-09	0.994092
1.42545e-09	0.994305
1.42557e-09	0.994513
1.4257e-09	0.994717
1.42583e-09	0.994918
1.42596e-09	0.995115
1.42609e-09	0.995308
1.42622e-09	0.995497
1.42634e-09	0.995682
1.42647e-09	0.995863
1.4266e-09	0.99604
1.42673e-09	0.996214
1.42686e-09	0.996383
1.42699e-09	0.996549
1.42712e-09	0.996711
1.42724e-09	0.996869
1.42737e-09	0.997023
1.4275e-09	0.997173
1.42763e-09	0.99732
1.42776e-09	0.997462
1.42789e-09	0.997601
1.42801e-09	0.997735
1.42814e-09	0.997866
1.42827e-09	0.997993
1.4284e-09	0.998116
1.42853e-09	0.998235
1.42866e-09	0.99835
1.42878e-09	0.998462
1.42891e-09	0.998569
1.42904e-09	0.998673
1.42917e-09	0.998772
1.4293e-09	0.998868
1.42943e-09	0.99896
1.42956e-09	0.999048
1.42968e-09	0.999132
1.42981e-09	0.999213
1.42994e-09	0.999289
1.43007e-09	0.999361
1.4302e-09	0.99943
1.43033e-09	0.999495
1.43045e-09	0.999555
1.43058e-09	0.999612
1.43071e-09	0.999665
1.43084e-09	0.999714
1.43097e-09	0.99976
1.4311e-09	0.999801
1.43122e-09	0.999838
1.43135e-09	0.999872
1.43148e-09	0.999902
1.43161e-09	0.999927
1.43174e-09	0.999949
1.43187e-09	0.999967
1.43199e-09	0.999981
1.43212e-09	0.999991
1.43225e-09	0.999998
1.43238e-09	1
1.43251e-09	0.999998
1.43264e-09	0.999993
1.43277e-09	0.999984
1.43289e-09	0.999971
1.43302e-09	0.999953
1.43315e-09	0.999932
1.43328e-09	0.999908
1.43341e-09	0.999879
1.43354e-09	0.999846
1.43366e-09	0.99981
1.43379e-09	0.999769
1.43392e-09	0.999725
1.43405e-09	0.999677
1.43418e-09	0.999624
1.43431e-09	0.999568
1.43443e-09	0.999509
1.43456e-09	0.999445
1.43469e-09	0.999377
1.43482e-09	0.999305
1.43495e-09	0.99923
1.43508e-09	0.999151
1.43521e-09	0.999067
1.43533e-09	0.99898
1.43546e-09	0.998889
1.43559e-09	0.998794
1.43572e-09	0.998695
1.43585e-09	0.998593
1.43598e-09	0.998486
1.4361e-09	0.998375
1.43623e-09	0.998261
1.43636e-09	0.998143
1.43649e-09	0.998021
1.43662e-09	0.997895
1.43675e-09	0.997765
1.43687e-09	0.997631
1.437e-09	0.997493
1.43713e-09	0.997352
1.43726e-09	0.997206
1.43739e-09	0.997057
1.43752e-09	0.996904
1.43765e-09	0.996747
1.43777e-09	0.996586
1.4379e-09	0.996421
1.43803e-09	0.996252
1.43816e-09	0.996079
1.43829e-09	0.995903
1.43842e-09	0.995723
1.43854e-09	0.995538
1.43867e-09	0.99535
1.4388e-09	0.995158
1.43893e-09	0.994962
1.43906e-09	0.994763
1.43919e-09	0.994559
1.43931e-09	0.994352
1.43944e-09	0.99414
1.43957e-09	0.993925
1.4397e-09	0.993706
1.43983e-09	0.993483
1.43996e-09	0.993256
1.44008e-09	0.993025
1.44021e-09	0.992791
1.44034e-09	0.992553
1.44047e-09	0.99231
1.4406e-09	0.992064
1.44073e-09	0.991814
1.44086e-09	0.99156
1.44098e-09	0.991303
1.44111e-09	0.991041
1.44124e-09	0.990776
1.44137e-09	0.990506
1.4415e-09	0.990233
1.44163e-09	0.989956
1.44175e-09	0.989676
1.44188e-09	0.989391
1.44201e-09	0.989102
1.44214e-09	0.98881
1.44227e-09	0.988514
1.4424e-09	0.988214
1.44252e-09	0.98791
1.44265e-09	0.987602
1.44278e-09	0.987291
1.44291e-09	0.986975
1.44304e-09	0.986656
1.44317e-09	0.986333
1.4433e-09	0.986006
1.44342e-09	0.985675
1.44355e-09	0.985341
1.44368e-09	0.985002
1.44381e-09	0.98466
1.44394e-09	0.984314
1.44407e-09	0.983964
1.44419e-09	0.983611
1.44432e-09	0.983253
1.44445e-09	0.982892
1.44458e-09	0.982526
1.44471e-09	0.982158
1.44484e-09	0.981785
1.44496e-09	0.981408
1.44509e-09	0.981028
1.44522e-09	0.980644
1.44535e-09	0.980255
1.44548e-09	0.979864
1.44561e-09	0.979468
1.44574e-09	0.979069
1.44586e-09	0.978665
1.44599e-09	0.978258
1.44612e-09	0.977847
1.44625e-09	0.977433
1.44638e-09	0.977014
1.44651e-09	0.976592
1.44663e-09	0.976166
1.44676e-09	0.975736
1.44689e-09	0.975303
1.44702e-09	0.974865
1.44715e-09	0.974424
1.44728e-09	0.973979
1.4474e-09	0.973531
1.44753e-09	0.973078
1.44766e-09	0.972622
1.44779e-09	0.972162
1.44792e-09	0.971698
1.44805e-09	0.97123
1.44817e-09	0.970759
1.4483e-09	0.970284
1.44843e-09	0.969805
1.44856e-09	0.969323
1.44869e-09	0.968836
1.44882e-09	0.968346
1.44895e-09	0.967852
1.44907e-09	0.967354
1.4492e-09	0.966853
1.44933e-09	0.966348
1.44946e-09	0.965839
1.44959e-09	0.965326
1.44972e-09	0.96481
1.44984e-09	0.96429
1.44997e-09	0.963766
1.4501e-09	0.963239
1.45023e-09	0.962707
1.45036e-09	0.962172
1.45049e-09	0.961634
1.45061e-09	0.961091
1.45074e-09	0.960545
1.45087e-09	0.959995
1.451e-09	0.959441
1.45113e-09	0.958884
1.45126e-09	0.958323
1.45139e-09	0.957758
1.45151e-09	0.95719
1.45164e-09	0.956617
1.45177e-09	0.956042
1.4519e-09	0.955462
1.45203e-09	0.954879
1.45216e-09	0.954292
1.45228e-09	0.953701
1.45241e-09	0.953107
1.45254e-09	0.952509
1.45267e-09	0.951907
1.4528e-09	0.951302
1.45293e-09	0.950693
1.45305e-09	0.95008
1.45318e-09	0.949463
1.45331e-09	0.948843
1.45344e-09	0.94822
1.45357e-09	0.947592
1.4537e-09	0.946961
1.45383e-09	0.946326
1.45395e-09	0.945688
1.45408e-09	0.945046
1.45421e-09	0.9444
1.45434e-09	0.943751
1.45447e-09	0.943098
1.4546e-09	0.942441
1.45472e-09	0.941781
1.45485e-09	0.941117
1.45498e-09	0.94045
1.45511e-09	0.939779
1.45524e-09	0.939104
1.45537e-09	0.938425
1.45549e-09	0.937743
1.45562e-09	0.937058
1.45575e-09	0.936368
1.45588e-09	0.935676
1.45601e-09	0.934979
1.45614e-09	0.934279
1.45626e-09	0.933575
1.45639e-09	0.932868
1.45652e-09	0.932157
1.45665e-09	0.931443
1.45678e-09	0.930725
1.45691e-09	0.930003
1.45704e-09	0.929278
1.45716e-09	0.928549
1.45729e-09	0.927817
1.45742e-09	0.927081
1.45755e-09	0.926341
1.45768e-09	0.925598
1.45781e-09	0.924852
1.45793e-09	0.924101
1.45806e-09	0.923348
1.45819e-09	0.92259
1.45832e-09	0.921829
1.45845e-09	0.921065
1.45858e-09	0.920297
1.4587e-09	0.919526
1.45883e-09	0.91875
1.45896e-09	0.917972
1.45909e-09	0.91719
1.45922e-09	0.916404
1.45935e-09	0.915615
1.45948e-09	0.914822
1.4596e-09	0.914026
1.45973e-09	0.913227
1.45986e-09	0.912423
1.45999e-09	0.911617
1.46012e-09	0.910806
1.46025e-09	0.909993
1.46037e-09	0.909176
1.4605e-09	0.908355
1.46063e-09	0.907531
1.46076e-09	0.906703
1.46089e-09	0.905872
1.46102e-09	0.905037
1.46114e-09	0.904199
1.46127e-09	0.903358
1.4614e-09	0.902513
1.46153e-09	0.901664
1.46166e-09	0.900812
1.46179e-09	0.899957
1.46192e-09	0.899098
1.46204e-09	0.898236
1.46217e-09	0.89737
1.4623e-09	0.896501
1.46243e-09	0.895628
1.46256e-09	0.894752
1.46269e-09	0.893873
1.46281e-09	0.89299
1.46294e-09	0.892104
1.46307e-09	0.891214
1.4632e-09	0.890321
1.46333e-09	0.889425
1.46346e-09	0.888525
1.46358e-09	0.887621
1.46371e-09	0.886715
1.46384e-09	0.885805
1.46397e-09	0.884891
1.4641e-09	0.883974
1.46423e-09	0.883054
1.46435e-09	0.88213
1.46448e-09	0.881203
1.46461e-09	0.880273
1.46474e-09	0.879339
1.46487e-09	0.878402
1.465e-09	0.877462
1.46513e-09	0.876518
1.46525e-09	0.875571
1.46538e-09	0.87462
1.46551e-09	0.873667
1.46564e-09	0.87271
1.46577e-09	0.871749
1.4659e-09	0.870785
1.46602e-09	0.869818
1.46615e-09	0.868848
1.46628e-09	0.867874
1.46641e-09	0.866897
1.46654e-09	0.865917
1.46667e-09	0.864933
1.46679e-09	0.863946
1.46692e-09	0.862956
1.46705e-09	0.861963
1.46718e-09	0.860966
1.46731e-09	0.859966
1.46744e-09	0.858962
1.46757e-09	0.857956
1.46769e-09	0.856946
1.46782e-09	0.855933
1.46795e-09	0.854916
1.46808e-09	0.853897
1.46821e-09	0.852874
1.46834e-09	0.851848
1.46846e-09	0.850819
1.46859e-09	0.849786
1.46872e-09	0.84875
1.46885e-09	0.847711
1.46898e-09	0.846669
1.46911e-09	0.845623
1.46923e-09	0.844575
1.46936e-09	0.843523
1.46949e-09	0.842468
1.46962e-09	0.84141
1.46975e-09	0.840348
1.46988e-09	0.839284
1.47001e-09	0.838216
1.47013e-09	0.837145
1.47026e-09	0.836071
1.47039e-09	0.834993
1.47052e-09	0.833913
1.47065e-09	0.832829
1.47078e-09	0.831742
1.4709e-09	0.830653
1.47103e-09	0.82956
1.47116e-09	0.828463
1.47129e-09	0.827364
1.47142e-09	0.826261
1.47155e-09	0.825156
1.47167e-09	0.824047
1.4718e-09	0.822935
1.47193e-09	0.82182
1.47206e-09	0.820702
1.47219e-09	0.819581
1.47232e-09	0.818457
1.47244e-09	0.81733
1.47257e-09	0.816199
1.4727e-09	0.815066
1.47283e-09	0.813929
1.47296e-09	0.81279
1.47309e-09	0.811647
1.47322e-09	0.810501
1.47334e-09	0.809353
1.47347e-09	0.808201
1.4736e-09	0.807046
1.47373e-09	0.805888
1.47386e-09	0.804727
1.47399e-09	0.803563
1.47411e-09	0.802396
1.47424e-09	0.801226
1.47437e-09	0.800053
1.4745e-09	0.798877
1.47463e-09	0.797698
1.47476e-09	0.796516
1.47488e-09	0.795331
1.47501e-09	0.794143
1.47514e-09	0.792952
1.47527e-09	0.791758
1.4754e-09	0.790561
1.47553e-09	0.789361
1.47566e-09	0.788158
1.47578e-09	0.786953
1.47591e-09	0.785744
1.47604e-09	0.784532
1.47617e-09	0.783317
1.4763e-09	0.7821
1.47643e-09	0.780879
1.47655e-09	0.779656
1.47668e-09	0.77843
1.47681e-09	0.7772
1.47694e-09	0.775968
1.47707e-09	0.774733
1.4772e-09	0.773495
1.47732e-09	0.772254
1.47745e-09	0.771011
1.47758e-09	0.769764
1.47771e-09	0.768515
1.47784e-09	0.767262
1.47797e-09	0.766007
1.4781e-09	0.764749
1.47822e-09	0.763488
1.47835e-09	0.762224
1.47848e-09	0.760958
1.47861e-09	0.759688
1.47874e-09	0.758416
1.47887e-09	0.757141
1.47899e-09	0.755863
1.47912e-09	0.754583
1.47925e-09	0.753299
1.47938e-09	0.752013
1.47951e-09	0.750724
1.47964e-09	0.749432
1.47976e-09	0.748137
1.47989e-09	0.74684
1.48002e-09	0.745539
1.48015e-09	0.744236
1.48028e-09	0.742931
1.48041e-09	0.741622
1.48053e-09	0.740311
1.48066e-09	0.738997
1.48079e-09	0.73768
1.48092e-09	0.736361
1.48105e-09	0.735039
1.48118e-09	0.733714
1.48131e-09	0.732386
1.48143e-09	0.731056
1.48156e-09	0.729723
1.48169e-09	0.728387
1.48182e-09	0.727049
1.48195e-09	0.725708
1.48208e-09	0.724364
1.4822e-09	0.723017
1.48233e-09	0.721668
1.48246e-09	0.720316
1.48259e-09	0.718962
1.48272e-09	0.717605
1.48285e-09	0.716245
1.48297e-09	0.714883
1.4831e-09	0.713518
1.48323e-09	0.71215
1.48336e-09	0.71078
1.48349e-09	0.709407
1.48362e-09	0.708032
1.48375e-09	0.706654
1.48387e-09	0.705273
1.484e-09	0.70389
1.48413e-09	0.702504
1.48426e-09	0.701115
1.48439e-09	0.699725
1.48452e-09	0.698331
1.48464e-09	0.696935
1.48477e-09	0.695536
1.4849e-09	0.694135
1.48503e-09	0.692731
1.48516e-09	0.691325
1.48529e-09	0.689916
1.48541e-09	0.688505
1.48554e-09	0.687091
1.48567e-09	0.685675
1.4858e-09	0.684256
1.48593e-09	0.682835
1.48606e-09	0.681411
1.48619e-09	0.679985
1.48631e-09	0.678556
1.48644e-09	0.677125
1.48657e-09	0.675691
1.4867e-09	0.674255
1.48683e-09	0.672816
1.48696e-09	0.671375
1.48708e-09	0.669931
1.48721e-09	0.668485
1.48734e-09	0.667037
1.48747e-09	0.665586
1.4876e-09	0.664133
1.48773e-09	0.662677
1.48785e-09	0.661219
1.48798e-09	0.659759
1.48811e-09	0.658296
1.48824e-09	0.656831
1.48837e-09	0.655363
1.4885e-09	0.653893
1.48862e-09	0.652421
1.48875e-09	0.650946
1.48888e-09	0.649469
1.48901e-09	0.64799
1.48914e-09	0.646508
1.48927e-09	0.645024
1.4894e-09	0.643538
1.48952e-09	0.642049
1.48965e-09	0.640558
1.48978e-09	0.639065
1.48991e-09	0.63757
1.49004e-09	0.636072
1.49017e-09	0.634572
1.49029e-09	0.633069
1.49042e-09	0.631564
1.49055e-09	0.630057
1.49068e-09	0.628548
1.49081e-09	0.627037
1.49094e-09	0.625523
1.49106e-09	0.624007
1.49119e-09	0.622489
1.49132e-09	0.620968
1.49145e-09	0.619446
1.49158e-09	0.617921
1.49171e-09	0.616394
1.49184e-09	0.614865
1.49196e-09	0.613333
1.49209e-09	0.6118
1.49222e-09	0.610264
1.49235e-09	0.608726
1.49248e-09	0.607186
1.49261e-09	0.605643
1.49273e-09	0.604099
1.49286e-09	0.602552
1.49299e-09	0.601004
1.49312e-09	0.599453
1.49325e-09	0.5979
1.49338e-09	0.596345
1.4935e-09	0.594787
1.49363e-09	0.593228
1.49376e-09	0.591667
1.49389e-09	0.590103
1.49402e-09	0.588537
1.49415e-09	0.58697
1.49428e-09	0.5854
1.4944e-09	0.583828
1.49453e-09	0.582254
1.49466e-09	0.580678
1.49479e-09	0.5791
1.49492e-09	0.57752
1.49505e-09	0.575938
1.49517e-09	0.574354
1.4953e-09	0.572768
1.49543e-09	0.57118
1.49556e-09	0.56959
1.49569e-09	0.567998
1.49582e-09	0.566404
1.49594e-09	0.564808
1.49607e-09	0.56321
1.4962e-09	0.56161
1.49633e-09	0.560008
1.49646e-09	0.558404
1.49659e-09	0.556798
1.49671e-09	0.55519
1.49684e-09	0.553581
1.49697e-09	0.551969
1.4971e-09	0.550355
1.49723e-09	0.54874
1.49736e-09	0.547123
1.49749e-09	0.545503
1.49761e-09	0.543882
1.49774e-09	0.542259
1.49787e-09	0.540634
1.498e-09	0.539007
1.49813e-09	0.537379
1.49826e-09	0.535748
1.49838e-09	0.534116
1.49851e-09	0.532482
1.49864e-09	0.530846
1.49877e-09	0.529208
1.4989e-09	0.527568
1.49903e-09	0.525927
1.49915e-09	0.524283
1.49928e-09	0.522638
1.49941e-09	0.520991
1.49954e-09	0.519343
1.49967e-09	0.517692
1.4998e-09	0.51604
1.49993e-09	0.514386
1.50005e-09	0.51273
1.50018e-09	0.511073
1.50031e-09	0.509414
1.50044e-09	0.507753
1.50057e-09	0.50609
1.5007e-09	0.504426
1.50082e-09	0.50276
1.50095e-09	0.501092
1.50108e-09	0.499422
1.50121e-09	0.497751
1.50134e-09	0.496078
1.50147e-09	0.494404
1.50159e-09	0.492728
1.50172e-09	0.49105
1.50185e-09	0.48937
1.50198e-09	0.487689
1.50211e-09	0.486006
1.50224e-09	0.484322
1.50237e-09	0.482636
1.50249e-09	0.480948
1.50262e-09	0.479259
1.50275e-09	0.477568
1.50288e-09	0.475875
1.50301e-09	0.474181
1.50314e-09	0.472486
1.50326e-09	0.470788
1.50339e-09	0.46909
1.50352e-09	0.467389
1.50365e-09	0.465687
1.50378e-09	0.463984
1.50391e-09	0.462279
1.50403e-09	0.460573
1.50416e-09	0.458865
1.50429e-09	0.457155
1.50442e-09	0.455444
1.50455e-09	0.453731
1.50468e-09	0.452017
1.5048e-09	0.450302
1.50493e-09	0.448585
1.50506e-09	0.446866
1.50519e-09	0.445146
1.50532e-09	0.443425
1.50545e-09	0.441702
1.50558e-09	0.439978
1.5057e-09	0.438252
1.50583e-09	0.436525
1.50596e-09	0.434797
1.50609e-09	0.433067
1.50622e-09	0.431335
1.50635e-09	0.429603
1.50647e-09	0.427868
1.5066e-09	0.426133
1.50673e-09	0.424396
1.50686e-09	0.422658
1.50699e-09	0.420918
1.50712e-09	0.419177
1.50724e-09	0.417435
1.50737e-09	0.415691
1.5075e-09	0.413946
1.50763e-09	0.4122
1.50776e-09	0.410452
1.50789e-09	0.408704
1.50802e-09	0.406953
1.50814e-09	0.405202
1.50827e-09	0.403449
1.5084e-09	0.401695
1.50853e-09	0.39994
1.50866e-09	0.398183
1.50879e-09	0.396425
1.50891e-09	0.394666
1.50904e-09	0.392906
1.50917e-09	0.391144
1.5093e-09	0.389382
1.50943e-09	0.387618
1.50956e-09	0.385853
1.50968e-09	0.384086
1.50981e-09	0.382319
1.50994e-09	0.38055
1.51007e-09	0.37878
1.5102e-09	0.377009
1.51033e-09	0.375237
1.51046e-09	0.373463
1.51058e-09	0.371689
1.51071e-09	0.369913
1.51084e-09	0.368136
1.51097e-09	0.366358
1.5111e-09	0.364579
1.51123e-09	0.362799
1.51135e-09	0.361018
1.51148e-09	0.359235
1.51161e-09	0.357452
1.51174e-09	0.355668
1.51187e-09	0.353882
1.512e-09	0.352095
1.51212e-09	0.350308
1.51225e-09	0.348519
1.51238e-09	0.346729
1.51251e-09	0.344938
1.51264e-09	0.343146
1.51277e-09	0.341354
1.51289e-09	0.33956
1.51302e-09	0.337765
1.51315e-09	0.335969
1.51328e-09	0.334172
1.51341e-09	0.332374
1.51354e-09	0.330576
1.51367e-09	0.328776
1.51379e-09	0.326975
1.51392e-09	0.325174
1.51405e-09	0.323371
1.51418e-09	0.321568
1.51431e-09	0.319763
1.51444e-09	0.317958
1.51456e-09	0.316152
1.51469e-09	0.314344
1.51482e-09	0.312536
1.51495e-09	0.310727
1.51508e-09	0.308918
1.51521e-09	0.307107
1.51533e-09	0.305295
1.51546e-09	0.303483
1.51559e-09	0.30167
1.51572e-09	0.299856
1.51585e-09	0.298041
1.51598e-09	0.296225
1.51611e-09	0.294409
1.51623e-09	0.292591
1.51636e-09	0.290773
1.51649e-09	0.288954
1.51662e-09	0.287135
1.51675e-09	0.285314
1.51688e-09	0.283493
1.517e-09	0.281671
1.51713e-09	0.279848
1.51726e-09	0.278024
1.51739e-09	0.2762
1.51752e-09	0.274375
1.51765e-09	0.27255
1.51777e-09	0.270723
1.5179e-09	0.268896
1.51803e-09	0.267068
1.51816e-09	0.26524
1.51829e-09	0.263411
1.51842e-09	0.261581
1.51855e-09	0.25975
1.51867e-09	0.257919
1.5188e-09	0.256087
1.51893e-09	0.254255
1.51906e-09	0.252422
1.51919e-09	0.250588
1.51932e-09	0.248753
1.51944e-09	0.246919
1.51957e-09	0.245083
1.5197e-09	0.243247
1.51983e-09	0.24141
1.51996e-09	0.239573
1.52009e-09	0.237735
1.52021e-09	0.235896
1.52034e-09	0.234057
1.52047e-09	0.232218
1.5206e-09	0.230378
1.52073e-09	0.228537
1.52086e-09	0.226696
1.52098e-09	0.224854
1.52111e-09	0.223012
1.52124e-09	0.221169
1.52137e-09	0.219326
1.5215e-09	0.217482
1.52163e-09	0.215638
1.52176e-09	0.213793
1.52188e-09	0.211948
1.52201e-09	0.210103
1.52214e-09	0.208257
1.52227e-09	0.20641
1.5224e-09	0.204563
1.52253e-09	0.202716
1.52265e-09	0.200868
1.52278e-09	0.19902
1.52291e-09	0.197172
1.52304e-09	0.195323
1.52317e-09	0.193473
1.5233e-09	0.191624
1.52342e-09	0.189774
1.52355e-09	0.187923
1.52368e-09	0.186072
1.52381e-09	0.184221
1.52394e-09	0.18237
1.52407e-09	0.180518
1.5242e-09	0.178666
1.52432e-09	0.176814
1.52445e-09	0.174961
1.52458e-09	0.173108
1.52471e-09	0.171254
1.52484e-09	0.169401
1.52497e-09	0.167547
1.52509e-09	0.165693
1.52522e-09	0.163838
1.52535e-09	0.161984
1.52548e-09	0.160129
1.52561e-09	0.158274
1.52574e-09	0.156418
1.52586e-09	0.154563
1.52599e-09	0.152707
1.52612e-09	0.150851
1.52625e-09	0.148995
1.52638e-09	0.147138
1.52651e-09	0.145282
1.52664e-09	0.143425
1.52676e-09	0.141568
1.52689e-09	0.139711
1.52702e-09	0.137854
1.52715e-09	0.135996
1.52728e-09	0.134139
1.52741e-09	0.132281
1.52753e-09	0.130424
1.52766e-09	0.128566
1.52779e-09	0.126708
1.52792e-09	0.12485
1.52805e-09	0.122992
1.52818e-09	0.121133
1.5283e-09	0.119275
1.52843e-09	0.117417
1.52856e-09	0.115558
1.52869e-09	0.1137
1.52882e-09	0.111841
1.52895e-09	0.109983
1.52907e-09	0.108124
1.5292e-09	0.106266
1.52933e-09	0.104407
1.52946e-09	0.102548
1.52959e-09	0.10069
1.52972e-09	0.0988312
1.52985e-09	0.0969727
1.52997e-09	0.0951142
1.5301e-09	0.0932557
1.53023e-09	0.0913972
1.53036e-09	0.0895388
1.53049e-09	0.0876805
1.53062e-09	0.0858223
1.53074e-09	0.0839641
1.53087e-09	0.082106
1.531e-09	0.080248
1.53113e-09	0.07839
1.53126e-09	0.0765322
1.53139e-09	0.0746746
1.53151e-09	0.072817
1.53164e-09	0.0709596
1.53177e-09	0.0691023
1.5319e-09	0.0672451
1.53203e-09	0.0653881
1.53216e-09	0.0635313
1.53229e-09	0.0616746
1.53241e-09	0.0598181
1.53254e-09	0.0579618
1.53267e-09	0.0561057
1.5328e-09	0.0542498
1.53293e-09	0.0523941
1.53306e-09	0.0505386
1.53318e-09	0.0486833
1.53331e-09	0.0468283
1.53344e-09	0.0449735
1.53357e-09	0.0431189
1.5337e-09	0.0412646
1.53383e-09	0.0394106
1.53395e-09	0.0375568
1.53408e-09	0.0357034
1.53421e-09	0.0338502
1.53434e-09	0.0319972
1.53447e-09	0.0301446
1.5346e-09	0.0282923
1.53473e-09	0.0264403
1.53485e-09	0.0245887
1.53498e-09	0.0227374
1.53511e-09	0.0208864
1.53524e-09	0.0190357
1.53537e-09	0.0171854
1.5355e-09	0.0153355
1.53562e-09	0.013486
1.53575e-09	0.0116368
1.53588e-09	0.00978798
1.53601e-09	0.00793958
1.53614e-09	0.00609157
1.53627e-09	0.00424398
1.53639e-09	0.0023968
1.53652e-09	0.000550049
1.53665e-09	-0.00129627
1.53678e-09	-0.00314216
1.53691e-09	-0.0049876
1.53704e-09	-0.00683258
1.53716e-09	-0.0086771
1.53729e-09	-0.0105212
1.53742e-09	-0.0123647
1.53755e-09	-0.0142078
1.53768e-09	-0.0160504
1.53781e-09	-0.0178925
1.53794e-09	-0.0197341
1.53806e-09	-0.0215752
1.53819e-09	-0.0234157
1.53832e-09	-0.0252558
1.53845e-09	-0.0270953
1.53858e-09	-0.0289342
1.53871e-09	-0.0307726
1.53883e-09	-0.0326104
1.53896e-09	-0.0344477
1.53909e-09	-0.0362844
1.53922e-09	-0.0381205
1.53935e-09	-0.039956
1.53948e-09	-0.0417909
1.5396e-09	-0.0436252
1.53973e-09	-0.0454589
1.53986e-09	-0.0472919
1.53999e-09	-0.0491244
1.54012e-09	-0.0509562
1.54025e-09	-0.0527874
1.54038e-09	-0.0546179
1.5405e-09	-0.0564477
1.54063e-09	-0.0582769
1.54076e-09	-0.0601054
1.54089e-09	-0.0619332
1.54102e-09	-0.0637604
1.54115e-09	-0.0655868
1.54127e-09	-0.0674126
1.5414e-09	-0.0692376
1.54153e-09	-0.0710619
1.54166e-09	-0.0728855
1.54179e-09	-0.0747084
1.54192e-09	-0.0765305
1.54204e-09	-0.0783518
1.54217e-09	-0.0801724
1.5423e-09	-0.0819923
1.54243e-09	-0.0838113
1.54256e-09	-0.0856296
1.54269e-09	-0.0874471
1.54282e-09	-0.0892639
1.54294e-09	-0.0910798
1.54307e-09	-0.0928949
1.5432e-09	-0.0947092
1.54333e-09	-0.0965226
1.54346e-09	-0.0983353
1.54359e-09	-0.100147
1.54371e-09	-0.101958
1.54384e-09	-0.103768
1.54397e-09	-0.105577
1.5441e-09	-0.107386
1.54423e-09	-0.109193
1.54436e-09	-0.111
1.54448e-09	-0.112806
1.54461e-09	-0.11461
1.54474e-09	-0.116414
1.54487e-09	-0.118217
1.545e-09	-0.120019
1.54513e-09	-0.121821
1.54525e-09	-0.123621
1.54538e-09	-0.12542
1.54551e-09	-0.127218
1.54564e-09	-0.129016
1.54577e-09	-0.130812
1.5459e-09	-0.132608
1.54603e-09	-0.134402
1.54615e-09	-0.136196
1.54628e-09	-0.137988
1.54641e-09	-0.13978
1.54654e-09	-0.14157
1.54667e-09	-0.14336
1.5468e-09	-0.145148
1.54692e-09	-0.146935
1.54705e-09	-0.148722
1.54718e-09	-0.150507
1.54731e-09	-0.152292
1.54744e-09	-0.154075
1.54757e-09	-0.155857
1.54769e-09	-0.157638
1.54782e-09	-0.159418
1.54795e-09	-0.161197
1.54808e-09	-0.162975
1.54821e-09	-0.164752
1.54834e-09	-0.166527
1.54847e-09	-0.168302
1.54859e-09	-0.170075
1.54872e-09	-0.171847
1.54885e-09	-0.173619
1.54898e-09	-0.175389
1.54911e-09	-0.177157
1.54924e-09	-0.178925
1.54936e-09	-0.180692
1.54949e-09	-0.182457
1.54962e-09	-0.184221
1.54975e-09	-0.185984
1.54988e-09	-0.187746
1.55001e-09	-0.189506
1.55013e-09	-0.191266
1.55026e-09	-0.193024
1.55039e-09	-0.194781
1.55052e-09	-0.196537
1.55065e-09	-0.198291
1.55078e-09	-0.200044
1.55091e-09	-0.201796
1.55103e-09	-0.203547
1.55116e-09	-0.205296
1.55129e-09	-0.207045
1.55142e-09	-0.208792
1.55155e-09	-0.210537
1.55168e-09	-0.212282
1.5518e-09	-0.214025
1.55193e-09	-0.215766
1.55206e-09	-0.217507
1.55219e-09	-0.219246
1.55232e-09	-0.220984
1.55245e-09	-0.22272
1.55257e-09	-0.224455
1.5527e-09	-0.226189
1.55283e-09	-0.227921
1.55296e-09	-0.229652
1.55309e-09	-0.231382
1.55322e-09	-0.23311
1.55334e-09	-0.234837
1.55347e-09	-0.236563
1.5536e-09	-0.238287
1.55373e-09	-0.240009
1.55386e-09	-0.241731
1.55399e-09	-0.243451
1.55412e-09	-0.245169
1.55424e-09	-0.246886
1.55437e-09	-0.248602
1.5545e-09	-0.250316
1.55463e-09	-0.252029
1.55476e-09	-0.25374
1.55489e-09	-0.25545
1.55501e-09	-0.257158
1.55514e-09	-0.258865
1.55527e-09	-0.26057
1.5554e-09	-0.262274
1.55553e-09	-0.263976
1.55566e-09	-0.265677
1.55578e-09	-0.267376
1.55591e-09	-0.269074
1.55604e-09	-0.270771
1.55617e-09	-0.272465
1.5563e-09	-0.274159
1.55643e-09	-0.27585
1.55656e-09	-0.27754
1.55668e-09	-0.279229
1.55681e-09	-0.280916
1.55694e-09	-0.282601
1.55707e-09	-0.284285
1.5572e-09	-0.285967
1.55733e-09	-0.287648
1.55745e-09	-0.289327
1.55758e-09	-0.291005
1.55771e-09	-0.29268
1.55784e-09	-0.294355
1.55797e-09	-0.296027
1.5581e-09	-0.297698
1.55822e-09	-0.299368
1.55835e-09	-0.301035
1.55848e-09	-0.302701
1.55861e-09	-0.304366
1.55874e-09	-0.306028
1.55887e-09	-0.30769
1.559e-09	-0.309349
1.55912e-09	-0.311007
1.55925e-09	-0.312663
1.55938e-09	-0.314317
1.55951e-09	-0.315969
1.55964e-09	-0.31762
1.55977e-09	-0.31927
1.55989e-09	-0.320917
1.56002e-09	-0.322563
1.56015e-09	-0.324207
1.56028e-09	-0.325849
1.56041e-09	-0.327489
1.56054e-09	-0.329128
1.56066e-09	-0.330765
1.56079e-09	-0.3324
1.56092e-09	-0.334034
1.56105e-09	-0.335665
1.56118e-09	-0.337295
1.56131e-09	-0.338923
1.56143e-09	-0.34055
1.56156e-09	-0.342174
1.56169e-09	-0.343797
1.56182e-09	-0.345418
1.56195e-09	-0.347037
1.56208e-09	-0.348654
1.56221e-09	-0.350269
1.56233e-09	-0.351883
1.56246e-09	-0.353494
1.56259e-09	-0.355104
1.56272e-09	-0.356712
1.56285e-09	-0.358318
1.56298e-09	-0.359922
1.5631e-09	-0.361524
1.56323e-09	-0.363125
1.56336e-09	-0.364723
1.56349e-09	-0.36632
1.56362e-09	-0.367915
1.56375e-09	-0.369508
1.56387e-09	-0.371098
1.564e-09	-0.372687
1.56413e-09	-0.374274
1.56426e-09	-0.37586
1.56439e-09	-0.377443
1.56452e-09	-0.379024
1.56465e-09	-0.380603
1.56477e-09	-0.38218
1.5649e-09	-0.383756
1.56503e-09	-0.385329
1.56516e-09	-0.3869
1.56529e-09	-0.38847
1.56542e-09	-0.390037
1.56554e-09	-0.391603
1.56567e-09	-0.393166
1.5658e-09	-0.394727
1.56593e-09	-0.396287
1.56606e-09	-0.397844
1.56619e-09	-0.399399
1.56631e-09	-0.400953
1.56644e-09	-0.402504
1.56657e-09	-0.404053
1.5667e-09	-0.4056
1.56683e-09	-0.407145
1.56696e-09	-0.408688
1.56709e-09	-0.410229
1.56721e-09	-0.411768
1.56734e-09	-0.413305
1.56747e-09	-0.41484
1.5676e-09	-0.416373
1.56773e-09	-0.417903
1.56786e-09	-0.419431
1.56798e-09	-0.420958
1.56811e-09	-0.422482
1.56824e-09	-0.424004
1.56837e-09	-0.425524
1.5685e-09	-0.427042
1.56863e-09	-0.428558
1.56875e-09	-0.430071
1.56888e-09	-0.431582
1.56901e-09	-0.433092
1.56914e-09	-0.434599
1.56927e-09	-0.436104
1.5694e-09	-0.437606
1.56952e-09	-0.439107
1.56965e-09	-0.440605
1.56978e-09	-0.442102
1.56991e-09	-0.443596
1.57004e-09	-0.445087
1.57017e-09	-0.446577
1.5703e-09	-0.448064
1.57042e-09	-0.449549
1.57055e-09	-0.451032
1.57068e-09	-0.452513
1.57081e-09	-0.453992
1.57094e-09	-0.455468
1.57107e-09	-0.456942
1.57119e-09	-0.458414
1.57132e-09	-0.459883
1.57145e-09	-0.46135
1.57158e-09	-0.462815
1.57171e-09	-0.464278
1.57184e-09	-0.465738
1.57196e-09	-0.467196
1.57209e-09	-0.468652
1.57222e-09	-0.470106
1.57235e-09	-0.471557
1.57248e-09	-0.473006
1.57261e-09	-0.474452
1.57274e-09	-0.475897
1.57286e-09	-0.477339
1.57299e-09	-0.478778
1.57312e-09	-0.480216
1.57325e-09	-0.481651
1.57338e-09	-0.483083
1.57351e-09	-0.484514
1.57363e-09	-0.485942
1.57376e-09	-0.487367
1.57389e-09	-0.48879
1.57402e-09	-0.490211
1.57415e-09	-0.49163
1.57428e-09	-0.493046
1.5744e-09	-0.494459
1.57453e-09	-0.495871
1.57466e-09	-0.49728
1.57479e-09	-0.498686
1.57492e-09	-0.50009
1.57505e-09	-0.501492
1.57518e-09	-0.502891
1.5753e-09	-0.504288
1.57543e-09	-0.505683
1.57556e-09	-0.507075
1.57569e-09	-0.508464
1.57582e-09	-0.509851
1.57595e-09	-0.511236
1.57607e-09	-0.512618
1.5762e-09	-0.513998
1.57633e-09	-0.515375
1.57646e-09	-0.51675
1.57659e-09	-0.518122
1.57672e-09	-0.519492
1.57684e-09	-0.52086
1.57697e-09	-0.522225
1.5771e-09	-0.523587
1.57723e-09	-0.524947
1.57736e-09	-0.526304
1.57749e-09	-0.527659
1.57761e-09	-0.529012
1.57774e-09	-0.530362
1.57787e-09	-0.531709
1.578e-09	-0.533054
1.57813e-09	-0.534396
1.57826e-09	-0.535736
1.57839e-09	-0.537073
1.57851e-09	-0.538408
1.57864e-09	-0.53974
1.57877e-09	-0.54107
1.5789e-09	-0.542397
1.57903e-09	-0.543721
1.57916e-09	-0.545043
1.57928e-09	-0.546362
1.57941e-09	-0.547679
1.57954e-09	-0.548993
1.57967e-09	-0.550305
1.5798e-09	-0.551614
1.57993e-09	-0.55292
1.58005e-09	-0.554224
1.58018e-09	-0.555525
1.58031e-09	-0.556824
1.58044e-09	-0.55812
1.58057e-09	-0.559413
1.5807e-09	-0.560704
1.58083e-09	-0.561992
1.58095e-09	-0.563277
1.58108e-09	-0.56456
1.58121e-09	-0.56584
1.58134e-09	-0.567118
1.58147e-09	-0.568393
1.5816e-09	-0.569665
1.58172e-09	-0.570934
1.58185e-09	-0.572201
1.58198e-09	-0.573465
1.58211e-09	-0.574727
1.58224e-09	-0.575986
1.58237e-09	-0.577242
1.58249e-09	-0.578495
1.58262e-09	-0.579746
1.58275e-09	-0.580994
1.58288e-09	-0.58224
1.58301e-09	-0.583482
1.58314e-09	-0.584722
1.58327e-09	-0.585959
1.58339e-09	-0.587194
1.58352e-09	-0.588426
1.58365e-09	-0.589655
1.58378e-09	-0.590881
1.58391e-09	-0.592105
1.58404e-09	-0.593326
1.58416e-09	-0.594544
1.58429e-09	-0.595759
1.58442e-09	-0.596972
1.58455e-09	-0.598182
1.58468e-09	-0.599389
1.58481e-09	-0.600593
1.58493e-09	-0.601795
1.58506e-09	-0.602993
1.58519e-09	-0.604189
1.58532e-09	-0.605383
1.58545e-09	-0.606573
1.58558e-09	-0.607761
1.5857e-09	-0.608946
1.58583e-09	-0.610128
1.58596e-09	-0.611307
1.58609e-09	-0.612483
1.58622e-09	-0.613657
1.58635e-09	-0.614828
1.58648e-09	-0.615996
1.5866e-09	-0.617161
1.58673e-09	-0.618323
1.58686e-09	-0.619483
1.58699e-09	-0.62064
1.58712e-09	-0.621793
1.58725e-09	-0.622944
1.58737e-09	-0.624093
1.5875e-09	-0.625238
1.58763e-09	-0.62638
1.58776e-09	-0.62752
1.58789e-09	-0.628657
1.58802e-09	-0.629791
1.58814e-09	-0.630922
1.58827e-09	-0.63205
1.5884e-09	-0.633175
1.58853e-09	-0.634297
1.58866e-09	-0.635417
1.58879e-09	-0.636534
1.58892e-09	-0.637647
1.58904e-09	-0.638758
1.58917e-09	-0.639866
1.5893e-09	-0.640971
1.58943e-09	-0.642073
1.58956e-09	-0.643172
1.58969e-09	-0.644269
1.58981e-09	-0.645362
1.58994e-09	-0.646452
1.59007e-09	-0.64754
1.5902e-09	-0.648625
1.59033e-09	-0.649706
1.59046e-09	-0.650785
1.59058e-09	-0.651861
1.59071e-09	-0.652934
1.59084e-09	-0.654004
1.59097e-09	-0.655071
1.5911e-09	-0.656135
1.59123e-09	-0.657196
1.59136e-09	-0.658254
1.59148e-09	-0.659309
1.59161e-09	-0.660361
1.59174e-09	-0.66141
1.59187e-09	-0.662456
1.592e-09	-0.6635
1.59213e-09	-0.66454
1.59225e-09	-0.665577
1.59238e-09	-0.666611
1.59251e-09	-0.667643
1.59264e-09	-0.668671
1.59277e-09	-0.669696
1.5929e-09	-0.670719
1.59302e-09	-0.671738
1.59315e-09	-0.672754
1.59328e-09	-0.673768
1.59341e-09	-0.674778
1.59354e-09	-0.675785
1.59367e-09	-0.676789
1.59379e-09	-0.677791
1.59392e-09	-0.678789
1.59405e-09	-0.679784
1.59418e-09	-0.680776
1.59431e-09	-0.681765
1.59444e-09	-0.682751
1.59457e-09	-0.683734
1.59469e-09	-0.684714
1.59482e-09	-0.685691
1.59495e-09	-0.686665
1.59508e-09	-0.687636
1.59521e-09	-0.688604
1.59534e-09	-0.689568
1.59546e-09	-0.69053
1.59559e-09	-0.691489
1.59572e-09	-0.692444
1.59585e-09	-0.693397
1.59598e-09	-0.694346
1.59611e-09	-0.695292
1.59623e-09	-0.696235
1.59636e-09	-0.697176
1.59649e-09	-0.698113
1.59662e-09	-0.699047
1.59675e-09	-0.699977
1.59688e-09	-0.700905
1.59701e-09	-0.70183
1.59713e-09	-0.702751
1.59726e-09	-0.70367
1.59739e-09	-0.704585
1.59752e-09	-0.705498
1.59765e-09	-0.706407
1.59778e-09	-0.707313
1.5979e-09	-0.708216
1.59803e-09	-0.709115
1.59816e-09	-0.710012
1.59829e-09	-0.710906
1.59842e-09	-0.711796
1.59855e-09	-0.712683
1.59867e-09	-0.713568
1.5988e-09	-0.714449
1.59893e-09	-0.715326
1.59906e-09	-0.716201
1.59919e-09	-0.717073
1.59932e-09	-0.717941
1.59945e-09	-0.718807
1.59957e-09	-0.719669
1.5997e-09	-0.720528
1.59983e-09	-0.721384
1.59996e-09	-0.722236
1.60009e-09	-0.723086
1.60022e-09	-0.723932
1.60034e-09	-0.724776
1.60047e-09	-0.725616
1.6006e-09	-0.726452
1.60073e-09	-0.727286
1.60086e-09	-0.728117
1.60099e-09	-0.728944
1.60111e-09	-0.729768
1.60124e-09	-0.730589
1.60137e-09	-0.731407
1.6015e-09	-0.732222
1.60163e-09	-0.733033
1.60176e-09	-0.733841
1.60188e-09	-0.734646
1.60201e-09	-0.735448
1.60214e-09	-0.736247
1.60227e-09	-0.737042
1.6024e-09	-0.737835
1.60253e-09	-0.738624
1.60266e-09	-0.73941
1.60278e-09	-0.740192
1.60291e-09	-0.740972
1.60304e-09	-0.741748
1.60317e-09	-0.742521
1.6033e-09	-0.743291
1.60343e-09	-0.744057
1.60355e-09	-0.744821
1.60368e-09	-0.745581
1.60381e-09	-0.746338
1.60394e-09	-0.747092
1.60407e-09	-0.747842
1.6042e-09	-0.748589
1.60432e-09	-0.749333
1.60445e-09	-0.750074
1.60458e-09	-0.750812
1.60471e-09	-0.751546
1.60484e-09	-0.752277
1.60497e-09	-0.753005
1.6051e-09	-0.753729
1.60522e-09	-0.754451
1.60535e-09	-0.755169
1.60548e-09	-0.755883
1.60561e-09	-0.756595
1.60574e-09	-0.757303
1.60587e-09	-0.758008
1.60599e-09	-0.75871
1.60612e-09	-0.759409
1.60625e-09	-0.760104
1.60638e-09	-0.760796
1.60651e-09	-0.761485
1.60664e-09	-0.76217
1.60676e-09	-0.762853
1.60689e-09	-0.763532
1.60702e-09	-0.764207
1.60715e-09	-0.76488
1.60728e-09	-0.765549
1.60741e-09	-0.766215
1.60754e-09	-0.766877
1.60766e-09	-0.767537
1.60779e-09	-0.768193
1.60792e-09	-0.768846
1.60805e-09	-0.769495
1.60818e-09	-0.770141
1.60831e-09	-0.770784
1.60843e-09	-0.771424
1.60856e-09	-0.77206
1.60869e-09	-0.772693
1.60882e-09	-0.773323
1.60895e-09	-0.77395
1.60908e-09	-0.774573
1.6092e-09	-0.775193
1.60933e-09	-0.775809
1.60946e-09	-0.776423
1.60959e-09	-0.777033
1.60972e-09	-0.777639
1.60985e-09	-0.778243
1.60998e-09	-0.778843
1.6101e-09	-0.77944
1.61023e-09	-0.780033
1.61036e-09	-0.780623
1.61049e-09	-0.78121
1.61062e-09	-0.781794
1.61075e-09	-0.782374
1.61087e-09	-0.782951
1.611e-09	-0.783525
1.61113e-09	-0.784095
1.61126e-09	-0.784662
1.61139e-09	-0.785226
1.61152e-09	-0.785786
1.61164e-09	-0.786343
1.61177e-09	-0.786897
1.6119e-09	-0.787447
1.61203e-09	-0.787994
1.61216e-09	-0.788538
1.61229e-09	-0.789079
1.61241e-09	-0.789616
1.61254e-09	-0.790149
1.61267e-09	-0.79068
1.6128e-09	-0.791207
1.61293e-09	-0.791731
1.61306e-09	-0.792251
1.61319e-09	-0.792769
1.61331e-09	-0.793282
1.61344e-09	-0.793793
1.61357e-09	-0.7943
1.6137e-09	-0.794804
1.61383e-09	-0.795304
1.61396e-09	-0.795802
1.61408e-09	-0.796295
1.61421e-09	-0.796786
1.61434e-09	-0.797273
1.61447e-09	-0.797757
1.6146e-09	-0.798237
1.61473e-09	-0.798715
1.61485e-09	-0.799188
1.61498e-09	-0.799659
1.61511e-09	-0.800126
1.61524e-09	-0.80059
1.61537e-09	-0.80105
1.6155e-09	-0.801507
1.61563e-09	-0.801961
1.61575e-09	-0.802412
1.61588e-09	-0.802859
1.61601e-09	-0.803302
1.61614e-09	-0.803743
1.61627e-09	-0.80418
1.6164e-09	-0.804613
1.61652e-09	-0.805044
1.61665e-09	-0.805471
1.61678e-09	-0.805894
1.61691e-09	-0.806315
1.61704e-09	-0.806732
1.61717e-09	-0.807145
1.61729e-09	-0.807556
1.61742e-09	-0.807962
1.61755e-09	-0.808366
1.61768e-09	-0.808766
1.61781e-09	-0.809163
1.61794e-09	-0.809557
1.61807e-09	-0.809947
1.61819e-09	-0.810333
1.61832e-09	-0.810717
1.61845e-09	-0.811097
1.61858e-09	-0.811474
1.61871e-09	-0.811847
1.61884e-09	-0.812217
1.61896e-09	-0.812584
1.61909e-09	-0.812947
1.61922e-09	-0.813307
1.61935e-09	-0.813664
1.61948e-09	-0.814017
1.61961e-09	-0.814367
1.61973e-09	-0.814713
1.61986e-09	-0.815057
1.61999e-09	-0.815396
1.62012e-09	-0.815733
1.62025e-09	-0.816066
1.62038e-09	-0.816396
1.6205e-09	-0.816722
1.62063e-09	-0.817045
1.62076e-09	-0.817365
1.62089e-09	-0.817681
1.62102e-09	-0.817994
1.62115e-09	-0.818304
1.62128e-09	-0.81861
1.6214e-09	-0.818913
1.62153e-09	-0.819213
1.62166e-09	-0.819509
1.62179e-09	-0.819802
1.62192e-09	-0.820091
1.62205e-09	-0.820378
1.62217e-09	-0.82066
1.6223e-09	-0.82094
1.62243e-09	-0.821216
1.62256e-09	-0.821489
1.62269e-09	-0.821758
1.62282e-09	-0.822024
1.62294e-09	-0.822287
1.62307e-09	-0.822546
1.6232e-09	-0.822802
1.62333e-09	-0.823055
1.62346e-09	-0.823304
1.62359e-09	-0.82355
1.62372e-09	-0.823793
1.62384e-09	-0.824032
1.62397e-09	-0.824268
1.6241e-09	-0.8245
1.62423e-09	-0.82473
1.62436e-09	-0.824955
1.62449e-09	-0.825178
1.62461e-09	-0.825397
1.62474e-09	-0.825613
1.62487e-09	-0.825825
1.625e-09	-0.826034
1.62513e-09	-0.82624
1.62526e-09	-0.826442
1.62538e-09	-0.826641
1.62551e-09	-0.826837
1.62564e-09	-0.82703
1.62577e-09	-0.827219
1.6259e-09	-0.827404
1.62603e-09	-0.827587
1.62616e-09	-0.827766
1.62628e-09	-0.827941
1.62641e-09	-0.828114
1.62654e-09	-0.828283
1.62667e-09	-0.828448
1.6268e-09	-0.828611
1.62693e-09	-0.82877
1.62705e-09	-0.828925
1.62718e-09	-0.829078
1.62731e-09	-0.829226
1.62744e-09	-0.829372
1.62757e-09	-0.829514
1.6277e-09	-0.829653
1.62782e-09	-0.829789
1.62795e-09	-0.829921
1.62808e-09	-0.83005
1.62821e-09	-0.830176
1.62834e-09	-0.830298
1.62847e-09	-0.830417
1.62859e-09	-0.830533
1.62872e-09	-0.830645
1.62885e-09	-0.830754
1.62898e-09	-0.83086
1.62911e-09	-0.830962
1.62924e-09	-0.831061
1.62937e-09	-0.831157
1.62949e-09	-0.83125
1.62962e-09	-0.831339
1.62975e-09	-0.831424
1.62988e-09	-0.831507
1.63001e-09	-0.831586
1.63014e-09	-0.831662
1.63026e-09	-0.831734
1.63039e-09	-0.831804
1.63052e-09	-0.831869
1.63065e-09	-0.831932
1.63078e-09	-0.831991
1.63091e-09	-0.832047
1.63103e-09	-0.8321
1.63116e-09	-0.832149
1.63129e-09	-0.832195
1.63142e-09	-0.832238
1.63155e-09	-0.832277
1.63168e-09	-0.832314
1.63181e-09	-0.832346
1.63193e-09	-0.832376
1.63206e-09	-0.832402
1.63219e-09	-0.832425
1.63232e-09	-0.832445
1.63245e-09	-0.832461
1.63258e-09	-0.832474
1.6327e-09	-0.832484
1.63283e-09	-0.832491
1.63296e-09	-0.832494
1.63309e-09	-0.832494
1.63322e-09	-0.83249
1.63335e-09	-0.832484
1.63347e-09	-0.832474
1.6336e-09	-0.832461
1.63373e-09	-0.832444
1.63386e-09	-0.832424
1.63399e-09	-0.832401
1.63412e-09	-0.832375
1.63425e-09	-0.832346
1.63437e-09	-0.832313
1.6345e-09	-0.832277
1.63463e-09	-0.832237
1.63476e-09	-0.832195
1.63489e-09	-0.832149
1.63502e-09	-0.8321
1.63514e-09	-0.832047
1.63527e-09	-0.831991
1.6354e-09	-0.831932
1.63553e-09	-0.83187
1.63566e-09	-0.831805
1.63579e-09	-0.831736
1.63591e-09	-0.831664
1.63604e-09	-0.831589
1.63617e-09	-0.83151
1.6363e-09	-0.831429
1.63643e-09	-0.831344
1.63656e-09	-0.831256
1.63668e-09	-0.831164
1.63681e-09	-0.83107
1.63694e-09	-0.830972
1.63707e-09	-0.830871
1.6372e-09	-0.830766
1.63733e-09	-0.830659
1.63746e-09	-0.830548
1.63758e-09	-0.830434
1.63771e-09	-0.830316
1.63784e-09	-0.830196
1.63797e-09	-0.830072
1.6381e-09	-0.829945
1.63823e-09	-0.829815
1.63835e-09	-0.829682
1.63848e-09	-0.829545
1.63861e-09	-0.829405
1.63874e-09	-0.829262
1.63887e-09	-0.829116
1.639e-09	-0.828967
1.63912e-09	-0.828814
1.63925e-09	-0.828658
1.63938e-09	-0.828499
1.63951e-09	-0.828337
1.63964e-09	-0.828172
1.63977e-09	-0.828003
1.6399e-09	-0.827831
1.64002e-09	-0.827656
1.64015e-09	-0.827478
1.64028e-09	-0.827297
1.64041e-09	-0.827112
1.64054e-09	-0.826925
1.64067e-09	-0.826734
1.64079e-09	-0.82654
1.64092e-09	-0.826342
1.64105e-09	-0.826142
1.64118e-09	-0.825938
1.64131e-09	-0.825732
1.64144e-09	-0.825522
1.64156e-09	-0.825309
1.64169e-09	-0.825092
1.64182e-09	-0.824873
1.64195e-09	-0.824651
1.64208e-09	-0.824425
1.64221e-09	-0.824196
1.64234e-09	-0.823964
1.64246e-09	-0.823729
1.64259e-09	-0.823491
1.64272e-09	-0.823249
1.64285e-09	-0.823005
1.64298e-09	-0.822757
1.64311e-09	-0.822506
1.64323e-09	-0.822252
1.64336e-09	-0.821995
1.64349e-09	-0.821735
1.64362e-09	-0.821472
1.64375e-09	-0.821205
1.64388e-09	-0.820936
1.644e-09	-0.820663
1.64413e-09	-0.820387
1.64426e-09	-0.820108
1.64439e-09	-0.819826
1.64452e-09	-0.819541
1.64465e-09	-0.819253
1.64477e-09	-0.818962
1.6449e-09	-0.818667
1.64503e-09	-0.81837
1.64516e-09	-0.818069
1.64529e-09	-0.817766
1.64542e-09	-0.817459
1.64555e-09	-0.817149
1.64567e-09	-0.816836
1.6458e-09	-0.81652
1.64593e-09	-0.816201
1.64606e-09	-0.815879
1.64619e-09	-0.815554
1.64632e-09	-0.815225
1.64644e-09	-0.814894
1.64657e-09	-0.81456
1.6467e-09	-0.814222
1.64683e-09	-0.813882
1.64696e-09	-0.813538
1.64709e-09	-0.813192
1.64721e-09	-0.812842
1.64734e-09	-0.812489
1.64747e-09	-0.812134
1.6476e-09	-0.811775
1.64773e-09	-0.811413
1.64786e-09	-0.811048
1.64799e-09	-0.81068
1.64811e-09	-0.810309
1.64824e-09	-0.809935
1.64837e-09	-0.809558
1.6485e-09	-0.809179
1.64863e-09	-0.808796
1.64876e-09	-0.80841
1.64888e-09	-0.808021
1.64901e-09	-0.807629
1.64914e-09	-0.807234
1.64927e-09	-0.806836
1.6494e-09	-0.806435
1.64953e-09	-0.806031
1.64965e-09	-0.805624
1.64978e-09	-0.805214
1.64991e-09	-0.804801
1.65004e-09	-0.804385
1.65017e-09	-0.803966
1.6503e-09	-0.803544
1.65043e-09	-0.803119
1.65055e-09	-0.802692
1.65068e-09	-0.802261
1.65081e-09	-0.801827
1.65094e-09	-0.80139
1.65107e-09	-0.800951
1.6512e-09	-0.800508
1.65132e-09	-0.800063
1.65145e-09	-0.799614
1.65158e-09	-0.799163
1.65171e-09	-0.798708
1.65184e-09	-0.798251
1.65197e-09	-0.797791
1.65209e-09	-0.797328
1.65222e-09	-0.796862
1.65235e-09	-0.796393
1.65248e-09	-0.795921
1.65261e-09	-0.795446
1.65274e-09	-0.794968
1.65286e-09	-0.794488
1.65299e-09	-0.794004
1.65312e-09	-0.793518
1.65325e-09	-0.793028
1.65338e-09	-0.792536
1.65351e-09	-0.792041
1.65364e-09	-0.791543
1.65376e-09	-0.791042
1.65389e-09	-0.790538
1.65402e-09	-0.790032
1.65415e-09	-0.789522
1.65428e-09	-0.78901
1.65441e-09	-0.788494
1.65453e-09	-0.787976
1.65466e-09	-0.787455
1.65479e-09	-0.786932
1.65492e-09	-0.786405
1.65505e-09	-0.785875
1.65518e-09	-0.785343
1.6553e-09	-0.784808
1.65543e-09	-0.78427
1.65556e-09	-0.783729
1.65569e-09	-0.783185
1.65582e-09	-0.782639
1.65595e-09	-0.782089
1.65608e-09	-0.781537
1.6562e-09	-0.780982
1.65633e-09	-0.780424
1.65646e-09	-0.779864
1.65659e-09	-0.7793
1.65672e-09	-0.778734
1.65685e-09	-0.778165
1.65697e-09	-0.777593
1.6571e-09	-0.777019
1.65723e-09	-0.776441
1.65736e-09	-0.775861
1.65749e-09	-0.775278
1.65762e-09	-0.774693
1.65774e-09	-0.774104
1.65787e-09	-0.773513
1.658e-09	-0.772919
1.65813e-09	-0.772322
1.65826e-09	-0.771723
1.65839e-09	-0.77112
1.65852e-09	-0.770516
1.65864e-09	-0.769908
1.65877e-09	-0.769297
1.6589e-09	-0.768684
1.65903e-09	-0.768068
1.65916e-09	-0.767449
1.65929e-09	-0.766828
1.65941e-09	-0.766204
1.65954e-09	-0.765577
1.65967e-09	-0.764948
1.6598e-09	-0.764315
1.65993e-09	-0.763681
1.66006e-09	-0.763043
1.66018e-09	-0.762403
1.66031e-09	-0.76176
1.66044e-09	-0.761114
1.66057e-09	-0.760465
1.6607e-09	-0.759814
1.66083e-09	-0.759161
1.66095e-09	-0.758504
1.66108e-09	-0.757845
1.66121e-09	-0.757183
1.66134e-09	-0.756519
1.66147e-09	-0.755852
1.6616e-09	-0.755182
1.66173e-09	-0.75451
1.66185e-09	-0.753835
1.66198e-09	-0.753157
1.66211e-09	-0.752477
1.66224e-09	-0.751794
1.66237e-09	-0.751109
1.6625e-09	-0.750421
1.66262e-09	-0.74973
1.66275e-09	-0.749037
1.66288e-09	-0.748341
1.66301e-09	-0.747642
1.66314e-09	-0.746941
1.66327e-09	-0.746237
1.66339e-09	-0.745531
1.66352e-09	-0.744822
1.66365e-09	-0.74411
1.66378e-09	-0.743396
1.66391e-09	-0.74268
1.66404e-09	-0.74196
1.66417e-09	-0.741239
1.66429e-09	-0.740514
1.66442e-09	-0.739787
1.66455e-09	-0.739058
1.66468e-09	-0.738326
1.66481e-09	-0.737591
1.66494e-09	-0.736854
1.66506e-09	-0.736115
1.66519e-09	-0.735373
1.66532e-09	-0.734628
1.66545e-09	-0.733881
1.66558e-09	-0.733131
1.66571e-09	-0.732379
1.66583e-09	-0.731624
1.66596e-09	-0.730867
1.66609e-09	-0.730107
1.66622e-09	-0.729345
1.66635e-09	-0.72858
1.66648e-09	-0.727813
1.66661e-09	-0.727043
1.66673e-09	-0.726271
1.66686e-09	-0.725497
1.66699e-09	-0.72472
1.66712e-09	-0.72394
1.66725e-09	-0.723158
1.66738e-09	-0.722374
1.6675e-09	-0.721587
1.66763e-09	-0.720797
1.66776e-09	-0.720006
1.66789e-09	-0.719211
1.66802e-09	-0.718415
1.66815e-09	-0.717616
1.66827e-09	-0.716814
1.6684e-09	-0.71601
1.66853e-09	-0.715204
1.66866e-09	-0.714395
1.66879e-09	-0.713584
1.66892e-09	-0.712771
1.66904e-09	-0.711955
1.66917e-09	-0.711136
1.6693e-09	-0.710316
1.66943e-09	-0.709493
1.66956e-09	-0.708667
1.66969e-09	-0.707839
1.66982e-09	-0.707009
1.66994e-09	-0.706177
1.67007e-09	-0.705342
1.6702e-09	-0.704505
1.67033e-09	-0.703665
1.67046e-09	-0.702823
1.67059e-09	-0.701979
1.67071e-09	-0.701132
1.67084e-09	-0.700284
1.67097e-09	-0.699432
1.6711e-09	-0.698579
1.67123e-09	-0.697723
1.67136e-09	-0.696865
1.67148e-09	-0.696004
1.67161e-09	-0.695142
1.67174e-09	-0.694277
1.67187e-09	-0.693409
1.672e-09	-0.69254
1.67213e-09	-0.691668
1.67226e-09	-0.690793
1.67238e-09	-0.689917
1.67251e-09	-0.689038
1.67264e-09	-0.688157
1.67277e-09	-0.687274
1.6729e-09	-0.686389
1.67303e-09	-0.685501
1.67315e-09	-0.684611
1.67328e-09	-0.683719
1.67341e-09	-0.682824
1.67354e-09	-0.681928
1.67367e-09	-0.681029
1.6738e-09	-0.680128
1.67392e-09	-0.679225
1.67405e-09	-0.678319
1.67418e-09	-0.677412
1.67431e-09	-0.676502
1.67444e-09	-0.67559
1.67457e-09	-0.674675
1.6747e-09	-0.673759
1.67482e-09	-0.67284
1.67495e-09	-0.67192
1.67508e-09	-0.670997
1.67521e-09	-0.670072
1.67534e-09	-0.669145
1.67547e-09	-0.668215
1.67559e-09	-0.667284
1.67572e-09	-0.66635
1.67585e-09	-0.665414
1.67598e-09	-0.664476
1.67611e-09	-0.663536
1.67624e-09	-0.662594
1.67636e-09	-0.66165
1.67649e-09	-0.660703
1.67662e-09	-0.659755
1.67675e-09	-0.658804
1.67688e-09	-0.657852
1.67701e-09	-0.656897
1.67713e-09	-0.65594
1.67726e-09	-0.654981
1.67739e-09	-0.65402
1.67752e-09	-0.653057
1.67765e-09	-0.652092
1.67778e-09	-0.651125
1.67791e-09	-0.650156
1.67803e-09	-0.649185
1.67816e-09	-0.648211
1.67829e-09	-0.647236
1.67842e-09	-0.646259
1.67855e-09	-0.645279
1.67868e-09	-0.644298
1.6788e-09	-0.643314
1.67893e-09	-0.642329
1.67906e-09	-0.641342
1.67919e-09	-0.640352
1.67932e-09	-0.639361
1.67945e-09	-0.638367
1.67957e-09	-0.637372
1.6797e-09	-0.636375
1.67983e-09	-0.635375
1.67996e-09	-0.634374
1.68009e-09	-0.633371
1.68022e-09	-0.632366
1.68035e-09	-0.631358
1.68047e-09	-0.630349
1.6806e-09	-0.629338
1.68073e-09	-0.628325
1.68086e-09	-0.62731
1.68099e-09	-0.626293
1.68112e-09	-0.625275
1.68124e-09	-0.624254
1.68137e-09	-0.623231
1.6815e-09	-0.622207
1.68163e-09	-0.621181
1.68176e-09	-0.620152
1.68189e-09	-0.619122
1.68201e-09	-0.61809
1.68214e-09	-0.617056
1.68227e-09	-0.616021
1.6824e-09	-0.614983
1.68253e-09	-0.613943
1.68266e-09	-0.612902
1.68279e-09	-0.611859
1.68291e-09	-0.610814
1.68304e-09	-0.609767
1.68317e-09	-0.608718
1.6833e-09	-0.607668
1.68343e-09	-0.606615
1.68356e-09	-0.605561
1.68368e-09	-0.604505
1.68381e-09	-0.603447
1.68394e-09	-0.602388
1.68407e-09	-0.601326
1.6842e-09	-0.600263
1.68433e-09	-0.599198
1.68445e-09	-0.598132
1.68458e-09	-0.597063
1.68471e-09	-0.595993
1.68484e-09	-0.594921
1.68497e-09	-0.593847
1.6851e-09	-0.592772
1.68522e-09	-0.591694
1.68535e-09	-0.590615
1.68548e-09	-0.589535
1.68561e-09	-0.588452
1.68574e-09	-0.587368
1.68587e-09	-0.586282
1.686e-09	-0.585194
1.68612e-09	-0.584105
1.68625e-09	-0.583014
1.68638e-09	-0.581921
1.68651e-09	-0.580827
1.68664e-09	-0.579731
1.68677e-09	-0.578633
1.68689e-09	-0.577534
1.68702e-09	-0.576433
1.68715e-09	-0.57533
1.68728e-09	-0.574225
1.68741e-09	-0.573119
1.68754e-09	-0.572012
1.68766e-09	-0.570902
1.68779e-09	-0.569791
1.68792e-09	-0.568679
1.68805e-09	-0.567564
1.68818e-09	-0.566449
1.68831e-09	-0.565331
1.68844e-09	-0.564212
1.68856e-09	-0.563092
1.68869e-09	-0.561969
1.68882e-09	-0.560845
1.68895e-09	-0.55972
1.68908e-09	-0.558593
1.68921e-09	-0.557465
1.68933e-09	-0.556334
1.68946e-09	-0.555203
1.68959e-09	-0.55407
1.68972e-09	-0.552935
1.68985e-09	-0.551798
1.68998e-09	-0.550661
1.6901e-09	-0.549521
1.69023e-09	-0.54838
1.69036e-09	-0.547238
1.69049e-09	-0.546094
1.69062e-09	-0.544948
1.69075e-09	-0.543802
1.69088e-09	-0.542653
1.691e-09	-0.541503
1.69113e-09	-0.540352
1.69126e-09	-0.539199
1.69139e-09	-0.538044
1.69152e-09	-0.536889
1.69165e-09	-0.535731
1.69177e-09	-0.534573
1.6919e-09	-0.533412
1.69203e-09	-0.532251
1.69216e-09	-0.531088
1.69229e-09	-0.529923
1.69242e-09	-0.528757
1.69254e-09	-0.52759
1.69267e-09	-0.526421
1.6928e-09	-0.525251
1.69293e-09	-0.524079
1.69306e-09	-0.522906
1.69319e-09	-0.521732
1.69331e-09	-0.520556
1.69344e-09	-0.519379
1.69357e-09	-0.5182
1.6937e-09	-0.517021
1.69383e-09	-0.515839
1.69396e-09	-0.514657
1.69409e-09	-0.513473
1.69421e-09	-0.512287
1.69434e-09	-0.511101
1.69447e-09	-0.509913
1.6946e-09	-0.508723
1.69473e-09	-0.507533
1.69486e-09	-0.506341
1.69498e-09	-0.505148
1.69511e-09	-0.503953
1.69524e-09	-0.502757
1.69537e-09	-0.50156
1.6955e-09	-0.500362
1.69563e-09	-0.499162
1.69575e-09	-0.497961
1.69588e-09	-0.496759
1.69601e-09	-0.495555
1.69614e-09	-0.49435
1.69627e-09	-0.493144
1.6964e-09	-0.491937
1.69653e-09	-0.490728
1.69665e-09	-0.489519
1.69678e-09	-0.488308
1.69691e-09	-0.487095
1.69704e-09	-0.485882
1.69717e-09	-0.484667
1.6973e-09	-0.483451
1.69742e-09	-0.482234
1.69755e-09	-0.481016
1.69768e-09	-0.479797
1.69781e-09	-0.478576
1.69794e-09	-0.477354
1.69807e-09	-0.476131
1.69819e-09	-0.474907
1.69832e-09	-0.473682
1.69845e-09	-0.472455
1.69858e-09	-0.471228
1.69871e-09	-0.469999
1.69884e-09	-0.468769
1.69897e-09	-0.467538
1.69909e-09	-0.466306
1.69922e-09	-0.465073
1.69935e-09	-0.463838
1.69948e-09	-0.462603
1.69961e-09	-0.461366
1.69974e-09	-0.460129
1.69986e-09	-0.45889
1.69999e-09	-0.45765
1.70012e-09	-0.456409
1.70025e-09	-0.455167
1.70038e-09	-0.453924
1.70051e-09	-0.45268
1.70063e-09	-0.451435
1.70076e-09	-0.450189
1.70089e-09	-0.448942
1.70102e-09	-0.447693
1.70115e-09	-0.446444
1.70128e-09	-0.445194
1.7014e-09	-0.443942
1.70153e-09	-0.44269
1.70166e-09	-0.441437
1.70179e-09	-0.440182
1.70192e-09	-0.438927
1.70205e-09	-0.437671
1.70218e-09	-0.436413
1.7023e-09	-0.435155
1.70243e-09	-0.433896
1.70256e-09	-0.432636
1.70269e-09	-0.431375
1.70282e-09	-0.430112
1.70295e-09	-0.428849
1.70307e-09	-0.427585
1.7032e-09	-0.42632
1.70333e-09	-0.425055
1.70346e-09	-0.423788
1.70359e-09	-0.42252
1.70372e-09	-0.421251
1.70384e-09	-0.419982
1.70397e-09	-0.418711
1.7041e-09	-0.41744
1.70423e-09	-0.416168
1.70436e-09	-0.414895
1.70449e-09	-0.413621
1.70462e-09	-0.412346
1.70474e-09	-0.41107
1.70487e-09	-0.409794
1.705e-09	-0.408516
1.70513e-09	-0.407238
1.70526e-09	-0.405959
1.70539e-09	-0.404679
1.70551e-09	-0.403399
1.70564e-09	-0.402117
1.70577e-09	-0.400835
1.7059e-09	-0.399551
1.70603e-09	-0.398267
1.70616e-09	-0.396983
1.70628e-09	-0.395697
1.70641e-09	-0.394411
1.70654e-09	-0.393124
1.70667e-09	-0.391836
1.7068e-09	-0.390547
1.70693e-09	-0.389258
1.70706e-09	-0.387967
1.70718e-09	-0.386676
1.70731e-09	-0.385385
1.70744e-09	-0.384092
1.70757e-09	-0.382799
1.7077e-09	-0.381505
1.70783e-09	-0.380211
1.70795e-09	-0.378915
1.70808e-09	-0.377619
1.70821e-09	-0.376323
1.70834e-09	-0.375025
1.70847e-09	-0.373727
1.7086e-09	-0.372428
1.70872e-09	-0.371129
1.70885e-09	-0.369829
1.70898e-09	-0.368528
1.70911e-09	-0.367226
1.70924e-09	-0.365924
1.70937e-09	-0.364622
1.70949e-09	-0.363318
1.70962e-09	-0.362014
1.70975e-09	-0.360709
1.70988e-09	-0.359404
1.71001e-09	-0.358098
1.71014e-09	-0.356792
1.71027e-09	-0.355485
1.71039e-09	-0.354177
1.71052e-09	-0.352868
1.71065e-09	-0.35156
1.71078e-09	-0.35025
1.71091e-09	-0.34894
1.71104e-09	-0.347629
1.71116e-09	-0.346318
1.71129e-09	-0.345006
1.71142e-09	-0.343694
1.71155e-09	-0.342381
1.71168e-09	-0.341068
1.71181e-09	-0.339754
1.71193e-09	-0.338439
1.71206e-09	-0.337124
1.71219e-09	-0.335809
1.71232e-09	-0.334493
1.71245e-09	-0.333176
1.71258e-09	-0.331859
1.71271e-09	-0.330541
1.71283e-09	-0.329223
1.71296e-09	-0.327905
1.71309e-09	-0.326586
1.71322e-09	-0.325267
1.71335e-09	-0.323947
1.71348e-09	-0.322626
1.7136e-09	-0.321305
1.71373e-09	-0.319984
1.71386e-09	-0.318662
1.71399e-09	-0.31734
1.71412e-09	-0.316018
1.71425e-09	-0.314695
1.71437e-09	-0.313371
1.7145e-09	-0.312047
1.71463e-09	-0.310723
1.71476e-09	-0.309399
1.71489e-09	-0.308074
1.71502e-09	-0.306748
1.71515e-09	-0.305422
1.71527e-09	-0.304096
1.7154e-09	-0.30277
1.71553e-09	-0.301443
1.71566e-09	-0.300115
1.71579e-09	-0.298788
1.71592e-09	-0.29746
1.71604e-09	-0.296132
1.71617e-09	-0.294803
1.7163e-09	-0.293474
1.71643e-09	-0.292145
1.71656e-09	-0.290815
1.71669e-09	-0.289485
1.71681e-09	-0.288155
1.71694e-09	-0.286824
1.71707e-09	-0.285494
1.7172e-09	-0.284162
1.71733e-09	-0.282831
1.71746e-09	-0.281499
1.71758e-09	-0.280167
1.71771e-09	-0.278835
1.71784e-09	-0.277503
1.71797e-09	-0.27617
1.7181e-09	-0.274837
1.71823e-09	-0.273504
1.71836e-09	-0.272171
1.71848e-09	-0.270837
1.71861e-09	-0.269503
1.71874e-09	-0.268169
1.71887e-09	-0.266835
1.719e-09	-0.2655
1.71913e-09	-0.264165
1.71925e-09	-0.26283
1.71938e-09	-0.261495
1.71951e-09	-0.26016
1.71964e-09	-0.258825
1.71977e-09	-0.257489
1.7199e-09	-0.256153
1.72002e-09	-0.254817
1.72015e-09	-0.253481
1.72028e-09	-0.252145
1.72041e-09	-0.250809
1.72054e-09	-0.249472
1.72067e-09	-0.248135
1.7208e-09	-0.246799
1.72092e-09	-0.245462
1.72105e-09	-0.244125
1.72118e-09	-0.242788
1.72131e-09	-0.24145
1.72144e-09	-0.240113
1.72157e-09	-0.238776
1.72169e-09	-0.237438
1.72182e-09	-0.236101
1.72195e-09	-0.234763
1.72208e-09	-0.233425
1.72221e-09	-0.232087
1.72234e-09	-0.23075
1.72246e-09	-0.229412
1.72259e-09	-0.228074
1.72272e-09	-0.226736
1.72285e-09	-0.225398
1.72298e-09	-0.22406
1.72311e-09	-0.222722
1.72324e-09	-0.221384
1.72336e-09	-0.220046
1.72349e-09	-0.218708
1.72362e-09	-0.21737
1.72375e-09	-0.216032
1.72388e-09	-0.214694
1.72401e-09	-0.213356
1.72413e-09	-0.212018
1.72426e-09	-0.21068
1.72439e-09	-0.209342
1.72452e-09	-0.208004
1.72465e-09	-0.206666
1.72478e-09	-0.205328
1.7249e-09	-0.20399
1.72503e-09	-0.202653
1.72516e-09	-0.201315
1.72529e-09	-0.199978
1.72542e-09	-0.19864
1.72555e-09	-0.197303
1.72567e-09	-0.195966
1.7258e-09	-0.194629
1.72593e-09	-0.193292
1.72606e-09	-0.191955
1.72619e-09	-0.190618
1.72632e-09	-0.189281
1.72645e-09	-0.187945
1.72657e-09	-0.186608
1.7267e-09	-0.185272
1.72683e-09	-0.183936
1.72696e-09	-0.1826
1.72709e-09	-0.181264
1.72722e-09	-0.179928
1.72734e-09	-0.178593
1.72747e-09	-0.177257
1.7276e-09	-0.175922
1.72773e-09	-0.174587
1.72786e-09	-0.173252
1.72799e-09	-0.171918
1.72811e-09	-0.170583
1.72824e-09	-0.169249
1.72837e-09	-0.167915
1.7285e-09	-0.166581
1.72863e-09	-0.165248
1.72876e-09	-0.163915
1.72889e-09	-0.162581
1.72901e-09	-0.161249
1.72914e-09	-0.159916
1.72927e-09	-0.158584
1.7294e-09	-0.157252
1.72953e-09	-0.15592
1.72966e-09	-0.154588
1.72978e-09	-0.153257
1.72991e-09	-0.151926
1.73004e-09	-0.150595
1.73017e-09	-0.149265
1.7303e-09	-0.147935
1.73043e-09	-0.146605
1.73055e-09	-0.145275
1.73068e-09	-0.143946
1.73081e-09	-0.142617
1.73094e-09	-0.141288
1.73107e-09	-0.13996
1.7312e-09	-0.138632
1.73133e-09	-0.137305
1.73145e-09	-0.135977
1.73158e-09	-0.134651
1.73171e-09	-0.133324
1.73184e-09	-0.131998
1.73197e-09	-0.130672
1.7321e-09	-0.129347
1.73222e-09	-0.128021
1.73235e-09	-0.126697
1.73248e-09	-0.125372
1.73261e-09	-0.124049
1.73274e-09	-0.122725
1.73287e-09	-0.121402
1.73299e-09	-0.120079
1.73312e-09	-0.118757
1.73325e-09	-0.117435
1.73338e-09	-0.116114
1.73351e-09	-0.114793
1.73364e-09	-0.113472
1.73376e-09	-0.112152
1.73389e-09	-0.110832
1.73402e-09	-0.109513
1.73415e-09	-0.108194
1.73428e-09	-0.106876
1.73441e-09	-0.105558
1.73454e-09	-0.104241
1.73466e-09	-0.102924
1.73479e-09	-0.101607
1.73492e-09	-0.100291
1.73505e-09	-0.0989761
1.73518e-09	-0.0976611
1.73531e-09	-0.0963467
1.73543e-09	-0.0950328
1.73556e-09	-0.0937194
1.73569e-09	-0.0924065
1.73582e-09	-0.0910942
1.73595e-09	-0.0897824
1.73608e-09	-0.0884711
1.7362e-09	-0.0871603
1.73633e-09	-0.0858502
1.73646e-09	-0.0845405
1.73659e-09	-0.0832314
1.73672e-09	-0.0819229
1.73685e-09	-0.080615
1.73698e-09	-0.0793076
1.7371e-09	-0.0780008
1.73723e-09	-0.0766946
1.73736e-09	-0.075389
1.73749e-09	-0.0740839
1.73762e-09	-0.0727795
1.73775e-09	-0.0714757
1.73787e-09	-0.0701725
1.738e-09	-0.0688699
1.73813e-09	-0.0675679
1.73826e-09	-0.0662666
1.73839e-09	-0.0649658
1.73852e-09	-0.0636658
1.73864e-09	-0.0623663
1.73877e-09	-0.0610675
1.7389e-09	-0.0597694
1.73903e-09	-0.0584719
1.73916e-09	-0.057175
1.73929e-09	-0.0558789
1.73942e-09	-0.0545834
1.73954e-09	-0.0532886
1.73967e-09	-0.0519944
1.7398e-09	-0.050701
1.73993e-09	-0.0494082
1.74006e-09	-0.0481162
1.74019e-09	-0.0468248
1.74031e-09	-0.0455342
1.74044e-09	-0.0442443
1.74057e-09	-0.042955
1.7407e-09	-0.0416665
1.74083e-09	-0.0403788
1.74096e-09	-0.0390917
1.74108e-09	-0.0378054
1.74121e-09	-0.0365199
1.74134e-09	-0.0352351
1.74147e-09	-0.033951
1.7416e-09	-0.0326677
1.74173e-09	-0.0313852
1.74185e-09	-0.0301034
1.74198e-09	-0.0288224
1.74211e-09	-0.0275422
1.74224e-09	-0.0262628
1.74237e-09	-0.0249842
1.7425e-09	-0.0237063
1.74263e-09	-0.0224292
1.74275e-09	-0.021153
1.74288e-09	-0.0198775
1.74301e-09	-0.0186029
1.74314e-09	-0.0173291
1.74327e-09	-0.0160561
1.7434e-09	-0.0147839
1.74352e-09	-0.0135126
1.74365e-09	-0.0122421
1.74378e-09	-0.0109724
1.74391e-09	-0.00970362
1.74404e-09	-0.00843566
1.74417e-09	-0.00716855
1.74429e-09	-0.00590231
1.74442e-09	-0.00463693
1.74455e-09	-0.00337242
1.74468e-09	-0.00210879
1.74481e-09	-0.000846042
1.74494e-09	0.000415825
1.74507e-09	0.0016768
1.74519e-09	0.00293688
1.74532e-09	0.00419606
1.74545e-09	0.00545434
1.74558e-09	0.00671171
1.74571e-09	0.00796816
1.74584e-09	0.0092237
1.74596e-09	0.0104783
1.74609e-09	0.011732
1.74622e-09	0.0129847
1.74635e-09	0.0142366
1.74648e-09	0.0154874
1.74661e-09	0.0167374
1.74673e-09	0.0179863
1.74686e-09	0.0192343
1.74699e-09	0.0204814
1.74712e-09	0.0217275
1.74725e-09	0.0229726
1.74738e-09	0.0242168
1.74751e-09	0.0254599
1.74763e-09	0.0267021
1.74776e-09	0.0279433
1.74789e-09	0.0291835
1.74802e-09	0.0304227
1.74815e-09	0.0316609
1.74828e-09	0.032898
1.7484e-09	0.0341342
1.74853e-09	0.0353694
1.74866e-09	0.0366035
1.74879e-09	0.0378366
1.74892e-09	0.0390687
1.74905e-09	0.0402997
1.74917e-09	0.0415297
1.7493e-09	0.0427587
1.74943e-09	0.0439866
1.74956e-09	0.0452135
1.74969e-09	0.0464393
1.74982e-09	0.047664
1.74994e-09	0.0488877
1.75007e-09	0.0501103
1.7502e-09	0.0513318
1.75033e-09	0.0525522
1.75046e-09	0.0537716
1.75059e-09	0.0549898
1.75072e-09	0.056207
1.75084e-09	0.0574231
1.75097e-09	0.058638
1.7511e-09	0.0598519
1.75123e-09	0.0610646
1.75136e-09	0.0622763
1.75149e-09	0.0634868
1.75161e-09	0.0646961
1.75174e-09	0.0659044
1.75187e-09	0.0671115
1.752e-09	0.0683175
1.75213e-09	0.0695223
1.75226e-09	0.070726
1.75238e-09	0.0719286
1.75251e-09	0.07313
1.75264e-09	0.0743302
1.75277e-09	0.0755292
1.7529e-09	0.0767271
1.75303e-09	0.0779238
1.75316e-09	0.0791194
1.75328e-09	0.0803137
1.75341e-09	0.0815069
1.75354e-09	0.0826989
1.75367e-09	0.0838897
1.7538e-09	0.0850793
1.75393e-09	0.0862676
1.75405e-09	0.0874548
1.75418e-09	0.0886408
1.75431e-09	0.0898255
1.75444e-09	0.091009
1.75457e-09	0.0921913
1.7547e-09	0.0933724
1.75482e-09	0.0945522
1.75495e-09	0.0957308
1.75508e-09	0.0969082
1.75521e-09	0.0980843
1.75534e-09	0.0992592
1.75547e-09	0.100433
1.7556e-09	0.101605
1.75572e-09	0.102776
1.75585e-09	0.103946
1.75598e-09	0.105115
1.75611e-09	0.106282
1.75624e-09	0.107448
1.75637e-09	0.108613
1.75649e-09	0.109776
1.75662e-09	0.110938
1.75675e-09	0.112099
1.75688e-09	0.113259
1.75701e-09	0.114417
1.75714e-09	0.115574
1.75726e-09	0.116729
1.75739e-09	0.117884
1.75752e-09	0.119037
1.75765e-09	0.120188
1.75778e-09	0.121339
1.75791e-09	0.122488
1.75803e-09	0.123635
1.75816e-09	0.124782
1.75829e-09	0.125927
1.75842e-09	0.12707
1.75855e-09	0.128212
1.75868e-09	0.129353
1.75881e-09	0.130493
1.75893e-09	0.131631
1.75906e-09	0.132768
1.75919e-09	0.133903
1.75932e-09	0.135038
1.75945e-09	0.13617
1.75958e-09	0.137302
1.7597e-09	0.138432
1.75983e-09	0.13956
1.75996e-09	0.140687
1.76009e-09	0.141813
1.76022e-09	0.142937
1.76035e-09	0.14406
1.76047e-09	0.145182
1.7606e-09	0.146302
1.76073e-09	0.147421
1.76086e-09	0.148538
1.76099e-09	0.149654
1.76112e-09	0.150768
1.76125e-09	0.151881
1.76137e-09	0.152993
1.7615e-09	0.154103
1.76163e-09	0.155212
1.76176e-09	0.156319
1.76189e-09	0.157425
1.76202e-09	0.158529
1.76214e-09	0.159632
1.76227e-09	0.160733
1.7624e-09	0.161833
1.76253e-09	0.162932
1.76266e-09	0.164029
1.76279e-09	0.165124
1.76291e-09	0.166218
1.76304e-09	0.167311
1.76317e-09	0.168402
1.7633e-09	0.169491
1.76343e-09	0.170579
1.76356e-09	0.171666
1.76369e-09	0.172751
1.76381e-09	0.173835
1.76394e-09	0.174917
1.76407e-09	0.175997
1.7642e-09	0.177076
1.76433e-09	0.178154
1.76446e-09	0.17923
1.76458e-09	0.180304
1.76471e-09	0.181377
1.76484e-09	0.182449
1.76497e-09	0.183518
1.7651e-09	0.184587
1.76523e-09	0.185653
1.76535e-09	0.186719
1.76548e-09	0.187782
1.76561e-09	0.188844
1.76574e-09	0.189905
1.76587e-09	0.190964
1.766e-09	0.192021
1.76612e-09	0.193077
1.76625e-09	0.194132
1.76638e-09	0.195184
1.76651e-09	0.196235
1.76664e-09	0.197285
1.76677e-09	0.198333
1.7669e-09	0.199379
1.76702e-09	0.200424
1.76715e-09	0.201467
1.76728e-09	0.202509
1.76741e-09	0.203549
1.76754e-09	0.204587
1.76767e-09	0.205624
1.76779e-09	0.206659
1.76792e-09	0.207693
1.76805e-09	0.208724
1.76818e-09	0.209755
1.76831e-09	0.210783
1.76844e-09	0.21181
1.76856e-09	0.212836
1.76869e-09	0.21386
1.76882e-09	0.214882
1.76895e-09	0.215902
1.76908e-09	0.216921
1.76921e-09	0.217938
1.76934e-09	0.218954
1.76946e-09	0.219968
1.76959e-09	0.22098
1.76972e-09	0.221991
1.76985e-09	0.222999
1.76998e-09	0.224007
1.77011e-09	0.225012
1.77023e-09	0.226016
1.77036e-09	0.227018
1.77049e-09	0.228019
1.77062e-09	0.229018
1.77075e-09	0.230015
1.77088e-09	0.23101
1.771e-09	0.232004
1.77113e-09	0.232996
1.77126e-09	0.233987
1.77139e-09	0.234975
1.77152e-09	0.235962
1.77165e-09	0.236948
1.77178e-09	0.237931
1.7719e-09	0.238913
1.77203e-09	0.239893
1.77216e-09	0.240872
1.77229e-09	0.241848
1.77242e-09	0.242823
1.77255e-09	0.243797
1.77267e-09	0.244768
1.7728e-09	0.245738
1.77293e-09	0.246706
1.77306e-09	0.247672
1.77319e-09	0.248637
1.77332e-09	0.2496
1.77344e-09	0.250561
1.77357e-09	0.25152
1.7737e-09	0.252478
1.77383e-09	0.253433
1.77396e-09	0.254388
1.77409e-09	0.25534
1.77421e-09	0.25629
1.77434e-09	0.257239
1.77447e-09	0.258186
1.7746e-09	0.259131
1.77473e-09	0.260075
1.77486e-09	0.261016
1.77499e-09	0.261956
1.77511e-09	0.262894
1.77524e-09	0.263831
1.77537e-09	0.264765
1.7755e-09	0.265698
1.77563e-09	0.266629
1.77576e-09	0.267558
1.77588e-09	0.268485
1.77601e-09	0.269411
1.77614e-09	0.270335
1.77627e-09	0.271257
1.7764e-09	0.272177
1.77653e-09	0.273095
1.77665e-09	0.274012
1.77678e-09	0.274926
1.77691e-09	0.275839
1.77704e-09	0.27675
1.77717e-09	0.277659
1.7773e-09	0.278567
1.77743e-09	0.279472
1.77755e-09	0.280376
1.77768e-09	0.281278
1.77781e-09	0.282178
1.77794e-09	0.283076
1.77807e-09	0.283972
1.7782e-09	0.284867
1.77832e-09	0.28576
1.77845e-09	0.28665
1.77858e-09	0.287539
1.77871e-09	0.288426
1.77884e-09	0.289312
1.77897e-09	0.290195
1.77909e-09	0.291076
1.77922e-09	0.291956
1.77935e-09	0.292834
1.77948e-09	0.29371
1.77961e-09	0.294584
1.77974e-09	0.295456
1.77987e-09	0.296326
1.77999e-09	0.297195
1.78012e-09	0.298061
1.78025e-09	0.298926
1.78038e-09	0.299788
1.78051e-09	0.300649
1.78064e-09	0.301508
1.78076e-09	0.302365
1.78089e-09	0.303221
1.78102e-09	0.304074
1.78115e-09	0.304925
1.78128e-09	0.305775
1.78141e-09	0.306622
1.78153e-09	0.307468
1.78166e-09	0.308312
1.78179e-09	0.309153
1.78192e-09	0.309993
1.78205e-09	0.310831
1.78218e-09	0.311667
1.7823e-09	0.312502
1.78243e-09	0.313334
1.78256e-09	0.314164
1.78269e-09	0.314993
1.78282e-09	0.315819
1.78295e-09	0.316644
1.78308e-09	0.317466
1.7832e-09	0.318287
1.78333e-09	0.319106
1.78346e-09	0.319922
1.78359e-09	0.320737
1.78372e-09	0.32155
1.78385e-09	0.322361
1.78397e-09	0.32317
1.7841e-09	0.323977
1.78423e-09	0.324782
1.78436e-09	0.325585
1.78449e-09	0.326387
1.78462e-09	0.327186
1.78474e-09	0.327983
1.78487e-09	0.328778
1.785e-09	0.329572
1.78513e-09	0.330363
1.78526e-09	0.331153
1.78539e-09	0.33194
1.78552e-09	0.332726
1.78564e-09	0.333509
1.78577e-09	0.334291
1.7859e-09	0.33507
1.78603e-09	0.335848
1.78616e-09	0.336623
1.78629e-09	0.337397
1.78641e-09	0.338169
1.78654e-09	0.338938
1.78667e-09	0.339706
1.7868e-09	0.340472
1.78693e-09	0.341235
1.78706e-09	0.341997
1.78718e-09	0.342757
1.78731e-09	0.343514
1.78744e-09	0.34427
1.78757e-09	0.345024
1.7877e-09	0.345776
1.78783e-09	0.346525
1.78796e-09	0.347273
1.78808e-09	0.348019
1.78821e-09	0.348762
1.78834e-09	0.349504
1.78847e-09	0.350244
1.7886e-09	0.350981
1.78873e-09	0.351717
1.78885e-09	0.352451
1.78898e-09	0.353182
1.78911e-09	0.353912
1.78924e-09	0.354639
1.78937e-09	0.355365
1.7895e-09	0.356088
1.78962e-09	0.35681
1.78975e-09	0.357529
1.78988e-09	0.358247
1.79001e-09	0.358962
1.79014e-09	0.359676
1.79027e-09	0.360387
1.79039e-09	0.361096
1.79052e-09	0.361803
1.79065e-09	0.362509
1.79078e-09	0.363212
1.79091e-09	0.363913
1.79104e-09	0.364612
1.79117e-09	0.365309
1.79129e-09	0.366004
1.79142e-09	0.366697
1.79155e-09	0.367388
1.79168e-09	0.368077
1.79181e-09	0.368764
1.79194e-09	0.369449
1.79206e-09	0.370131
1.79219e-09	0.370812
1.79232e-09	0.371491
1.79245e-09	0.372167
1.79258e-09	0.372842
1.79271e-09	0.373514
1.79283e-09	0.374184
1.79296e-09	0.374853
1.79309e-09	0.375519
1.79322e-09	0.376183
1.79335e-09	0.376845
1.79348e-09	0.377505
1.79361e-09	0.378163
1.79373e-09	0.378819
1.79386e-09	0.379473
1.79399e-09	0.380125
1.79412e-09	0.380774
1.79425e-09	0.381422
1.79438e-09	0.382068
1.7945e-09	0.382711
1.79463e-09	0.383353
1.79476e-09	0.383992
1.79489e-09	0.384629
1.79502e-09	0.385264
1.79515e-09	0.385897
1.79527e-09	0.386528
1.7954e-09	0.387157
1.79553e-09	0.387784
1.79566e-09	0.388409
1.79579e-09	0.389031
1.79592e-09	0.389652
1.79605e-09	0.39027
1.79617e-09	0.390887
1.7963e-09	0.391501
1.79643e-09	0.392113
1.79656e-09	0.392723
1.79669e-09	0.393331
1.79682e-09	0.393937
1.79694e-09	0.394541
1.79707e-09	0.395143
1.7972e-09	0.395742
1.79733e-09	0.39634
1.79746e-09	0.396935
1.79759e-09	0.397528
1.79771e-09	0.398119
1.79784e-09	0.398709
1.79797e-09	0.399296
1.7981e-09	0.39988
1.79823e-09	0.400463
1.79836e-09	0.401044
1.79848e-09	0.401622
1.79861e-09	0.402199
1.79874e-09	0.402773
1.79887e-09	0.403345
1.799e-09	0.403916
1.79913e-09	0.404484
1.79926e-09	0.405049
1.79938e-09	0.405613
1.79951e-09	0.406175
1.79964e-09	0.406734
1.79977e-09	0.407292
1.7999e-09	0.407847
1.80003e-09	0.4084
1.80015e-09	0.408951
1.80028e-09	0.4095
1.80041e-09	0.410047
1.80054e-09	0.410592
1.80067e-09	0.411135
1.8008e-09	0.411675
1.80092e-09	0.412213
1.80105e-09	0.41275
1.80118e-09	0.413284
1.80131e-09	0.413816
1.80144e-09	0.414346
1.80157e-09	0.414873
1.8017e-09	0.415399
1.80182e-09	0.415922
1.80195e-09	0.416444
1.80208e-09	0.416963
1.80221e-09	0.41748
1.80234e-09	0.417995
1.80247e-09	0.418508
1.80259e-09	0.419019
1.80272e-09	0.419527
1.80285e-09	0.420034
1.80298e-09	0.420538
1.80311e-09	0.42104
1.80324e-09	0.42154
1.80336e-09	0.422038
1.80349e-09	0.422534
1.80362e-09	0.423028
1.80375e-09	0.423519
1.80388e-09	0.424009
1.80401e-09	0.424496
1.80414e-09	0.424981
1.80426e-09	0.425464
1.80439e-09	0.425945
1.80452e-09	0.426424
1.80465e-09	0.4269
1.80478e-09	0.427375
1.80491e-09	0.427847
1.80503e-09	0.428317
1.80516e-09	0.428785
1.80529e-09	0.429251
1.80542e-09	0.429715
1.80555e-09	0.430177
1.80568e-09	0.430636
1.8058e-09	0.431093
1.80593e-09	0.431549
1.80606e-09	0.432002
1.80619e-09	0.432453
1.80632e-09	0.432901
1.80645e-09	0.433348
1.80657e-09	0.433793
1.8067e-09	0.434235
1.80683e-09	0.434675
1.80696e-09	0.435113
1.80709e-09	0.435549
1.80722e-09	0.435983
1.80735e-09	0.436415
1.80747e-09	0.436844
1.8076e-09	0.437272
1.80773e-09	0.437697
1.80786e-09	0.43812
1.80799e-09	0.438541
1.80812e-09	0.43896
1.80824e-09	0.439376
1.80837e-09	0.439791
1.8085e-09	0.440203
1.80863e-09	0.440614
1.80876e-09	0.441022
1.80889e-09	0.441428
1.80901e-09	0.441832
1.80914e-09	0.442233
1.80927e-09	0.442633
1.8094e-09	0.44303
1.80953e-09	0.443425
1.80966e-09	0.443819
1.80979e-09	0.44421
1.80991e-09	0.444598
1.81004e-09	0.444985
1.81017e-09	0.44537
1.8103e-09	0.445752
1.81043e-09	0.446132
1.81056e-09	0.44651
1.81068e-09	0.446886
1.81081e-09	0.44726
1.81094e-09	0.447632
1.81107e-09	0.448002
1.8112e-09	0.448369
1.81133e-09	0.448734
1.81145e-09	0.449097
1.81158e-09	0.449458
1.81171e-09	0.449817
1.81184e-09	0.450174
1.81197e-09	0.450529
1.8121e-09	0.450881
1.81223e-09	0.451231
1.81235e-09	0.451579
1.81248e-09	0.451926
1.81261e-09	0.452269
1.81274e-09	0.452611
1.81287e-09	0.452951
1.813e-09	0.453288
1.81312e-09	0.453624
1.81325e-09	0.453957
1.81338e-09	0.454288
1.81351e-09	0.454617
1.81364e-09	0.454944
1.81377e-09	0.455268
1.81389e-09	0.455591
1.81402e-09	0.455911
1.81415e-09	0.456229
1.81428e-09	0.456546
1.81441e-09	0.456859
1.81454e-09	0.457171
1.81466e-09	0.457481
1.81479e-09	0.457789
1.81492e-09	0.458094
1.81505e-09	0.458397
1.81518e-09	0.458699
1.81531e-09	0.458998
1.81544e-09	0.459295
1.81556e-09	0.459589
1.81569e-09	0.459882
1.81582e-09	0.460173
1.81595e-09	0.460461
1.81608e-09	0.460747
1.81621e-09	0.461032
1.81633e-09	0.461314
1.81646e-09	0.461593
1.81659e-09	0.461871
1.81672e-09	0.462147
1.81685e-09	0.46242
1.81698e-09	0.462692
1.8171e-09	0.462961
1.81723e-09	0.463228
1.81736e-09	0.463493
1.81749e-09	0.463756
1.81762e-09	0.464017
1.81775e-09	0.464276
1.81788e-09	0.464532
1.818e-09	0.464787
1.81813e-09	0.465039
1.81826e-09	0.465289
1.81839e-09	0.465537
1.81852e-09	0.465783
1.81865e-09	0.466027
1.81877e-09	0.466269
1.8189e-09	0.466509
1.81903e-09	0.466746
1.81916e-09	0.466982
1.81929e-09	0.467215
1.81942e-09	0.467446
1.81954e-09	0.467675
1.81967e-09	0.467902
1.8198e-09	0.468127
1.81993e-09	0.46835
1.82006e-09	0.46857
1.82019e-09	0.468789
1.82032e-09	0.469005
1.82044e-09	0.46922
1.82057e-09	0.469432
1.8207e-09	0.469642
1.82083e-09	0.46985
1.82096e-09	0.470056
1.82109e-09	0.47026
1.82121e-09	0.470462
1.82134e-09	0.470661
1.82147e-09	0.470859
1.8216e-09	0.471054
1.82173e-09	0.471247
1.82186e-09	0.471439
1.82198e-09	0.471628
1.82211e-09	0.471815
1.82224e-09	0.472
1.82237e-09	0.472183
1.8225e-09	0.472364
1.82263e-09	0.472542
1.82275e-09	0.472719
1.82288e-09	0.472893
1.82301e-09	0.473066
1.82314e-09	0.473236
1.82327e-09	0.473404
1.8234e-09	0.473571
1.82353e-09	0.473735
1.82365e-09	0.473897
1.82378e-09	0.474057
1.82391e-09	0.474215
1.82404e-09	0.47437
1.82417e-09	0.474524
1.8243e-09	0.474676
1.82442e-09	0.474825
1.82455e-09	0.474973
1.82468e-09	0.475118
1.82481e-09	0.475261
1.82494e-09	0.475403
1.82507e-09	0.475542
1.82519e-09	0.475679
1.82532e-09	0.475814
1.82545e-09	0.475947
1.82558e-09	0.476078
1.82571e-09	0.476207
1.82584e-09	0.476334
1.82597e-09	0.476459
1.82609e-09	0.476581
1.82622e-09	0.476702
1.82635e-09	0.476821
1.82648e-09	0.476937
1.82661e-09	0.477052
1.82674e-09	0.477164
1.82686e-09	0.477274
1.82699e-09	0.477383
1.82712e-09	0.477489
1.82725e-09	0.477593
1.82738e-09	0.477695
1.82751e-09	0.477795
1.82763e-09	0.477894
1.82776e-09	0.47799
1.82789e-09	0.478084
1.82802e-09	0.478176
1.82815e-09	0.478266
1.82828e-09	0.478353
1.82841e-09	0.478439
1.82853e-09	0.478523
1.82866e-09	0.478605
1.82879e-09	0.478685
1.82892e-09	0.478762
1.82905e-09	0.478838
1.82918e-09	0.478912
1.8293e-09	0.478983
1.82943e-09	0.479053
1.82956e-09	0.479121
1.82969e-09	0.479186
1.82982e-09	0.47925
1.82995e-09	0.479311
1.83007e-09	0.479371
1.8302e-09	0.479428
1.83033e-09	0.479484
1.83046e-09	0.479537
1.83059e-09	0.479589
1.83072e-09	0.479638
1.83084e-09	0.479686
1.83097e-09	0.479731
1.8311e-09	0.479775
1.83123e-09	0.479816
1.83136e-09	0.479856
1.83149e-09	0.479893
1.83162e-09	0.479928
1.83174e-09	0.479962
1.83187e-09	0.479993
1.832e-09	0.480023
1.83213e-09	0.48005
1.83226e-09	0.480076
1.83239e-09	0.480099
1.83251e-09	0.480121
1.83264e-09	0.48014
1.83277e-09	0.480158
1.8329e-09	0.480173
1.83303e-09	0.480187
1.83316e-09	0.480198
1.83328e-09	0.480208
1.83341e-09	0.480216
1.83354e-09	0.480221
1.83367e-09	0.480225
1.8338e-09	0.480227
1.83393e-09	0.480226
1.83406e-09	0.480224
1.83418e-09	0.48022
1.83431e-09	0.480214
1.83444e-09	0.480206
1.83457e-09	0.480196
1.8347e-09	0.480184
1.83483e-09	0.48017
1.83495e-09	0.480154
1.83508e-09	0.480136
1.83521e-09	0.480116
1.83534e-09	0.480094
1.83547e-09	0.48007
1.8356e-09	0.480045
1.83572e-09	0.480017
1.83585e-09	0.479987
1.83598e-09	0.479956
1.83611e-09	0.479922
1.83624e-09	0.479887
1.83637e-09	0.47985
1.8365e-09	0.47981
1.83662e-09	0.479769
1.83675e-09	0.479726
1.83688e-09	0.479681
1.83701e-09	0.479634
1.83714e-09	0.479585
1.83727e-09	0.479534
1.83739e-09	0.479482
1.83752e-09	0.479427
1.83765e-09	0.47937
1.83778e-09	0.479312
1.83791e-09	0.479251
1.83804e-09	0.479189
1.83816e-09	0.479125
1.83829e-09	0.479059
1.83842e-09	0.478991
1.83855e-09	0.478921
1.83868e-09	0.478849
1.83881e-09	0.478775
1.83893e-09	0.4787
1.83906e-09	0.478622
1.83919e-09	0.478543
1.83932e-09	0.478461
1.83945e-09	0.478378
1.83958e-09	0.478293
1.83971e-09	0.478206
1.83983e-09	0.478117
1.83996e-09	0.478026
1.84009e-09	0.477934
1.84022e-09	0.477839
1.84035e-09	0.477743
1.84048e-09	0.477645
1.8406e-09	0.477545
1.84073e-09	0.477443
1.84086e-09	0.477339
1.84099e-09	0.477233
1.84112e-09	0.477126
1.84125e-09	0.477016
1.84137e-09	0.476905
1.8415e-09	0.476792
1.84163e-09	0.476677
1.84176e-09	0.47656
1.84189e-09	0.476441
1.84202e-09	0.476321
1.84215e-09	0.476198
1.84227e-09	0.476074
1.8424e-09	0.475948
1.84253e-09	0.47582
1.84266e-09	0.47569
1.84279e-09	0.475559
1.84292e-09	0.475425
1.84304e-09	0.47529
1.84317e-09	0.475153
1.8433e-09	0.475014
1.84343e-09	0.474874
1.84356e-09	0.474731
1.84369e-09	0.474587
1.84381e-09	0.474441
1.84394e-09	0.474293
1.84407e-09	0.474143
1.8442e-09	0.473991
1.84433e-09	0.473838
1.84446e-09	0.473683
1.84459e-09	0.473526
1.84471e-09	0.473367
1.84484e-09	0.473206
1.84497e-09	0.473044
1.8451e-09	0.47288
1.84523e-09	0.472714
1.84536e-09	0.472546
1.84548e-09	0.472376
1.84561e-09	0.472205
1.84574e-09	0.472032
1.84587e-09	0.471857
1.846e-09	0.47168
1.84613e-09	0.471502
1.84625e-09	0.471322
1.84638e-09	0.47114
1.84651e-09	0.470956
1.84664e-09	0.47077
1.84677e-09	0.470583
1.8469e-09	0.470394
1.84702e-09	0.470203
1.84715e-09	0.470011
1.84728e-09	0.469816
1.84741e-09	0.46962
1.84754e-09	0.469423
1.84767e-09	0.469223
1.8478e-09	0.469022
1.84792e-09	0.468819
1.84805e-09	0.468614
1.84818e-09	0.468408
1.84831e-09	0.468199
1.84844e-09	0.467989
1.84857e-09	0.467778
1.84869e-09	0.467564
1.84882e-09	0.467349
1.84895e-09	0.467132
1.84908e-09	0.466914
1.84921e-09	0.466693
1.84934e-09	0.466471
1.84946e-09	0.466248
1.84959e-09	0.466022
1.84972e-09	0.465795
1.84985e-09	0.465566
1.84998e-09	0.465336
1.85011e-09	0.465104
1.85024e-09	0.46487
1.85036e-09	0.464634
1.85049e-09	0.464397
1.85062e-09	0.464158
1.85075e-09	0.463917
1.85088e-09	0.463675
1.85101e-09	0.463431
1.85113e-09	0.463185
1.85126e-09	0.462938
1.85139e-09	0.462689
1.85152e-09	0.462438
1.85165e-09	0.462185
1.85178e-09	0.461931
1.8519e-09	0.461676
1.85203e-09	0.461418
1.85216e-09	0.461159
1.85229e-09	0.460899
1.85242e-09	0.460636
1.85255e-09	0.460372
1.85268e-09	0.460107
1.8528e-09	0.459839
1.85293e-09	0.45957
1.85306e-09	0.4593
1.85319e-09	0.459028
1.85332e-09	0.458754
1.85345e-09	0.458478
1.85357e-09	0.458201
1.8537e-09	0.457923
1.85383e-09	0.457642
1.85396e-09	0.45736
1.85409e-09	0.457077
1.85422e-09	0.456792
1.85434e-09	0.456505
1.85447e-09	0.456217
1.8546e-09	0.455927
1.85473e-09	0.455635
1.85486e-09	0.455342
1.85499e-09	0.455047
1.85511e-09	0.454751
1.85524e-09	0.454453
1.85537e-09	0.454153
1.8555e-09	0.453852
1.85563e-09	0.453549
1.85576e-09	0.453245
1.85589e-09	0.452939
1.85601e-09	0.452632
1.85614e-09	0.452323
1.85627e-09	0.452012
1.8564e-09	0.4517
1.85653e-09	0.451386
1.85666e-09	0.451071
1.85678e-09	0.450754
1.85691e-09	0.450436
1.85704e-09	0.450116
1.85717e-09	0.449794
1.8573e-09	0.449471
1.85743e-09	0.449146
1.85755e-09	0.44882
1.85768e-09	0.448493
1.85781e-09	0.448163
1.85794e-09	0.447833
1.85807e-09	0.4475
1.8582e-09	0.447167
1.85833e-09	0.446831
1.85845e-09	0.446494
1.85858e-09	0.446156
1.85871e-09	0.445816
1.85884e-09	0.445475
1.85897e-09	0.445132
1.8591e-09	0.444788
1.85922e-09	0.444442
1.85935e-09	0.444094
1.85948e-09	0.443745
1.85961e-09	0.443395
1.85974e-09	0.443043
1.85987e-09	0.44269
1.85999e-09	0.442335
1.86012e-09	0.441979
1.86025e-09	0.441621
1.86038e-09	0.441261
1.86051e-09	0.440901
1.86064e-09	0.440538
1.86077e-09	0.440175
1.86089e-09	0.43981
1.86102e-09	0.439443
1.86115e-09	0.439075
1.86128e-09	0.438705
1.86141e-09	0.438334
1.86154e-09	0.437962
1.86166e-09	0.437588
1.86179e-09	0.437213
1.86192e-09	0.436836
1.86205e-09	0.436458
1.86218e-09	0.436078
1.86231e-09	0.435697
1.86243e-09	0.435314
1.86256e-09	0.43493
1.86269e-09	0.434545
1.86282e-09	0.434158
1.86295e-09	0.43377
1.86308e-09	0.43338
1.8632e-09	0.432989
1.86333e-09	0.432597
1.86346e-09	0.432203
1.86359e-09	0.431808
1.86372e-09	0.431411
1.86385e-09	0.431013
1.86398e-09	0.430614
1.8641e-09	0.430213
1.86423e-09	0.429811
1.86436e-09	0.429407
1.86449e-09	0.429002
1.86462e-09	0.428596
1.86475e-09	0.428188
1.86487e-09	0.427779
1.865e-09	0.427369
1.86513e-09	0.426957
1.86526e-09	0.426544
1.86539e-09	0.426129
1.86552e-09	0.425713
1.86564e-09	0.425296
1.86577e-09	0.424877
1.8659e-09	0.424457
1.86603e-09	0.424036
1.86616e-09	0.423613
1.86629e-09	0.423189
1.86642e-09	0.422764
1.86654e-09	0.422337
1.86667e-09	0.421909
1.8668e-09	0.42148
1.86693e-09	0.42105
1.86706e-09	0.420618
1.86719e-09	0.420184
1.86731e-09	0.41975
1.86744e-09	0.419314
1.86757e-09	0.418877
1.8677e-09	0.418438
1.86783e-09	0.417998
1.86796e-09	0.417557
1.86808e-09	0.417115
1.86821e-09	0.416671
1.86834e-09	0.416226
1.86847e-09	0.41578
1.8686e-09	0.415333
1.86873e-09	0.414884
1.86886e-09	0.414434
1.86898e-09	0.413983
1.86911e-09	0.41353
1.86924e-09	0.413076
1.86937e-09	0.412621
1.8695e-09	0.412165
1.86963e-09	0.411707
1.86975e-09	0.411248
1.86988e-09	0.410788
1.87001e-09	0.410327
1.87014e-09	0.409864
1.87027e-09	0.4094
1.8704e-09	0.408935
1.87052e-09	0.408469
1.87065e-09	0.408001
1.87078e-09	0.407532
1.87091e-09	0.407062
1.87104e-09	0.406591
1.87117e-09	0.406119
1.87129e-09	0.405645
1.87142e-09	0.40517
1.87155e-09	0.404694
1.87168e-09	0.404217
1.87181e-09	0.403738
1.87194e-09	0.403259
1.87207e-09	0.402778
1.87219e-09	0.402296
1.87232e-09	0.401812
1.87245e-09	0.401328
1.87258e-09	0.400842
1.87271e-09	0.400356
1.87284e-09	0.399868
1.87296e-09	0.399378
1.87309e-09	0.398888
1.87322e-09	0.398397
1.87335e-09	0.397904
1.87348e-09	0.39741
1.87361e-09	0.396915
1.87373e-09	0.396419
1.87386e-09	0.395922
1.87399e-09	0.395424
1.87412e-09	0.394924
1.87425e-09	0.394423
1.87438e-09	0.393922
1.87451e-09	0.393419
1.87463e-09	0.392915
1.87476e-09	0.392409
1.87489e-09	0.391903
1.87502e-09	0.391396
1.87515e-09	0.390887
1.87528e-09	0.390378
1.8754e-09	0.389867
1.87553e-09	0.389355
1.87566e-09	0.388842
1.87579e-09	0.388328
1.87592e-09	0.387813
1.87605e-09	0.387296
1.87617e-09	0.386779
1.8763e-09	0.386261
1.87643e-09	0.385741
1.87656e-09	0.385221
1.87669e-09	0.384699
1.87682e-09	0.384176
1.87695e-09	0.383652
1.87707e-09	0.383128
1.8772e-09	0.382602
1.87733e-09	0.382075
1.87746e-09	0.381547
1.87759e-09	0.381018
1.87772e-09	0.380487
1.87784e-09	0.379956
1.87797e-09	0.379424
1.8781e-09	0.378891
1.87823e-09	0.378356
1.87836e-09	0.377821
1.87849e-09	0.377285
1.87861e-09	0.376747
1.87874e-09	0.376209
1.87887e-09	0.37567
1.879e-09	0.375129
1.87913e-09	0.374588
1.87926e-09	0.374045
1.87938e-09	0.373502
1.87951e-09	0.372957
1.87964e-09	0.372412
1.87977e-09	0.371865
1.8799e-09	0.371318
1.88003e-09	0.370769
1.88016e-09	0.37022
1.88028e-09	0.36967
1.88041e-09	0.369118
1.88054e-09	0.368566
1.88067e-09	0.368013
1.8808e-09	0.367458
1.88093e-09	0.366903
1.88105e-09	0.366347
1.88118e-09	0.36579
1.88131e-09	0.365232
1.88144e-09	0.364672
1.88157e-09	0.364112
1.8817e-09	0.363551
1.88182e-09	0.36299
1.88195e-09	0.362427
1.88208e-09	0.361863
1.88221e-09	0.361298
1.88234e-09	0.360733
1.88247e-09	0.360166
1.8826e-09	0.359598
1.88272e-09	0.35903
1.88285e-09	0.358461
1.88298e-09	0.357891
1.88311e-09	0.357319
1.88324e-09	0.356747
1.88337e-09	0.356174
1.88349e-09	0.355601
1.88362e-09	0.355026
1.88375e-09	0.35445
1.88388e-09	0.353874
1.88401e-09	0.353296
1.88414e-09	0.352718
1.88426e-09	0.352139
1.88439e-09	0.351559
1.88452e-09	0.350978
1.88465e-09	0.350396
1.88478e-09	0.349814
1.88491e-09	0.34923
1.88504e-09	0.348646
1.88516e-09	0.348061
1.88529e-09	0.347475
1.88542e-09	0.346888
1.88555e-09	0.3463
1.88568e-09	0.345712
1.88581e-09	0.345122
1.88593e-09	0.344532
1.88606e-09	0.343941
1.88619e-09	0.343349
1.88632e-09	0.342756
1.88645e-09	0.342163
1.88658e-09	0.341569
1.8867e-09	0.340973
1.88683e-09	0.340378
1.88696e-09	0.339781
1.88709e-09	0.339183
1.88722e-09	0.338585
1.88735e-09	0.337986
1.88747e-09	0.337386
1.8876e-09	0.336785
1.88773e-09	0.336184
1.88786e-09	0.335581
1.88799e-09	0.334978
1.88812e-09	0.334374
1.88825e-09	0.33377
1.88837e-09	0.333165
1.8885e-09	0.332558
1.88863e-09	0.331951
1.88876e-09	0.331344
1.88889e-09	0.330735
1.88902e-09	0.330126
1.88914e-09	0.329516
1.88927e-09	0.328906
1.8894e-09	0.328294
1.88953e-09	0.327682
1.88966e-09	0.327069
1.88979e-09	0.326456
1.88991e-09	0.325842
1.89004e-09	0.325227
1.89017e-09	0.324611
1.8903e-09	0.323994
1.89043e-09	0.323377
1.89056e-09	0.322759
1.89069e-09	0.322141
1.89081e-09	0.321522
1.89094e-09	0.320902
1.89107e-09	0.320281
1.8912e-09	0.31966
1.89133e-09	0.319037
1.89146e-09	0.318415
1.89158e-09	0.317791
1.89171e-09	0.317167
1.89184e-09	0.316543
1.89197e-09	0.315917
1.8921e-09	0.315291
1.89223e-09	0.314664
1.89235e-09	0.314037
1.89248e-09	0.313409
1.89261e-09	0.31278
1.89274e-09	0.312151
1.89287e-09	0.311521
1.893e-09	0.31089
1.89313e-09	0.310259
1.89325e-09	0.309627
1.89338e-09	0.308994
1.89351e-09	0.308361
1.89364e-09	0.307727
1.89377e-09	0.307093
1.8939e-09	0.306457
1.89402e-09	0.305822
1.89415e-09	0.305185
1.89428e-09	0.304549
1.89441e-09	0.303911
1.89454e-09	0.303273
1.89467e-09	0.302634
1.89479e-09	0.301995
1.89492e-09	0.301355
1.89505e-09	0.300714
1.89518e-09	0.300073
1.89531e-09	0.299432
1.89544e-09	0.298789
1.89556e-09	0.298147
1.89569e-09	0.297503
1.89582e-09	0.296859
1.89595e-09	0.296215
1.89608e-09	0.29557
1.89621e-09	0.294924
1.89634e-09	0.294278
1.89646e-09	0.293631
1.89659e-09	0.292984
1.89672e-09	0.292336
1.89685e-09	0.291688
1.89698e-09	0.291039
1.89711e-09	0.290389
1.89723e-09	0.289739
1.89736e-09	0.289089
1.89749e-09	0.288438
1.89762e-09	0.287786
1.89775e-09	0.287134
1.89788e-09	0.286482
1.898e-09	0.285829
1.89813e-09	0.285175
1.89826e-09	0.284521
1.89839e-09	0.283866
1.89852e-09	0.283211
1.89865e-09	0.282556
1.89878e-09	0.2819
1.8989e-09	0.281243
1.89903e-09	0.280586
1.89916e-09	0.279928
1.89929e-09	0.27927
1.89942e-09	0.278612
1.89955e-09	0.277953
1.89967e-09	0.277294
1.8998e-09	0.276634
1.89993e-09	0.275973
1.90006e-09	0.275313
1.90019e-09	0.274651
1.90032e-09	0.27399
1.90044e-09	0.273328
1.90057e-09	0.272665
1.9007e-09	0.272002
1.90083e-09	0.271339
1.90096e-09	0.270675
1.90109e-09	0.270011
1.90122e-09	0.269346
1.90134e-09	0.268681
1.90147e-09	0.268015
1.9016e-09	0.267349
1.90173e-09	0.266683
1.90186e-09	0.266016
1.90199e-09	0.265349
1.90211e-09	0.264681
1.90224e-09	0.264013
1.90237e-09	0.263345
1.9025e-09	0.262676
1.90263e-09	0.262007
1.90276e-09	0.261337
1.90288e-09	0.260667
1.90301e-09	0.259997
1.90314e-09	0.259326
1.90327e-09	0.258655
1.9034e-09	0.257984
1.90353e-09	0.257312
1.90365e-09	0.25664
1.90378e-09	0.255967
1.90391e-09	0.255294
1.90404e-09	0.254621
1.90417e-09	0.253948
1.9043e-09	0.253274
1.90443e-09	0.252599
1.90455e-09	0.251925
1.90468e-09	0.25125
1.90481e-09	0.250575
1.90494e-09	0.249899
1.90507e-09	0.249223
1.9052e-09	0.248547
1.90532e-09	0.24787
1.90545e-09	0.247193
1.90558e-09	0.246516
1.90571e-09	0.245839
1.90584e-09	0.245161
1.90597e-09	0.244483
1.90609e-09	0.243804
1.90622e-09	0.243126
1.90635e-09	0.242447
1.90648e-09	0.241768
1.90661e-09	0.241088
1.90674e-09	0.240408
1.90687e-09	0.239728
1.90699e-09	0.239048
1.90712e-09	0.238367
1.90725e-09	0.237686
1.90738e-09	0.237005
1.90751e-09	0.236323
1.90764e-09	0.235642
1.90776e-09	0.23496
1.90789e-09	0.234278
1.90802e-09	0.233595
1.90815e-09	0.232912
1.90828e-09	0.232229
1.90841e-09	0.231546
1.90853e-09	0.230863
1.90866e-09	0.230179
1.90879e-09	0.229495
1.90892e-09	0.228811
1.90905e-09	0.228127
1.90918e-09	0.227442
1.90931e-09	0.226757
1.90943e-09	0.226073
1.90956e-09	0.225387
1.90969e-09	0.224702
1.90982e-09	0.224016
1.90995e-09	0.22333
1.91008e-09	0.222645
1.9102e-09	0.221958
1.91033e-09	0.221272
1.91046e-09	0.220585
1.91059e-09	0.219899
1.91072e-09	0.219212
1.91085e-09	0.218525
1.91097e-09	0.217837
1.9111e-09	0.21715
1.91123e-09	0.216462
1.91136e-09	0.215774
1.91149e-09	0.215087
1.91162e-09	0.214398
1.91174e-09	0.21371
1.91187e-09	0.213022
1.912e-09	0.212333
1.91213e-09	0.211644
1.91226e-09	0.210956
1.91239e-09	0.210267
1.91252e-09	0.209578
1.91264e-09	0.208888
1.91277e-09	0.208199
1.9129e-09	0.207509
1.91303e-09	0.20682
1.91316e-09	0.20613
1.91329e-09	0.20544
1.91341e-09	0.20475
1.91354e-09	0.20406
1.91367e-09	0.20337
1.9138e-09	0.20268
1.91393e-09	0.201989
1.91406e-09	0.201299
1.91418e-09	0.200608
1.91431e-09	0.199918
1.91444e-09	0.199227
1.91457e-09	0.198536
1.9147e-09	0.197845
1.91483e-09	0.197154
1.91496e-09	0.196463
1.91508e-09	0.195772
1.91521e-09	0.195081
1.91534e-09	0.194389
1.91547e-09	0.193698
1.9156e-09	0.193007
1.91573e-09	0.192315
1.91585e-09	0.191624
1.91598e-09	0.190932
1.91611e-09	0.19024
1.91624e-09	0.189549
1.91637e-09	0.188857
1.9165e-09	0.188165
1.91662e-09	0.187474
1.91675e-09	0.186782
1.91688e-09	0.18609
1.91701e-09	0.185398
1.91714e-09	0.184706
1.91727e-09	0.184014
1.9174e-09	0.183322
1.91752e-09	0.18263
1.91765e-09	0.181939
1.91778e-09	0.181247
1.91791e-09	0.180555
1.91804e-09	0.179863
1.91817e-09	0.179171
1.91829e-09	0.178479
1.91842e-09	0.177787
1.91855e-09	0.177095
1.91868e-09	0.176403
1.91881e-09	0.175711
1.91894e-09	0.175019
1.91906e-09	0.174328
1.91919e-09	0.173636
1.91932e-09	0.172944
1.91945e-09	0.172252
1.91958e-09	0.171561
1.91971e-09	0.170869
1.91983e-09	0.170177
1.91996e-09	0.169486
1.92009e-09	0.168794
1.92022e-09	0.168103
1.92035e-09	0.167411
1.92048e-09	0.16672
1.92061e-09	0.166029
1.92073e-09	0.165337
1.92086e-09	0.164646
1.92099e-09	0.163955
1.92112e-09	0.163264
1.92125e-09	0.162573
1.92138e-09	0.161882
1.9215e-09	0.161191
1.92163e-09	0.160501
1.92176e-09	0.15981
1.92189e-09	0.15912
1.92202e-09	0.158429
1.92215e-09	0.157739
1.92227e-09	0.157049
1.9224e-09	0.156358
1.92253e-09	0.155668
1.92266e-09	0.154978
1.92279e-09	0.154289
1.92292e-09	0.153599
1.92305e-09	0.152909
1.92317e-09	0.15222
1.9233e-09	0.151531
1.92343e-09	0.150841
1.92356e-09	0.150152
1.92369e-09	0.149463
1.92382e-09	0.148774
1.92394e-09	0.148086
1.92407e-09	0.147397
1.9242e-09	0.146709
1.92433e-09	0.146021
1.92446e-09	0.145332
1.92459e-09	0.144644
1.92471e-09	0.143957
1.92484e-09	0.143269
1.92497e-09	0.142582
1.9251e-09	0.141894
1.92523e-09	0.141207
1.92536e-09	0.14052
1.92549e-09	0.139833
1.92561e-09	0.139147
1.92574e-09	0.13846
1.92587e-09	0.137774
1.926e-09	0.137088
1.92613e-09	0.136402
1.92626e-09	0.135716
1.92638e-09	0.135031
1.92651e-09	0.134345
1.92664e-09	0.13366
1.92677e-09	0.132975
1.9269e-09	0.132291
1.92703e-09	0.131606
1.92715e-09	0.130922
1.92728e-09	0.130238
1.92741e-09	0.129554
1.92754e-09	0.12887
1.92767e-09	0.128187
1.9278e-09	0.127504
1.92792e-09	0.126821
1.92805e-09	0.126138
1.92818e-09	0.125455
1.92831e-09	0.124773
1.92844e-09	0.124091
1.92857e-09	0.123409
1.9287e-09	0.122728
1.92882e-09	0.122046
1.92895e-09	0.121365
1.92908e-09	0.120684
1.92921e-09	0.120004
1.92934e-09	0.119323
1.92947e-09	0.118643
1.92959e-09	0.117964
1.92972e-09	0.117284
1.92985e-09	0.116605
1.92998e-09	0.115926
1.93011e-09	0.115247
1.93024e-09	0.114569
1.93036e-09	0.11389
1.93049e-09	0.113213
1.93062e-09	0.112535
1.93075e-09	0.111858
1.93088e-09	0.111181
1.93101e-09	0.110504
1.93114e-09	0.109828
1.93126e-09	0.109151
1.93139e-09	0.108476
1.93152e-09	0.1078
1.93165e-09	0.107125
1.93178e-09	0.10645
1.93191e-09	0.105775
1.93203e-09	0.105101
1.93216e-09	0.104427
1.93229e-09	0.103753
1.93242e-09	0.10308
1.93255e-09	0.102407
1.93268e-09	0.101734
1.9328e-09	0.101062
1.93293e-09	0.10039
1.93306e-09	0.0997182
1.93319e-09	0.0990468
1.93332e-09	0.0983758
1.93345e-09	0.0977051
1.93358e-09	0.0970348
1.9337e-09	0.0963648
1.93383e-09	0.0956952
1.93396e-09	0.0950259
1.93409e-09	0.094357
1.93422e-09	0.0936885
1.93435e-09	0.0930203
1.93447e-09	0.0923524
1.9346e-09	0.091685
1.93473e-09	0.0910178
1.93486e-09	0.0903511
1.93499e-09	0.0896848
1.93512e-09	0.0890188
1.93524e-09	0.0883532
1.93537e-09	0.087688
1.9355e-09	0.0870231
1.93563e-09	0.0863587
1.93576e-09	0.0856946
1.93589e-09	0.085031
1.93602e-09	0.0843677
1.93614e-09	0.0837048
1.93627e-09	0.0830423
1.9364e-09	0.0823803
1.93653e-09	0.0817186
1.93666e-09	0.0810573
1.93679e-09	0.0803965
1.93691e-09	0.079736
1.93704e-09	0.079076
1.93717e-09	0.0784164
1.9373e-09	0.0777572
1.93743e-09	0.0770984
1.93756e-09	0.0764401
1.93768e-09	0.0757821
1.93781e-09	0.0751246
1.93794e-09	0.0744676
1.93807e-09	0.0738109
1.9382e-09	0.0731548
1.93833e-09	0.072499
1.93845e-09	0.0718437
1.93858e-09	0.0711888
1.93871e-09	0.0705344
1.93884e-09	0.0698804
1.93897e-09	0.0692269
1.9391e-09	0.0685739
1.93923e-09	0.0679212
1.93935e-09	0.0672691
1.93948e-09	0.0666174
1.93961e-09	0.0659662
1.93974e-09	0.0653154
1.93987e-09	0.0646651
1.94e-09	0.0640153
1.94012e-09	0.0633659
1.94025e-09	0.0627171
1.94038e-09	0.0620687
1.94051e-09	0.0614207
1.94064e-09	0.0607733
1.94077e-09	0.0601263
1.94089e-09	0.0594799
1.94102e-09	0.0588339
1.94115e-09	0.0581884
1.94128e-09	0.0575434
1.94141e-09	0.0568989
1.94154e-09	0.0562549
1.94167e-09	0.0556114
1.94179e-09	0.0549684
1.94192e-09	0.054326
1.94205e-09	0.053684
1.94218e-09	0.0530425
1.94231e-09	0.0524016
1.94244e-09	0.0517611
1.94256e-09	0.0511212
1.94269e-09	0.0504818
1.94282e-09	0.0498429
1.94295e-09	0.0492045
1.94308e-09	0.0485667
1.94321e-09	0.0479294
1.94333e-09	0.0472926
1.94346e-09	0.0466564
1.94359e-09	0.0460207
1.94372e-09	0.0453855
1.94385e-09	0.0447509
1.94398e-09	0.0441168
1.94411e-09	0.0434832
1.94423e-09	0.0428502
1.94436e-09	0.0422178
1.94449e-09	0.0415859
1.94462e-09	0.0409545
1.94475e-09	0.0403238
1.94488e-09	0.0396935
1.945e-09	0.0390639
1.94513e-09	0.0384347
1.94526e-09	0.0378062
1.94539e-09	0.0371782
1.94552e-09	0.0365508
1.94565e-09	0.035924
1.94577e-09	0.0352977
1.9459e-09	0.034672
1.94603e-09	0.0340469
1.94616e-09	0.0334223
1.94629e-09	0.0327984
1.94642e-09	0.032175
1.94654e-09	0.0315522
1.94667e-09	0.03093
1.9468e-09	0.0303084
1.94693e-09	0.0296874
1.94706e-09	0.029067
1.94719e-09	0.0284471
1.94732e-09	0.0278279
1.94744e-09	0.0272093
1.94757e-09	0.0265912
1.9477e-09	0.0259738
1.94783e-09	0.025357
1.94796e-09	0.0247408
1.94809e-09	0.0241252
1.94821e-09	0.0235102
1.94834e-09	0.0228958
1.94847e-09	0.0222821
1.9486e-09	0.021669
1.94873e-09	0.0210564
1.94886e-09	0.0204445
1.94898e-09	0.0198333
1.94911e-09	0.0192226
1.94924e-09	0.0186126
1.94937e-09	0.0180033
1.9495e-09	0.0173945
1.94963e-09	0.0167864
1.94976e-09	0.0161789
1.94988e-09	0.0155721
1.95001e-09	0.0149659
1.95014e-09	0.0143604
1.95027e-09	0.0137555
1.9504e-09	0.0131512
1.95053e-09	0.0125476
1.95065e-09	0.0119446
1.95078e-09	0.0113423
1.95091e-09	0.0107407
1.95104e-09	0.0101397
1.95117e-09	0.00953938
1.9513e-09	0.0089397
1.95142e-09	0.0083407
1.95155e-09	0.00774236
1.95168e-09	0.00714468
1.95181e-09	0.00654767
1.95194e-09	0.00595134
1.95207e-09	0.00535567
1.9522e-09	0.00476068
1.95232e-09	0.00416637
1.95245e-09	0.00357273
1.95258e-09	0.00297978
1.95271e-09	0.00238751
1.95284e-09	0.00179592
1.95297e-09	0.00120501
1.95309e-09	0.000614796
1.95322e-09	2.52695e-05
1.95335e-09	-0.000563566
1.95348e-09	-0.00115171
1.95361e-09	-0.00173916
1.95374e-09	-0.00232591
1.95386e-09	-0.00291196
1.95399e-09	-0.00349731
1.95412e-09	-0.00408196
1.95425e-09	-0.0046659
1.95438e-09	-0.00524914
1.95451e-09	-0.00583167
1.95463e-09	-0.00641349
1.95476e-09	-0.0069946
1.95489e-09	-0.007575
1.95502e-09	-0.00815468
1.95515e-09	-0.00873365
1.95528e-09	-0.00931189
1.95541e-09	-0.00988942
1.95553e-09	-0.0104662
1.95566e-09	-0.0110423
1.95579e-09	-0.0116177
1.95592e-09	-0.0121923
1.95605e-09	-0.0127662
1.95618e-09	-0.0133394
1.9563e-09	-0.0139118
1.95643e-09	-0.0144835
1.95656e-09	-0.0150545
1.95669e-09	-0.0156247
1.95682e-09	-0.0161942
1.95695e-09	-0.0167629
1.95707e-09	-0.0173309
1.9572e-09	-0.0178982
1.95733e-09	-0.0184647
1.95746e-09	-0.0190305
1.95759e-09	-0.0195955
1.95772e-09	-0.0201597
1.95785e-09	-0.0207232
1.95797e-09	-0.021286
1.9581e-09	-0.021848
1.95823e-09	-0.0224092
1.95836e-09	-0.0229697
1.95849e-09	-0.0235294
1.95862e-09	-0.0240884
1.95874e-09	-0.0246466
1.95887e-09	-0.025204
1.959e-09	-0.0257607
1.95913e-09	-0.0263166
1.95926e-09	-0.0268717
1.95939e-09	-0.027426
1.95951e-09	-0.0279796
1.95964e-09	-0.0285324
1.95977e-09	-0.0290844
1.9599e-09	-0.0296357
1.96003e-09	-0.0301861
1.96016e-09	-0.0307358
1.96029e-09	-0.0312847
1.96041e-09	-0.0318328
1.96054e-09	-0.0323801
1.96067e-09	-0.0329266
1.9608e-09	-0.0334724
1.96093e-09	-0.0340173
1.96106e-09	-0.0345615
1.96118e-09	-0.0351049
1.96131e-09	-0.0356474
1.96144e-09	-0.0361892
1.96157e-09	-0.0367302
1.9617e-09	-0.0372703
1.96183e-09	-0.0378097
1.96195e-09	-0.0383483
1.96208e-09	-0.038886
1.96221e-09	-0.039423
1.96234e-09	-0.0399591
1.96247e-09	-0.0404945
1.9626e-09	-0.041029
1.96272e-09	-0.0415627
1.96285e-09	-0.0420956
1.96298e-09	-0.0426277
1.96311e-09	-0.0431589
1.96324e-09	-0.0436894
1.96337e-09	-0.044219
1.9635e-09	-0.0447478
1.96362e-09	-0.0452758
1.96375e-09	-0.045803
1.96388e-09	-0.0463293
1.96401e-09	-0.0468548
1.96414e-09	-0.0473795
1.96427e-09	-0.0479033
1.96439e-09	-0.0484264
1.96452e-09	-0.0489485
1.96465e-09	-0.0494699
1.96478e-09	-0.0499904
1.96491e-09	-0.0505101
1.96504e-09	-0.0510289
1.96516e-09	-0.0515469
1.96529e-09	-0.0520641
1.96542e-09	-0.0525804
1.96555e-09	-0.0530959
1.96568e-09	-0.0536105
1.96581e-09	-0.0541243
1.96594e-09	-0.0546373
1.96606e-09	-0.0551494
1.96619e-09	-0.0556606
1.96632e-09	-0.056171
1.96645e-09	-0.0566805
1.96658e-09	-0.0571892
1.96671e-09	-0.057697
1.96683e-09	-0.058204
1.96696e-09	-0.0587101
1.96709e-09	-0.0592154
1.96722e-09	-0.0597198
1.96735e-09	-0.0602233
1.96748e-09	-0.060726
1.9676e-09	-0.0612278
1.96773e-09	-0.0617287
1.96786e-09	-0.0622288
1.96799e-09	-0.062728
1.96812e-09	-0.0632263
1.96825e-09	-0.0637238
1.96838e-09	-0.0642204
1.9685e-09	-0.0647161
1.96863e-09	-0.065211
1.96876e-09	-0.0657049
1.96889e-09	-0.0661981
1.96902e-09	-0.0666903
1.96915e-09	-0.0671816
1.96927e-09	-0.0676721
1.9694e-09	-0.0681617
1.96953e-09	-0.0686503
1.96966e-09	-0.0691382
1.96979e-09	-0.0696251
1.96992e-09	-0.0701111
1.97004e-09	-0.0705963
1.97017e-09	-0.0710806
1.9703e-09	-0.071564
1.97043e-09	-0.0720464
1.97056e-09	-0.072528
1.97069e-09	-0.0730087
1.97081e-09	-0.0734886
1.97094e-09	-0.0739675
1.97107e-09	-0.0744455
1.9712e-09	-0.0749226
1.97133e-09	-0.0753989
1.97146e-09	-0.0758742
1.97159e-09	-0.0763486
1.97171e-09	-0.0768221
1.97184e-09	-0.0772948
1.97197e-09	-0.0777665
1.9721e-09	-0.0782373
1.97223e-09	-0.0787072
1.97236e-09	-0.0791762
1.97248e-09	-0.0796443
1.97261e-09	-0.0801115
1.97274e-09	-0.0805778
1.97287e-09	-0.0810431
1.973e-09	-0.0815076
1.97313e-09	-0.0819711
1.97325e-09	-0.0824338
1.97338e-09	-0.0828955
1.97351e-09	-0.0833563
1.97364e-09	-0.0838162
1.97377e-09	-0.0842751
1.9739e-09	-0.0847332
1.97403e-09	-0.0851903
1.97415e-09	-0.0856465
1.97428e-09	-0.0861018
1.97441e-09	-0.0865561
1.97454e-09	-0.0870096
1.97467e-09	-0.0874621
1.9748e-09	-0.0879137
1.97492e-09	-0.0883643
1.97505e-09	-0.0888141
1.97518e-09	-0.0892629
1.97531e-09	-0.0897107
1.97544e-09	-0.0901577
1.97557e-09	-0.0906037
1.97569e-09	-0.0910488
1.97582e-09	-0.0914929
1.97595e-09	-0.0919361
1.97608e-09	-0.0923784
1.97621e-09	-0.0928198
1.97634e-09	-0.0932602
1.97647e-09	-0.0936996
1.97659e-09	-0.0941382
1.97672e-09	-0.0945758
1.97685e-09	-0.0950124
1.97698e-09	-0.0954481
1.97711e-09	-0.0958829
1.97724e-09	-0.0963167
1.97736e-09	-0.0967496
1.97749e-09	-0.0971815
1.97762e-09	-0.0976125
1.97775e-09	-0.0980426
1.97788e-09	-0.0984717
1.97801e-09	-0.0988998
1.97813e-09	-0.0993271
1.97826e-09	-0.0997533
1.97839e-09	-0.100179
1.97852e-09	-0.100603
1.97865e-09	-0.101026
1.97878e-09	-0.101449
1.9789e-09	-0.10187
1.97903e-09	-0.102291
1.97916e-09	-0.10271
1.97929e-09	-0.103129
1.97942e-09	-0.103547
1.97955e-09	-0.103964
1.97968e-09	-0.104379
1.9798e-09	-0.104794
1.97993e-09	-0.105208
1.98006e-09	-0.105621
1.98019e-09	-0.106033
1.98032e-09	-0.106444
1.98045e-09	-0.106854
1.98057e-09	-0.107263
1.9807e-09	-0.107671
1.98083e-09	-0.108078
1.98096e-09	-0.108484
1.98109e-09	-0.108889
1.98122e-09	-0.109294
1.98134e-09	-0.109697
1.98147e-09	-0.110099
1.9816e-09	-0.1105
1.98173e-09	-0.110901
1.98186e-09	-0.1113
1.98199e-09	-0.111699
1.98212e-09	-0.112096
1.98224e-09	-0.112492
1.98237e-09	-0.112888
1.9825e-09	-0.113282
1.98263e-09	-0.113676
1.98276e-09	-0.114069
1.98289e-09	-0.11446
1.98301e-09	-0.114851
1.98314e-09	-0.11524
1.98327e-09	-0.115629
1.9834e-09	-0.116017
1.98353e-09	-0.116404
1.98366e-09	-0.116789
1.98378e-09	-0.117174
1.98391e-09	-0.117558
1.98404e-09	-0.117941
1.98417e-09	-0.118322
1.9843e-09	-0.118703
1.98443e-09	-0.119083
1.98456e-09	-0.119462
1.98468e-09	-0.11984
1.98481e-09	-0.120217
1.98494e-09	-0.120593
1.98507e-09	-0.120968
1.9852e-09	-0.121342
1.98533e-09	-0.121715
1.98545e-09	-0.122087
1.98558e-09	-0.122458
1.98571e-09	-0.122828
1.98584e-09	-0.123197
1.98597e-09	-0.123565
1.9861e-09	-0.123932
1.98622e-09	-0.124298
1.98635e-09	-0.124663
1.98648e-09	-0.125027
1.98661e-09	-0.12539
1.98674e-09	-0.125752
1.98687e-09	-0.126114
1.98699e-09	-0.126474
1.98712e-09	-0.126833
1.98725e-09	-0.127191
1.98738e-09	-0.127548
1.98751e-09	-0.127904
1.98764e-09	-0.12826
1.98777e-09	-0.128614
1.98789e-09	-0.128967
1.98802e-09	-0.129319
1.98815e-09	-0.12967
1.98828e-09	-0.13002
1.98841e-09	-0.13037
1.98854e-09	-0.130718
1.98866e-09	-0.131065
1.98879e-09	-0.131411
1.98892e-09	-0.131757
1.98905e-09	-0.132101
1.98918e-09	-0.132444
1.98931e-09	-0.132786
1.98943e-09	-0.133128
1.98956e-09	-0.133468
1.98969e-09	-0.133807
1.98982e-09	-0.134145
1.98995e-09	-0.134482
1.99008e-09	-0.134819
1.99021e-09	-0.135154
1.99033e-09	-0.135488
1.99046e-09	-0.135821
1.99059e-09	-0.136154
1.99072e-09	-0.136485
1.99085e-09	-0.136815
1.99098e-09	-0.137144
1.9911e-09	-0.137473
1.99123e-09	-0.1378
1.99136e-09	-0.138126
1.99149e-09	-0.138451
1.99162e-09	-0.138775
1.99175e-09	-0.139099
1.99187e-09	-0.139421
1.992e-09	-0.139742
1.99213e-09	-0.140062
1.99226e-09	-0.140382
1.99239e-09	-0.1407
1.99252e-09	-0.141017
1.99265e-09	-0.141333
1.99277e-09	-0.141648
1.9929e-09	-0.141962
1.99303e-09	-0.142276
1.99316e-09	-0.142588
1.99329e-09	-0.142899
1.99342e-09	-0.143209
1.99354e-09	-0.143518
1.99367e-09	-0.143826
1.9938e-09	-0.144133
1.99393e-09	-0.14444
1.99406e-09	-0.144745
1.99419e-09	-0.145049
1.99431e-09	-0.145352
1.99444e-09	-0.145654
1.99457e-09	-0.145955
1.9947e-09	-0.146255
1.99483e-09	-0.146554
1.99496e-09	-0.146852
1.99508e-09	-0.147149
1.99521e-09	-0.147445
1.99534e-09	-0.14774
1.99547e-09	-0.148035
1.9956e-09	-0.148328
1.99573e-09	-0.14862
1.99586e-09	-0.148911
1.99598e-09	-0.149201
1.99611e-09	-0.14949
1.99624e-09	-0.149778
1.99637e-09	-0.150065
1.9965e-09	-0.15035
1.99663e-09	-0.150635
1.99675e-09	-0.150919
1.99688e-09	-0.151202
1.99701e-09	-0.151484
1.99714e-09	-0.151765
1.99727e-09	-0.152045
1.9974e-09	-0.152324
1.99752e-09	-0.152602
1.99765e-09	-0.152879
1.99778e-09	-0.153155
1.99791e-09	-0.153429
1.99804e-09	-0.153703
1.99817e-09	-0.153976
1.9983e-09	-0.154248
1.99842e-09	-0.154519
1.99855e-09	-0.154789
1.99868e-09	-0.155057
1.99881e-09	-0.155325
1.99894e-09	-0.155592
1.99907e-09	-0.155858
1.99919e-09	-0.156123
1.99932e-09	-0.156386
1.99945e-09	-0.156649
1.99958e-09	-0.156911
1.99971e-09	-0.157172
1.99984e-09	-0.157431
1.99996e-09	-0.15769
2.00009e-09	-0.157948
2.00022e-09	-0.158204
2.00035e-09	-0.15846
2.00048e-09	-0.158715
2.00061e-09	-0.158968
2.00074e-09	-0.159221
2.00086e-09	-0.159473
2.00099e-09	-0.159723
2.00112e-09	-0.159973
2.00125e-09	-0.160222
2.00138e-09	-0.160469
2.00151e-09	-0.160716
2.00163e-09	-0.160961
2.00176e-09	-0.161206
2.00189e-09	-0.16145
2.00202e-09	-0.161692
2.00215e-09	-0.161934
2.00228e-09	-0.162174
2.0024e-09	-0.162414
2.00253e-09	-0.162653
2.00266e-09	-0.16289
2.00279e-09	-0.163127
2.00292e-09	-0.163362
2.00305e-09	-0.163597
2.00317e-09	-0.16383
2.0033e-09	-0.164063
2.00343e-09	-0.164294
2.00356e-09	-0.164525
2.00369e-09	-0.164754
2.00382e-09	-0.164983
2.00395e-09	-0.16521
2.00407e-09	-0.165437
2.0042e-09	-0.165662
2.00433e-09	-0.165887
2.00446e-09	-0.16611
2.00459e-09	-0.166333
2.00472e-09	-0.166554
2.00484e-09	-0.166775
2.00497e-09	-0.166994
2.0051e-09	-0.167213
2.00523e-09	-0.16743
2.00536e-09	-0.167647
2.00549e-09	-0.167862
2.00561e-09	-0.168076
2.00574e-09	-0.16829
2.00587e-09	-0.168502
2.006e-09	-0.168714
2.00613e-09	-0.168924
2.00626e-09	-0.169134
2.00639e-09	-0.169342
2.00651e-09	-0.16955
2.00664e-09	-0.169756
2.00677e-09	-0.169962
2.0069e-09	-0.170166
2.00703e-09	-0.17037
2.00716e-09	-0.170572
2.00728e-09	-0.170773
2.00741e-09	-0.170974
2.00754e-09	-0.171173
2.00767e-09	-0.171372
2.0078e-09	-0.171569
2.00793e-09	-0.171766
2.00805e-09	-0.171961
2.00818e-09	-0.172156
2.00831e-09	-0.172349
2.00844e-09	-0.172542
2.00857e-09	-0.172733
2.0087e-09	-0.172924
2.00883e-09	-0.173113
2.00895e-09	-0.173302
2.00908e-09	-0.17349
2.00921e-09	-0.173676
2.00934e-09	-0.173862
2.00947e-09	-0.174046
2.0096e-09	-0.17423
2.00972e-09	-0.174412
2.00985e-09	-0.174594
2.00998e-09	-0.174775
2.01011e-09	-0.174954
2.01024e-09	-0.175133
2.01037e-09	-0.175311
2.01049e-09	-0.175487
2.01062e-09	-0.175663
2.01075e-09	-0.175838
2.01088e-09	-0.176011
2.01101e-09	-0.176184
2.01114e-09	-0.176356
2.01126e-09	-0.176526
2.01139e-09	-0.176696
2.01152e-09	-0.176865
2.01165e-09	-0.177033
2.01178e-09	-0.1772
2.01191e-09	-0.177365
2.01204e-09	-0.17753
2.01216e-09	-0.177694
2.01229e-09	-0.177857
2.01242e-09	-0.178019
2.01255e-09	-0.17818
2.01268e-09	-0.17834
2.01281e-09	-0.178499
2.01293e-09	-0.178657
2.01306e-09	-0.178814
2.01319e-09	-0.17897
2.01332e-09	-0.179125
2.01345e-09	-0.179279
2.01358e-09	-0.179432
2.0137e-09	-0.179584
2.01383e-09	-0.179735
2.01396e-09	-0.179885
2.01409e-09	-0.180035
2.01422e-09	-0.180183
2.01435e-09	-0.18033
2.01448e-09	-0.180476
2.0146e-09	-0.180622
2.01473e-09	-0.180766
2.01486e-09	-0.180909
2.01499e-09	-0.181052
2.01512e-09	-0.181193
2.01525e-09	-0.181334
2.01537e-09	-0.181473
2.0155e-09	-0.181612
2.01563e-09	-0.181749
2.01576e-09	-0.181886
2.01589e-09	-0.182021
2.01602e-09	-0.182156
2.01614e-09	-0.18229
2.01627e-09	-0.182422
2.0164e-09	-0.182554
2.01653e-09	-0.182685
2.01666e-09	-0.182815
2.01679e-09	-0.182944
2.01692e-09	-0.183072
2.01704e-09	-0.183199
2.01717e-09	-0.183325
2.0173e-09	-0.18345
2.01743e-09	-0.183574
2.01756e-09	-0.183697
2.01769e-09	-0.183819
2.01781e-09	-0.18394
2.01794e-09	-0.18406
2.01807e-09	-0.18418
2.0182e-09	-0.184298
2.01833e-09	-0.184415
2.01846e-09	-0.184532
2.01858e-09	-0.184647
2.01871e-09	-0.184762
2.01884e-09	-0.184875
2.01897e-09	-0.184988
2.0191e-09	-0.1851
2.01923e-09	-0.18521
2.01935e-09	-0.18532
2.01948e-09	-0.185429
2.01961e-09	-0.185537
2.01974e-09	-0.185644
2.01987e-09	-0.18575
2.02e-09	-0.185855
2.02013e-09	-0.185959
2.02025e-09	-0.186062
2.02038e-09	-0.186165
2.02051e-09	-0.186266
2.02064e-09	-0.186366
2.02077e-09	-0.186466
2.0209e-09	-0.186564
2.02102e-09	-0.186662
2.02115e-09	-0.186758
2.02128e-09	-0.186854
2.02141e-09	-0.186949
2.02154e-09	-0.187042
2.02167e-09	-0.187135
2.02179e-09	-0.187227
2.02192e-09	-0.187318
2.02205e-09	-0.187408
2.02218e-09	-0.187497
2.02231e-09	-0.187585
2.02244e-09	-0.187673
2.02257e-09	-0.187759
2.02269e-09	-0.187844
2.02282e-09	-0.187929
2.02295e-09	-0.188012
2.02308e-09	-0.188095
2.02321e-09	-0.188177
2.02334e-09	-0.188257
2.02346e-09	-0.188337
2.02359e-09	-0.188416
2.02372e-09	-0.188494
2.02385e-09	-0.188571
2.02398e-09	-0.188647
2.02411e-09	-0.188723
2.02423e-09	-0.188797
2.02436e-09	-0.18887
2.02449e-09	-0.188943
2.02462e-09	-0.189015
2.02475e-09	-0.189085
2.02488e-09	-0.189155
2.02501e-09	-0.189224
2.02513e-09	-0.189292
2.02526e-09	-0.189359
2.02539e-09	-0.189425
2.02552e-09	-0.18949
2.02565e-09	-0.189554
2.02578e-09	-0.189618
2.0259e-09	-0.18968
2.02603e-09	-0.189742
2.02616e-09	-0.189802
2.02629e-09	-0.189862
2.02642e-09	-0.189921
2.02655e-09	-0.189979
2.02667e-09	-0.190036
2.0268e-09	-0.190092
2.02693e-09	-0.190147
2.02706e-09	-0.190201
2.02719e-09	-0.190255
2.02732e-09	-0.190307
2.02744e-09	-0.190359
2.02757e-09	-0.19041
2.0277e-09	-0.19046
2.02783e-09	-0.190509
2.02796e-09	-0.190557
2.02809e-09	-0.190604
2.02822e-09	-0.19065
2.02834e-09	-0.190696
2.02847e-09	-0.19074
2.0286e-09	-0.190784
2.02873e-09	-0.190826
2.02886e-09	-0.190868
2.02899e-09	-0.190909
2.02911e-09	-0.190949
2.02924e-09	-0.190988
2.02937e-09	-0.191027
2.0295e-09	-0.191064
2.02963e-09	-0.191101
2.02976e-09	-0.191136
2.02988e-09	-0.191171
2.03001e-09	-0.191205
2.03014e-09	-0.191238
2.03027e-09	-0.19127
2.0304e-09	-0.191302
2.03053e-09	-0.191332
2.03066e-09	-0.191362
2.03078e-09	-0.19139
2.03091e-09	-0.191418
2.03104e-09	-0.191445
2.03117e-09	-0.191471
2.0313e-09	-0.191496
2.03143e-09	-0.19152
2.03155e-09	-0.191544
2.03168e-09	-0.191567
2.03181e-09	-0.191588
2.03194e-09	-0.191609
2.03207e-09	-0.191629
2.0322e-09	-0.191648
2.03232e-09	-0.191667
2.03245e-09	-0.191684
2.03258e-09	-0.191701
2.03271e-09	-0.191716
2.03284e-09	-0.191731
2.03297e-09	-0.191745
2.0331e-09	-0.191758
2.03322e-09	-0.191771
2.03335e-09	-0.191782
2.03348e-09	-0.191793
2.03361e-09	-0.191802
2.03374e-09	-0.191811
2.03387e-09	-0.191819
2.03399e-09	-0.191827
2.03412e-09	-0.191833
2.03425e-09	-0.191839
2.03438e-09	-0.191843
2.03451e-09	-0.191847
2.03464e-09	-0.19185
2.03476e-09	-0.191852
2.03489e-09	-0.191854
2.03502e-09	-0.191854
2.03515e-09	-0.191854
2.03528e-09	-0.191853
2.03541e-09	-0.191851
2.03553e-09	-0.191848
2.03566e-09	-0.191844
2.03579e-09	-0.19184
2.03592e-09	-0.191834
2.03605e-09	-0.191828
2.03618e-09	-0.191821
2.03631e-09	-0.191813
2.03643e-09	-0.191805
2.03656e-09	-0.191795
2.03669e-09	-0.191785
2.03682e-09	-0.191774
2.03695e-09	-0.191762
2.03708e-09	-0.191749
2.0372e-09	-0.191735
2.03733e-09	-0.191721
2.03746e-09	-0.191706
2.03759e-09	-0.19169
2.03772e-09	-0.191673
2.03785e-09	-0.191655
2.03797e-09	-0.191637
2.0381e-09	-0.191618
2.03823e-09	-0.191598
2.03836e-09	-0.191577
2.03849e-09	-0.191555
2.03862e-09	-0.191533
2.03875e-09	-0.191509
2.03887e-09	-0.191485
2.039e-09	-0.19146
2.03913e-09	-0.191435
2.03926e-09	-0.191408
2.03939e-09	-0.191381
2.03952e-09	-0.191353
2.03964e-09	-0.191324
2.03977e-09	-0.191294
2.0399e-09	-0.191264
2.04003e-09	-0.191233
2.04016e-09	-0.1912
2.04029e-09	-0.191168
2.04041e-09	-0.191134
2.04054e-09	-0.1911
2.04067e-09	-0.191064
2.0408e-09	-0.191028
2.04093e-09	-0.190992
2.04106e-09	-0.190954
2.04119e-09	-0.190916
2.04131e-09	-0.190877
2.04144e-09	-0.190837
2.04157e-09	-0.190796
2.0417e-09	-0.190755
2.04183e-09	-0.190712
2.04196e-09	-0.190669
2.04208e-09	-0.190626
2.04221e-09	-0.190581
2.04234e-09	-0.190536
2.04247e-09	-0.19049
2.0426e-09	-0.190443
2.04273e-09	-0.190395
2.04285e-09	-0.190347
2.04298e-09	-0.190298
2.04311e-09	-0.190248
2.04324e-09	-0.190197
2.04337e-09	-0.190146
2.0435e-09	-0.190093
2.04362e-09	-0.19004
2.04375e-09	-0.189987
2.04388e-09	-0.189932
2.04401e-09	-0.189877
2.04414e-09	-0.189821
2.04427e-09	-0.189764
2.0444e-09	-0.189707
2.04452e-09	-0.189649
2.04465e-09	-0.18959
2.04478e-09	-0.18953
2.04491e-09	-0.189469
2.04504e-09	-0.189408
2.04517e-09	-0.189346
2.04529e-09	-0.189284
2.04542e-09	-0.18922
2.04555e-09	-0.189156
2.04568e-09	-0.189091
2.04581e-09	-0.189025
2.04594e-09	-0.188959
2.04606e-09	-0.188892
2.04619e-09	-0.188824
2.04632e-09	-0.188756
2.04645e-09	-0.188686
2.04658e-09	-0.188616
2.04671e-09	-0.188545
2.04684e-09	-0.188474
2.04696e-09	-0.188402
2.04709e-09	-0.188329
2.04722e-09	-0.188255
2.04735e-09	-0.188181
2.04748e-09	-0.188106
2.04761e-09	-0.18803
2.04773e-09	-0.187953
2.04786e-09	-0.187876
2.04799e-09	-0.187798
2.04812e-09	-0.187719
2.04825e-09	-0.18764
2.04838e-09	-0.18756
2.0485e-09	-0.187479
2.04863e-09	-0.187398
2.04876e-09	-0.187315
2.04889e-09	-0.187232
2.04902e-09	-0.187149
2.04915e-09	-0.187064
2.04928e-09	-0.186979
2.0494e-09	-0.186894
2.04953e-09	-0.186807
2.04966e-09	-0.18672
2.04979e-09	-0.186632
2.04992e-09	-0.186544
2.05005e-09	-0.186455
2.05017e-09	-0.186365
2.0503e-09	-0.186274
2.05043e-09	-0.186183
2.05056e-09	-0.186091
2.05069e-09	-0.185998
2.05082e-09	-0.185905
2.05094e-09	-0.185811
2.05107e-09	-0.185716
2.0512e-09	-0.185621
2.05133e-09	-0.185525
2.05146e-09	-0.185428
2.05159e-09	-0.18533
2.05171e-09	-0.185232
2.05184e-09	-0.185133
2.05197e-09	-0.185034
2.0521e-09	-0.184934
2.05223e-09	-0.184833
2.05236e-09	-0.184732
2.05249e-09	-0.18463
2.05261e-09	-0.184527
2.05274e-09	-0.184423
2.05287e-09	-0.184319
2.053e-09	-0.184214
2.05313e-09	-0.184109
2.05326e-09	-0.184003
2.05338e-09	-0.183896
2.05351e-09	-0.183789
2.05364e-09	-0.183681
2.05377e-09	-0.183572
2.0539e-09	-0.183462
2.05403e-09	-0.183352
2.05415e-09	-0.183242
2.05428e-09	-0.18313
2.05441e-09	-0.183018
2.05454e-09	-0.182906
2.05467e-09	-0.182793
2.0548e-09	-0.182679
2.05493e-09	-0.182564
2.05505e-09	-0.182449
2.05518e-09	-0.182333
2.05531e-09	-0.182217
2.05544e-09	-0.1821
2.05557e-09	-0.181982
2.0557e-09	-0.181863
2.05582e-09	-0.181744
2.05595e-09	-0.181625
2.05608e-09	-0.181505
2.05621e-09	-0.181384
2.05634e-09	-0.181262
2.05647e-09	-0.18114
2.05659e-09	-0.181017
2.05672e-09	-0.180894
2.05685e-09	-0.18077
2.05698e-09	-0.180645
2.05711e-09	-0.18052
2.05724e-09	-0.180394
2.05737e-09	-0.180268
2.05749e-09	-0.180141
2.05762e-09	-0.180013
2.05775e-09	-0.179885
2.05788e-09	-0.179756
2.05801e-09	-0.179626
2.05814e-09	-0.179496
2.05826e-09	-0.179366
2.05839e-09	-0.179234
2.05852e-09	-0.179102
2.05865e-09	-0.17897
2.05878e-09	-0.178837
2.05891e-09	-0.178703
2.05903e-09	-0.178569
2.05916e-09	-0.178434
2.05929e-09	-0.178298
2.05942e-09	-0.178162
2.05955e-09	-0.178025
2.05968e-09	-0.177888
2.0598e-09	-0.17775
2.05993e-09	-0.177612
2.06006e-09	-0.177473
2.06019e-09	-0.177333
2.06032e-09	-0.177193
2.06045e-09	-0.177052
2.06058e-09	-0.176911
2.0607e-09	-0.176769
2.06083e-09	-0.176626
2.06096e-09	-0.176483
2.06109e-09	-0.17634
2.06122e-09	-0.176195
2.06135e-09	-0.176051
2.06147e-09	-0.175905
2.0616e-09	-0.175759
2.06173e-09	-0.175613
2.06186e-09	-0.175466
2.06199e-09	-0.175318
2.06212e-09	-0.17517
2.06224e-09	-0.175021
2.06237e-09	-0.174872
2.0625e-09	-0.174722
2.06263e-09	-0.174572
2.06276e-09	-0.174421
2.06289e-09	-0.174269
2.06302e-09	-0.174117
2.06314e-09	-0.173965
2.06327e-09	-0.173811
2.0634e-09	-0.173658
2.06353e-09	-0.173503
2.06366e-09	-0.173349
2.06379e-09	-0.173193
2.06391e-09	-0.173037
2.06404e-09	-0.172881
2.06417e-09	-0.172724
2.0643e-09	-0.172566
2.06443e-09	-0.172408
2.06456e-09	-0.17225
2.06468e-09	-0.172091
2.06481e-09	-0.171931
2.06494e-09	-0.171771
2.06507e-09	-0.17161
2.0652e-09	-0.171449
2.06533e-09	-0.171287
2.06546e-09	-0.171125
2.06558e-09	-0.170962
2.06571e-09	-0.170799
2.06584e-09	-0.170635
2.06597e-09	-0.170471
2.0661e-09	-0.170306
2.06623e-09	-0.170141
2.06635e-09	-0.169975
2.06648e-09	-0.169808
2.06661e-09	-0.169641
2.06674e-09	-0.169474
2.06687e-09	-0.169306
2.067e-09	-0.169138
2.06712e-09	-0.168969
2.06725e-09	-0.168799
2.06738e-09	-0.168629
2.06751e-09	-0.168459
2.06764e-09	-0.168288
2.06777e-09	-0.168117
2.06789e-09	-0.167945
2.06802e-09	-0.167772
2.06815e-09	-0.167599
2.06828e-09	-0.167426
2.06841e-09	-0.167252
2.06854e-09	-0.167078
2.06867e-09	-0.166903
2.06879e-09	-0.166728
2.06892e-09	-0.166552
2.06905e-09	-0.166375
2.06918e-09	-0.166199
2.06931e-09	-0.166021
2.06944e-09	-0.165844
2.06956e-09	-0.165665
2.06969e-09	-0.165487
2.06982e-09	-0.165307
2.06995e-09	-0.165128
2.07008e-09	-0.164948
2.07021e-09	-0.164767
2.07033e-09	-0.164586
2.07046e-09	-0.164405
2.07059e-09	-0.164223
2.07072e-09	-0.16404
2.07085e-09	-0.163857
2.07098e-09	-0.163674
2.07111e-09	-0.16349
2.07123e-09	-0.163306
2.07136e-09	-0.163121
2.07149e-09	-0.162936
2.07162e-09	-0.16275
2.07175e-09	-0.162564
2.07188e-09	-0.162378
2.072e-09	-0.162191
2.07213e-09	-0.162003
2.07226e-09	-0.161815
2.07239e-09	-0.161627
2.07252e-09	-0.161438
2.07265e-09	-0.161249
2.07277e-09	-0.16106
2.0729e-09	-0.160869
2.07303e-09	-0.160679
2.07316e-09	-0.160488
2.07329e-09	-0.160297
2.07342e-09	-0.160105
2.07355e-09	-0.159913
2.07367e-09	-0.15972
2.0738e-09	-0.159527
2.07393e-09	-0.159333
2.07406e-09	-0.159139
2.07419e-09	-0.158945
2.07432e-09	-0.15875
2.07444e-09	-0.158555
2.07457e-09	-0.158359
2.0747e-09	-0.158163
2.07483e-09	-0.157967
2.07496e-09	-0.15777
2.07509e-09	-0.157573
2.07521e-09	-0.157375
2.07534e-09	-0.157177
2.07547e-09	-0.156979
2.0756e-09	-0.15678
2.07573e-09	-0.15658
2.07586e-09	-0.156381
2.07598e-09	-0.156181
2.07611e-09	-0.15598
2.07624e-09	-0.155779
2.07637e-09	-0.155578
2.0765e-09	-0.155376
2.07663e-09	-0.155174
2.07676e-09	-0.154972
2.07688e-09	-0.154769
2.07701e-09	-0.154565
2.07714e-09	-0.154362
2.07727e-09	-0.154158
2.0774e-09	-0.153953
2.07753e-09	-0.153748
2.07765e-09	-0.153543
2.07778e-09	-0.153338
2.07791e-09	-0.153132
2.07804e-09	-0.152925
2.07817e-09	-0.152719
2.0783e-09	-0.152512
2.07842e-09	-0.152304
2.07855e-09	-0.152096
2.07868e-09	-0.151888
2.07881e-09	-0.15168
2.07894e-09	-0.151471
2.07907e-09	-0.151261
2.0792e-09	-0.151052
2.07932e-09	-0.150842
2.07945e-09	-0.150631
2.07958e-09	-0.15042
2.07971e-09	-0.150209
2.07984e-09	-0.149998
2.07997e-09	-0.149786
2.08009e-09	-0.149574
2.08022e-09	-0.149361
2.08035e-09	-0.149149
2.08048e-09	-0.148935
2.08061e-09	-0.148722
2.08074e-09	-0.148508
2.08086e-09	-0.148294
2.08099e-09	-0.148079
2.08112e-09	-0.147864
2.08125e-09	-0.147649
2.08138e-09	-0.147433
2.08151e-09	-0.147217
2.08164e-09	-0.147001
2.08176e-09	-0.146784
2.08189e-09	-0.146567
2.08202e-09	-0.14635
2.08215e-09	-0.146132
2.08228e-09	-0.145914
2.08241e-09	-0.145696
2.08253e-09	-0.145477
2.08266e-09	-0.145259
2.08279e-09	-0.145039
2.08292e-09	-0.14482
2.08305e-09	-0.1446
2.08318e-09	-0.14438
2.0833e-09	-0.144159
2.08343e-09	-0.143938
2.08356e-09	-0.143717
2.08369e-09	-0.143496
2.08382e-09	-0.143274
2.08395e-09	-0.143052
2.08407e-09	-0.142829
2.0842e-09	-0.142607
2.08433e-09	-0.142384
2.08446e-09	-0.14216
2.08459e-09	-0.141937
2.08472e-09	-0.141713
2.08485e-09	-0.141488
2.08497e-09	-0.141264
2.0851e-09	-0.141039
2.08523e-09	-0.140814
2.08536e-09	-0.140589
2.08549e-09	-0.140363
2.08562e-09	-0.140137
2.08574e-09	-0.139911
2.08587e-09	-0.139684
2.086e-09	-0.139457
2.08613e-09	-0.13923
2.08626e-09	-0.139003
2.08639e-09	-0.138775
2.08651e-09	-0.138547
2.08664e-09	-0.138319
2.08677e-09	-0.13809
2.0869e-09	-0.137862
2.08703e-09	-0.137632
2.08716e-09	-0.137403
2.08729e-09	-0.137173
2.08741e-09	-0.136944
2.08754e-09	-0.136713
2.08767e-09	-0.136483
2.0878e-09	-0.136252
2.08793e-09	-0.136021
2.08806e-09	-0.13579
2.08818e-09	-0.135559
2.08831e-09	-0.135327
2.08844e-09	-0.135095
2.08857e-09	-0.134863
2.0887e-09	-0.13463
2.08883e-09	-0.134397
2.08895e-09	-0.134164
2.08908e-09	-0.133931
2.08921e-09	-0.133698
2.08934e-09	-0.133464
2.08947e-09	-0.13323
2.0896e-09	-0.132996
2.08973e-09	-0.132761
2.08985e-09	-0.132526
2.08998e-09	-0.132291
2.09011e-09	-0.132056
2.09024e-09	-0.131821
2.09037e-09	-0.131585
2.0905e-09	-0.131349
2.09062e-09	-0.131113
2.09075e-09	-0.130876
2.09088e-09	-0.13064
2.09101e-09	-0.130403
2.09114e-09	-0.130166
2.09127e-09	-0.129928
2.09139e-09	-0.129691
2.09152e-09	-0.129453
2.09165e-09	-0.129215
2.09178e-09	-0.128977
2.09191e-09	-0.128739
2.09204e-09	-0.1285
2.09216e-09	-0.128261
2.09229e-09	-0.128022
2.09242e-09	-0.127783
2.09255e-09	-0.127543
2.09268e-09	-0.127303
2.09281e-09	-0.127064
2.09294e-09	-0.126823
2.09306e-09	-0.126583
2.09319e-09	-0.126343
2.09332e-09	-0.126102
2.09345e-09	-0.125861
2.09358e-09	-0.12562
2.09371e-09	-0.125378
2.09383e-09	-0.125137
2.09396e-09	-0.124895
2.09409e-09	-0.124653
2.09422e-09	-0.124411
2.09435e-09	-0.124169
2.09448e-09	-0.123926
2.0946e-09	-0.123683
2.09473e-09	-0.123441
2.09486e-09	-0.123197
2.09499e-09	-0.122954
2.09512e-09	-0.122711
2.09525e-09	-0.122467
2.09538e-09	-0.122223
2.0955e-09	-0.121979
2.09563e-09	-0.121735
2.09576e-09	-0.121491
2.09589e-09	-0.121246
2.09602e-09	-0.121002
2.09615e-09	-0.120757
2.09627e-09	-0.120512
2.0964e-09	-0.120266
2.09653e-09	-0.120021
2.09666e-09	-0.119776
2.09679e-09	-0.11953
2.09692e-09	-0.119284
2.09704e-09	-0.119038
2.09717e-09	-0.118792
2.0973e-09	-0.118545
2.09743e-09	-0.118299
2.09756e-09	-0.118052
2.09769e-09	-0.117805
2.09782e-09	-0.117558
2.09794e-09	-0.117311
2.09807e-09	-0.117064
2.0982e-09	-0.116816
2.09833e-09	-0.116569
2.09846e-09	-0.116321
2.09859e-09	-0.116073
2.09871e-09	-0.115825
2.09884e-09	-0.115577
2.09897e-09	-0.115329
2.0991e-09	-0.11508
2.09923e-09	-0.114832
2.09936e-09	-0.114583
2.09948e-09	-0.114334
2.09961e-09	-0.114085
2.09974e-09	-0.113836
2.09987e-09	-0.113586
2.1e-09	-0.113337
2.10013e-09	-0.113087
2.10025e-09	-0.112838
2.10038e-09	-0.112588
2.10051e-09	-0.112338
2.10064e-09	-0.112088
2.10077e-09	-0.111838
2.1009e-09	-0.111588
2.10103e-09	-0.111337
2.10115e-09	-0.111087
2.10128e-09	-0.110836
2.10141e-09	-0.110585
2.10154e-09	-0.110334
2.10167e-09	-0.110083
2.1018e-09	-0.109832
2.10192e-09	-0.109581
2.10205e-09	-0.10933
2.10218e-09	-0.109078
2.10231e-09	-0.108827
2.10244e-09	-0.108575
2.10257e-09	-0.108323
2.10269e-09	-0.108071
2.10282e-09	-0.107819
2.10295e-09	-0.107567
2.10308e-09	-0.107315
2.10321e-09	-0.107063
2.10334e-09	-0.10681
2.10347e-09	-0.106558
2.10359e-09	-0.106305
2.10372e-09	-0.106053
2.10385e-09	-0.1058
2.10398e-09	-0.105547
2.10411e-09	-0.105294
2.10424e-09	-0.105041
2.10436e-09	-0.104788
2.10449e-09	-0.104535
2.10462e-09	-0.104282
2.10475e-09	-0.104028
2.10488e-09	-0.103775
2.10501e-09	-0.103522
2.10513e-09	-0.103268
2.10526e-09	-0.103014
2.10539e-09	-0.102761
2.10552e-09	-0.102507
2.10565e-09	-0.102253
2.10578e-09	-0.101999
2.10591e-09	-0.101745
2.10603e-09	-0.101491
2.10616e-09	-0.101237
2.10629e-09	-0.100982
2.10642e-09	-0.100728
2.10655e-09	-0.100474
2.10668e-09	-0.100219
2.1068e-09	-0.0999649
2.10693e-09	-0.0997103
2.10706e-09	-0.0994558
2.10719e-09	-0.0992011
2.10732e-09	-0.0989464
2.10745e-09	-0.0986916
2.10757e-09	-0.0984368
2.1077e-09	-0.0981819
2.10783e-09	-0.097927
2.10796e-09	-0.097672
2.10809e-09	-0.097417
2.10822e-09	-0.0971619
2.10834e-09	-0.0969068
2.10847e-09	-0.0966516
2.1086e-09	-0.0963964
2.10873e-09	-0.0961412
2.10886e-09	-0.0958859
2.10899e-09	-0.0956305
2.10912e-09	-0.0953752
2.10924e-09	-0.0951198
2.10937e-09	-0.0948643
2.1095e-09	-0.0946088
2.10963e-09	-0.0943533
2.10976e-09	-0.0940978
2.10989e-09	-0.0938422
2.11001e-09	-0.0935866
2.11014e-09	-0.093331
2.11027e-09	-0.0930753
2.1104e-09	-0.0928196
2.11053e-09	-0.0925639
2.11066e-09	-0.0923082
2.11078e-09	-0.0920524
2.11091e-09	-0.0917966
2.11104e-09	-0.0915408
2.11117e-09	-0.091285
2.1113e-09	-0.0910292
2.11143e-09	-0.0907733
2.11156e-09	-0.0905174
2.11168e-09	-0.0902615
2.11181e-09	-0.0900057
2.11194e-09	-0.0897497
2.11207e-09	-0.0894938
2.1122e-09	-0.0892379
2.11233e-09	-0.088982
2.11245e-09	-0.088726
2.11258e-09	-0.0884701
2.11271e-09	-0.0882141
2.11284e-09	-0.0879582
2.11297e-09	-0.0877022
2.1131e-09	-0.0874463
2.11322e-09	-0.0871903
2.11335e-09	-0.0869343
2.11348e-09	-0.0866784
2.11361e-09	-0.0864224
2.11374e-09	-0.0861665
2.11387e-09	-0.0859106
2.114e-09	-0.0856546
2.11412e-09	-0.0853987
2.11425e-09	-0.0851428
2.11438e-09	-0.0848869
2.11451e-09	-0.084631
2.11464e-09	-0.0843752
2.11477e-09	-0.0841193
2.11489e-09	-0.0838635
2.11502e-09	-0.0836076
2.11515e-09	-0.0833518
2.11528e-09	-0.083096
2.11541e-09	-0.0828403
2.11554e-09	-0.0825845
2.11566e-09	-0.0823288
2.11579e-09	-0.0820731
2.11592e-09	-0.0818175
2.11605e-09	-0.0815618
2.11618e-09	-0.0813062
2.11631e-09	-0.0810506
2.11643e-09	-0.0807951
2.11656e-09	-0.0805395
2.11669e-09	-0.080284
2.11682e-09	-0.0800286
2.11695e-09	-0.0797732
2.11708e-09	-0.0795178
2.11721e-09	-0.0792624
2.11733e-09	-0.0790071
2.11746e-09	-0.0787518
2.11759e-09	-0.0784966
2.11772e-09	-0.0782414
2.11785e-09	-0.0779862
2.11798e-09	-0.0777311
2.1181e-09	-0.0774761
2.11823e-09	-0.0772211
2.11836e-09	-0.0769661
2.11849e-09	-0.0767112
2.11862e-09	-0.0764563
2.11875e-09	-0.0762015
2.11887e-09	-0.0759467
2.119e-09	-0.075692
2.11913e-09	-0.0754374
2.11926e-09	-0.0751827
2.11939e-09	-0.0749282
2.11952e-09	-0.0746737
2.11965e-09	-0.0744193
2.11977e-09	-0.0741649
2.1199e-09	-0.0739106
2.12003e-09	-0.0736563
2.12016e-09	-0.0734021
2.12029e-09	-0.073148
2.12042e-09	-0.072894
2.12054e-09	-0.07264
2.12067e-09	-0.072386
2.1208e-09	-0.0721322
2.12093e-09	-0.0718784
2.12106e-09	-0.0716247
2.12119e-09	-0.071371
2.12131e-09	-0.0711174
2.12144e-09	-0.0708639
2.12157e-09	-0.0706105
2.1217e-09	-0.0703572
2.12183e-09	-0.0701039
2.12196e-09	-0.0698507
2.12209e-09	-0.0695976
2.12221e-09	-0.0693446
2.12234e-09	-0.0690916
2.12247e-09	-0.0688387
2.1226e-09	-0.0685859
2.12273e-09	-0.0683332
2.12286e-09	-0.0680806
2.12298e-09	-0.0678281
2.12311e-09	-0.0675756
2.12324e-09	-0.0673233
2.12337e-09	-0.067071
2.1235e-09	-0.0668188
2.12363e-09	-0.0665668
2.12375e-09	-0.0663148
2.12388e-09	-0.0660629
2.12401e-09	-0.0658111
2.12414e-09	-0.0655594
2.12427e-09	-0.0653078
2.1244e-09	-0.0650562
2.12452e-09	-0.0648048
2.12465e-09	-0.0645535
2.12478e-09	-0.0643023
2.12491e-09	-0.0640512
2.12504e-09	-0.0638002
2.12517e-09	-0.0635493
2.1253e-09	-0.0632985
2.12542e-09	-0.0630478
2.12555e-09	-0.0627972
2.12568e-09	-0.0625468
2.12581e-09	-0.0622964
2.12594e-09	-0.0620462
2.12607e-09	-0.061796
2.12619e-09	-0.061546
2.12632e-09	-0.0612961
2.12645e-09	-0.0610463
2.12658e-09	-0.0607966
2.12671e-09	-0.060547
2.12684e-09	-0.0602976
2.12696e-09	-0.0600482
2.12709e-09	-0.059799
2.12722e-09	-0.0595499
2.12735e-09	-0.059301
2.12748e-09	-0.0590521
2.12761e-09	-0.0588034
2.12774e-09	-0.0585548
2.12786e-09	-0.0583063
2.12799e-09	-0.058058
2.12812e-09	-0.0578098
2.12825e-09	-0.0575617
2.12838e-09	-0.0573137
2.12851e-09	-0.0570659
2.12863e-09	-0.0568182
2.12876e-09	-0.0565706
2.12889e-09	-0.0563232
2.12902e-09	-0.0560759
2.12915e-09	-0.0558287
2.12928e-09	-0.0555817
2.1294e-09	-0.0553348
2.12953e-09	-0.055088
2.12966e-09	-0.0548414
2.12979e-09	-0.0545949
2.12992e-09	-0.0543486
2.13005e-09	-0.0541024
2.13018e-09	-0.0538563
2.1303e-09	-0.0536104
2.13043e-09	-0.0533647
2.13056e-09	-0.053119
2.13069e-09	-0.0528736
2.13082e-09	-0.0526283
2.13095e-09	-0.0523831
2.13107e-09	-0.0521381
2.1312e-09	-0.0518932
2.13133e-09	-0.0516485
2.13146e-09	-0.0514039
2.13159e-09	-0.0511595
2.13172e-09	-0.0509152
2.13184e-09	-0.0506711
2.13197e-09	-0.0504271
2.1321e-09	-0.0501833
2.13223e-09	-0.0499397
2.13236e-09	-0.0496962
2.13249e-09	-0.0494529
2.13261e-09	-0.0492097
2.13274e-09	-0.0489667
2.13287e-09	-0.0487239
2.133e-09	-0.0484812
2.13313e-09	-0.0482387
2.13326e-09	-0.0479964
2.13339e-09	-0.0477542
2.13351e-09	-0.0475122
2.13364e-09	-0.0472703
2.13377e-09	-0.0470286
2.1339e-09	-0.0467871
2.13403e-09	-0.0465458
2.13416e-09	-0.0463046
2.13428e-09	-0.0460636
2.13441e-09	-0.0458228
2.13454e-09	-0.0455821
2.13467e-09	-0.0453417
2.1348e-09	-0.0451014
2.13493e-09	-0.0448612
2.13505e-09	-0.0446213
2.13518e-09	-0.0443815
2.13531e-09	-0.0441419
2.13544e-09	-0.0439025
2.13557e-09	-0.0436633
2.1357e-09	-0.0434243
2.13583e-09	-0.0431854
2.13595e-09	-0.0429467
2.13608e-09	-0.0427082
2.13621e-09	-0.0424699
2.13634e-09	-0.0422318
2.13647e-09	-0.0419938
2.1366e-09	-0.0417561
2.13672e-09	-0.0415185
2.13685e-09	-0.0412811
2.13698e-09	-0.0410439
2.13711e-09	-0.040807
2.13724e-09	-0.0405701
2.13737e-09	-0.0403335
2.13749e-09	-0.0400971
2.13762e-09	-0.0398609
2.13775e-09	-0.0396249
2.13788e-09	-0.039389
2.13801e-09	-0.0391534
2.13814e-09	-0.0389179
2.13827e-09	-0.0386827
2.13839e-09	-0.0384477
2.13852e-09	-0.0382128
2.13865e-09	-0.0379782
2.13878e-09	-0.0377437
2.13891e-09	-0.0375095
2.13904e-09	-0.0372755
2.13916e-09	-0.0370416
2.13929e-09	-0.036808
2.13942e-09	-0.0365746
2.13955e-09	-0.0363413
2.13968e-09	-0.0361083
2.13981e-09	-0.0358755
2.13993e-09	-0.0356429
2.14006e-09	-0.0354105
2.14019e-09	-0.0351784
2.14032e-09	-0.0349464
2.14045e-09	-0.0347147
2.14058e-09	-0.0344831
2.1407e-09	-0.0342518
2.14083e-09	-0.0340207
2.14096e-09	-0.0337898
2.14109e-09	-0.0335591
2.14122e-09	-0.0333286
2.14135e-09	-0.0330984
2.14148e-09	-0.0328683
2.1416e-09	-0.0326385
2.14173e-09	-0.0324089
2.14186e-09	-0.0321795
2.14199e-09	-0.0319504
2.14212e-09	-0.0317214
2.14225e-09	-0.0314927
2.14237e-09	-0.0312642
2.1425e-09	-0.031036
2.14263e-09	-0.0308079
2.14276e-09	-0.0305801
2.14289e-09	-0.0303525
2.14302e-09	-0.0301252
2.14314e-09	-0.029898
2.14327e-09	-0.0296711
2.1434e-09	-0.0294444
2.14353e-09	-0.029218
2.14366e-09	-0.0289918
2.14379e-09	-0.0287658
2.14392e-09	-0.02854
2.14404e-09	-0.0283145
2.14417e-09	-0.0280892
2.1443e-09	-0.0278641
2.14443e-09	-0.0276393
2.14456e-09	-0.0274147
2.14469e-09	-0.0271904
2.14481e-09	-0.0269662
2.14494e-09	-0.0267424
2.14507e-09	-0.0265187
2.1452e-09	-0.0262953
2.14533e-09	-0.0260721
2.14546e-09	-0.0258492
2.14558e-09	-0.0256265
2.14571e-09	-0.0254041
2.14584e-09	-0.0251819
2.14597e-09	-0.0249599
2.1461e-09	-0.0247382
2.14623e-09	-0.0245167
2.14636e-09	-0.0242955
2.14648e-09	-0.0240745
2.14661e-09	-0.0238538
2.14674e-09	-0.0236333
2.14687e-09	-0.0234131
2.147e-09	-0.0231931
2.14713e-09	-0.0229733
2.14725e-09	-0.0227538
2.14738e-09	-0.0225346
2.14751e-09	-0.0223156
2.14764e-09	-0.0220968
2.14777e-09	-0.0218783
2.1479e-09	-0.0216601
2.14802e-09	-0.0214421
2.14815e-09	-0.0212244
2.14828e-09	-0.0210069
2.14841e-09	-0.0207897
2.14854e-09	-0.0205727
2.14867e-09	-0.020356
2.14879e-09	-0.0201396
2.14892e-09	-0.0199234
2.14905e-09	-0.0197074
2.14918e-09	-0.0194917
2.14931e-09	-0.0192763
2.14944e-09	-0.0190612
2.14957e-09	-0.0188463
2.14969e-09	-0.0186316
2.14982e-09	-0.0184173
2.14995e-09	-0.0182031
2.15008e-09	-0.0179893
2.15021e-09	-0.0177757
2.15034e-09	-0.0175624
2.15046e-09	-0.0173493
2.15059e-09	-0.0171365
2.15072e-09	-0.016924
2.15085e-09	-0.0167118
2.15098e-09	-0.0164998
2.15111e-09	-0.016288
2.15123e-09	-0.0160766
2.15136e-09	-0.0158654
2.15149e-09	-0.0156545
2.15162e-09	-0.0154438
2.15175e-09	-0.0152335
2.15188e-09	-0.0150234
2.15201e-09	-0.0148135
2.15213e-09	-0.014604
2.15226e-09	-0.0143947
2.15239e-09	-0.0141857
2.15252e-09	-0.0139769
2.15265e-09	-0.0137685
2.15278e-09	-0.0135603
2.1529e-09	-0.0133524
2.15303e-09	-0.0131447
2.15316e-09	-0.0129374
2.15329e-09	-0.0127303
2.15342e-09	-0.0125235
2.15355e-09	-0.012317
2.15367e-09	-0.0121107
2.1538e-09	-0.0119048
2.15393e-09	-0.0116991
2.15406e-09	-0.0114937
2.15419e-09	-0.0112886
2.15432e-09	-0.0110837
2.15445e-09	-0.0108792
2.15457e-09	-0.0106749
2.1547e-09	-0.0104709
2.15483e-09	-0.0102672
2.15496e-09	-0.0100638
2.15509e-09	-0.00986064
2.15522e-09	-0.00965778
2.15534e-09	-0.00945522
2.15547e-09	-0.00925294
2.1556e-09	-0.00905095
2.15573e-09	-0.00884925
2.15586e-09	-0.00864783
2.15599e-09	-0.0084467
2.15611e-09	-0.00824587
2.15624e-09	-0.00804532
2.15637e-09	-0.00784506
2.1565e-09	-0.00764509
2.15663e-09	-0.00744542
2.15676e-09	-0.00724603
2.15688e-09	-0.00704694
2.15701e-09	-0.00684814
2.15714e-09	-0.00664963
2.15727e-09	-0.00645142
2.1574e-09	-0.0062535
2.15753e-09	-0.00605588
2.15766e-09	-0.00585855
2.15778e-09	-0.00566151
2.15791e-09	-0.00546477
2.15804e-09	-0.00526833
2.15817e-09	-0.00507219
2.1583e-09	-0.00487634
2.15843e-09	-0.00468079
2.15855e-09	-0.00448554
2.15868e-09	-0.00429059
2.15881e-09	-0.00409593
2.15894e-09	-0.00390158
2.15907e-09	-0.00370753
2.1592e-09	-0.00351377
2.15932e-09	-0.00332032
2.15945e-09	-0.00312717
2.15958e-09	-0.00293432
2.15971e-09	-0.00274178
2.15984e-09	-0.00254953
2.15997e-09	-0.00235759
2.1601e-09	-0.00216596
2.16022e-09	-0.00197462
2.16035e-09	-0.0017836
2.16048e-09	-0.00159287
2.16061e-09	-0.00140245
2.16074e-09	-0.00121234
2.16087e-09	-0.00102254
2.16099e-09	-0.000833037
2.16112e-09	-0.000643845
2.16125e-09	-0.00045496
2.16138e-09	-0.000266383
2.16151e-09	-7.81141e-05
2.16164e-09	0.000109846
2.16176e-09	0.000297497
2.16189e-09	0.000484838
2.16202e-09	0.00067187
2.16215e-09	0.000858591
2.16228e-09	0.001045
2.16241e-09	0.0012311
2.16254e-09	0.00141689
2.16266e-09	0.00160237
2.16279e-09	0.00178753
2.16292e-09	0.00197238
2.16305e-09	0.00215692
2.16318e-09	0.00234114
2.16331e-09	0.00252506
2.16343e-09	0.00270865
2.16356e-09	0.00289193
2.16369e-09	0.0030749
2.16382e-09	0.00325755
2.16395e-09	0.00343989
2.16408e-09	0.00362191
2.1642e-09	0.00380362
2.16433e-09	0.003985
2.16446e-09	0.00416607
2.16459e-09	0.00434683
2.16472e-09	0.00452726
2.16485e-09	0.00470738
2.16497e-09	0.00488718
2.1651e-09	0.00506666
2.16523e-09	0.00524582
2.16536e-09	0.00542466
2.16549e-09	0.00560318
2.16562e-09	0.00578138
2.16575e-09	0.00595926
2.16587e-09	0.00613682
2.166e-09	0.00631406
2.16613e-09	0.00649097
2.16626e-09	0.00666757
2.16639e-09	0.00684384
2.16652e-09	0.00701979
2.16664e-09	0.00719541
2.16677e-09	0.00737072
2.1669e-09	0.0075457
2.16703e-09	0.00772035
2.16716e-09	0.00789469
2.16729e-09	0.00806869
2.16741e-09	0.00824238
2.16754e-09	0.00841573
2.16767e-09	0.00858876
2.1678e-09	0.00876147
2.16793e-09	0.00893385
2.16806e-09	0.0091059
2.16819e-09	0.00927763
2.16831e-09	0.00944903
2.16844e-09	0.0096201
2.16857e-09	0.00979085
2.1687e-09	0.00996127
2.16883e-09	0.0101314
2.16896e-09	0.0103011
2.16908e-09	0.0104706
2.16921e-09	0.0106397
2.16934e-09	0.0108084
2.16947e-09	0.0109769
2.1696e-09	0.011145
2.16973e-09	0.0113128
2.16985e-09	0.0114802
2.16998e-09	0.0116474
2.17011e-09	0.0118141
2.17024e-09	0.0119806
2.17037e-09	0.0121467
2.1705e-09	0.0123125
2.17063e-09	0.012478
2.17075e-09	0.0126431
2.17088e-09	0.0128079
2.17101e-09	0.0129724
2.17114e-09	0.0131365
2.17127e-09	0.0133004
2.1714e-09	0.0134638
2.17152e-09	0.013627
2.17165e-09	0.0137898
2.17178e-09	0.0139522
2.17191e-09	0.0141144
2.17204e-09	0.0142762
2.17217e-09	0.0144376
2.17229e-09	0.0145988
2.17242e-09	0.0147596
2.17255e-09	0.01492
2.17268e-09	0.0150801
2.17281e-09	0.0152399
2.17294e-09	0.0153994
2.17306e-09	0.0155585
2.17319e-09	0.0157173
2.17332e-09	0.0158757
2.17345e-09	0.0160338
2.17358e-09	0.0161916
2.17371e-09	0.016349
2.17384e-09	0.0165061
2.17396e-09	0.0166628
2.17409e-09	0.0168193
2.17422e-09	0.0169753
2.17435e-09	0.0171311
2.17448e-09	0.0172865
2.17461e-09	0.0174415
2.17473e-09	0.0175963
2.17486e-09	0.0177506
2.17499e-09	0.0179047
2.17512e-09	0.0180584
2.17525e-09	0.0182117
2.17538e-09	0.0183648
2.1755e-09	0.0185174
2.17563e-09	0.0186698
2.17576e-09	0.0188218
2.17589e-09	0.0189735
2.17602e-09	0.0191248
2.17615e-09	0.0192758
2.17628e-09	0.0194264
2.1764e-09	0.0195767
2.17653e-09	0.0197266
2.17666e-09	0.0198762
2.17679e-09	0.0200255
2.17692e-09	0.0201744
2.17705e-09	0.020323
2.17717e-09	0.0204713
2.1773e-09	0.0206192
2.17743e-09	0.0207667
2.17756e-09	0.0209139
2.17769e-09	0.0210608
2.17782e-09	0.0212073
2.17794e-09	0.0213535
2.17807e-09	0.0214994
2.1782e-09	0.0216449
2.17833e-09	0.02179
2.17846e-09	0.0219348
2.17859e-09	0.0220793
2.17872e-09	0.0222234
2.17884e-09	0.0223672
2.17897e-09	0.0225106
2.1791e-09	0.0226537
2.17923e-09	0.0227965
2.17936e-09	0.0229389
2.17949e-09	0.0230809
2.17961e-09	0.0232226
2.17974e-09	0.023364
2.17987e-09	0.023505
2.18e-09	0.0236457
2.18013e-09	0.023786
2.18026e-09	0.023926
2.18038e-09	0.0240656
2.18051e-09	0.0242049
2.18064e-09	0.0243439
2.18077e-09	0.0244825
2.1809e-09	0.0246207
2.18103e-09	0.0247586
2.18115e-09	0.0248962
2.18128e-09	0.0250334
2.18141e-09	0.0251703
2.18154e-09	0.0253068
2.18167e-09	0.025443
2.1818e-09	0.0255788
2.18193e-09	0.0257143
2.18205e-09	0.0258494
2.18218e-09	0.0259842
2.18231e-09	0.0261186
2.18244e-09	0.0262527
2.18257e-09	0.0263865
2.1827e-09	0.0265199
2.18282e-09	0.0266529
2.18295e-09	0.0267856
2.18308e-09	0.026918
2.18321e-09	0.02705
2.18334e-09	0.0271816
2.18347e-09	0.0273129
2.18359e-09	0.0274439
2.18372e-09	0.0275745
2.18385e-09	0.0277048
2.18398e-09	0.0278347
2.18411e-09	0.0279643
2.18424e-09	0.0280935
2.18437e-09	0.0282224
2.18449e-09	0.0283509
2.18462e-09	0.0284791
2.18475e-09	0.0286069
2.18488e-09	0.0287344
2.18501e-09	0.0288615
2.18514e-09	0.0289883
2.18526e-09	0.0291147
2.18539e-09	0.0292408
2.18552e-09	0.0293666
2.18565e-09	0.029492
2.18578e-09	0.029617
2.18591e-09	0.0297417
2.18603e-09	0.029866
2.18616e-09	0.02999
2.18629e-09	0.0301137
2.18642e-09	0.030237
2.18655e-09	0.0303599
2.18668e-09	0.0304825
2.18681e-09	0.0306048
2.18693e-09	0.0307267
2.18706e-09	0.0308482
2.18719e-09	0.0309695
2.18732e-09	0.0310903
2.18745e-09	0.0312108
2.18758e-09	0.031331
2.1877e-09	0.0314508
2.18783e-09	0.0315703
2.18796e-09	0.0316894
2.18809e-09	0.0318081
2.18822e-09	0.0319265
2.18835e-09	0.0320446
2.18847e-09	0.0321623
2.1886e-09	0.0322797
2.18873e-09	0.0323967
2.18886e-09	0.0325134
2.18899e-09	0.0326297
2.18912e-09	0.0327457
2.18924e-09	0.0328613
2.18937e-09	0.0329766
2.1895e-09	0.0330915
2.18963e-09	0.0332061
2.18976e-09	0.0333203
2.18989e-09	0.0334342
2.19002e-09	0.0335477
2.19014e-09	0.0336609
2.19027e-09	0.0337738
2.1904e-09	0.0338862
2.19053e-09	0.0339984
2.19066e-09	0.0341102
2.19079e-09	0.0342216
2.19091e-09	0.0343327
2.19104e-09	0.0344435
2.19117e-09	0.0345539
2.1913e-09	0.0346639
2.19143e-09	0.0347736
2.19156e-09	0.034883
2.19168e-09	0.034992
2.19181e-09	0.0351006
2.19194e-09	0.0352089
2.19207e-09	0.0353169
2.1922e-09	0.0354245
2.19233e-09	0.0355318
2.19246e-09	0.0356387
2.19258e-09	0.0357452
2.19271e-09	0.0358515
2.19284e-09	0.0359573
2.19297e-09	0.0360629
2.1931e-09	0.036168
2.19323e-09	0.0362729
2.19335e-09	0.0363774
2.19348e-09	0.0364815
2.19361e-09	0.0365853
2.19374e-09	0.0366887
2.19387e-09	0.0367918
2.194e-09	0.0368946
2.19412e-09	0.036997
2.19425e-09	0.037099
2.19438e-09	0.0372007
2.19451e-09	0.0373021
2.19464e-09	0.0374031
2.19477e-09	0.0375038
2.1949e-09	0.0376041
2.19502e-09	0.0377041
2.19515e-09	0.0378037
2.19528e-09	0.037903
2.19541e-09	0.0380019
2.19554e-09	0.0381005
2.19567e-09	0.0381988
2.19579e-09	0.0382967
2.19592e-09	0.0383942
2.19605e-09	0.0384914
2.19618e-09	0.0385883
2.19631e-09	0.0386848
2.19644e-09	0.038781
2.19656e-09	0.0388768
2.19669e-09	0.0389723
2.19682e-09	0.0390674
2.19695e-09	0.0391622
2.19708e-09	0.0392567
2.19721e-09	0.0393508
2.19733e-09	0.0394445
2.19746e-09	0.039538
2.19759e-09	0.039631
2.19772e-09	0.0397238
2.19785e-09	0.0398161
2.19798e-09	0.0399082
2.19811e-09	0.0399999
2.19823e-09	0.0400912
2.19836e-09	0.0401823
2.19849e-09	0.0402729
2.19862e-09	0.0403632
2.19875e-09	0.0404532
2.19888e-09	0.0405429
2.199e-09	0.0406322
2.19913e-09	0.0407211
2.19926e-09	0.0408097
2.19939e-09	0.040898
2.19952e-09	0.0409859
2.19965e-09	0.0410735
2.19977e-09	0.0411608
2.1999e-09	0.0412477
2.20003e-09	0.0413342
2.20016e-09	0.0414204
2.20029e-09	0.0415063
2.20042e-09	0.0415918
2.20055e-09	0.041677
2.20067e-09	0.0417619
2.2008e-09	0.0418464
2.20093e-09	0.0419306
2.20106e-09	0.0420144
2.20119e-09	0.0420979
2.20132e-09	0.0421811
2.20144e-09	0.0422639
2.20157e-09	0.0423464
2.2017e-09	0.0424285
2.20183e-09	0.0425103
2.20196e-09	0.0425918
2.20209e-09	0.0426729
2.20221e-09	0.0427537
2.20234e-09	0.0428341
2.20247e-09	0.0429142
2.2026e-09	0.042994
2.20273e-09	0.0430734
2.20286e-09	0.0431525
2.20299e-09	0.0432312
2.20311e-09	0.0433097
2.20324e-09	0.0433877
2.20337e-09	0.0434655
2.2035e-09	0.0435429
2.20363e-09	0.0436199
2.20376e-09	0.0436967
2.20388e-09	0.0437731
2.20401e-09	0.0438491
2.20414e-09	0.0439248
2.20427e-09	0.0440002
2.2044e-09	0.0440753
2.20453e-09	0.04415
2.20465e-09	0.0442244
2.20478e-09	0.0442984
2.20491e-09	0.0443721
2.20504e-09	0.0444455
2.20517e-09	0.0445186
2.2053e-09	0.0445913
2.20542e-09	0.0446636
2.20555e-09	0.0447357
2.20568e-09	0.0448074
2.20581e-09	0.0448788
2.20594e-09	0.0449498
2.20607e-09	0.0450205
2.2062e-09	0.0450909
2.20632e-09	0.0451609
2.20645e-09	0.0452307
2.20658e-09	0.0453
2.20671e-09	0.0453691
2.20684e-09	0.0454378
2.20697e-09	0.0455062
2.20709e-09	0.0455743
2.20722e-09	0.045642
2.20735e-09	0.0457094
2.20748e-09	0.0457764
2.20761e-09	0.0458432
2.20774e-09	0.0459096
2.20786e-09	0.0459757
2.20799e-09	0.0460414
2.20812e-09	0.0461068
2.20825e-09	0.0461719
2.20838e-09	0.0462367
2.20851e-09	0.0463011
2.20864e-09	0.0463652
2.20876e-09	0.046429
2.20889e-09	0.0464924
2.20902e-09	0.0465555
2.20915e-09	0.0466183
2.20928e-09	0.0466808
2.20941e-09	0.0467429
2.20953e-09	0.0468048
2.20966e-09	0.0468662
2.20979e-09	0.0469274
2.20992e-09	0.0469882
2.21005e-09	0.0470487
2.21018e-09	0.0471089
2.2103e-09	0.0471688
2.21043e-09	0.0472283
2.21056e-09	0.0472875
2.21069e-09	0.0473464
2.21082e-09	0.047405
2.21095e-09	0.0474632
2.21108e-09	0.0475211
2.2112e-09	0.0475787
2.21133e-09	0.047636
2.21146e-09	0.047693
2.21159e-09	0.0477496
2.21172e-09	0.0478059
2.21185e-09	0.0478619
2.21197e-09	0.0479175
2.2121e-09	0.0479729
2.21223e-09	0.0480279
2.21236e-09	0.0480826
2.21249e-09	0.048137
2.21262e-09	0.048191
2.21274e-09	0.0482448
2.21287e-09	0.0482982
2.213e-09	0.0483513
2.21313e-09	0.0484041
2.21326e-09	0.0484566
2.21339e-09	0.0485087
2.21351e-09	0.0485605
2.21364e-09	0.048612
2.21377e-09	0.0486632
2.2139e-09	0.0487141
2.21403e-09	0.0487647
2.21416e-09	0.0488149
2.21429e-09	0.0488648
2.21441e-09	0.0489144
2.21454e-09	0.0489637
2.21467e-09	0.0490127
2.2148e-09	0.0490614
2.21493e-09	0.0491097
2.21506e-09	0.0491578
2.21518e-09	0.0492055
2.21531e-09	0.0492529
2.21544e-09	0.0493
2.21557e-09	0.0493468
2.2157e-09	0.0493932
2.21583e-09	0.0494394
2.21595e-09	0.0494852
2.21608e-09	0.0495308
2.21621e-09	0.049576
2.21634e-09	0.0496209
2.21647e-09	0.0496655
2.2166e-09	0.0497098
2.21673e-09	0.0497538
2.21685e-09	0.0497974
2.21698e-09	0.0498408
2.21711e-09	0.0498838
2.21724e-09	0.0499266
2.21737e-09	0.049969
2.2175e-09	0.0500111
2.21762e-09	0.0500529
2.21775e-09	0.0500944
2.21788e-09	0.0501356
2.21801e-09	0.0501765
2.21814e-09	0.0502171
2.21827e-09	0.0502574
2.21839e-09	0.0502974
2.21852e-09	0.050337
2.21865e-09	0.0503764
2.21878e-09	0.0504154
2.21891e-09	0.0504542
2.21904e-09	0.0504926
2.21917e-09	0.0505308
2.21929e-09	0.0505686
2.21942e-09	0.0506061
2.21955e-09	0.0506434
2.21968e-09	0.0506803
2.21981e-09	0.0507169
2.21994e-09	0.0507533
2.22006e-09	0.0507893
2.22019e-09	0.050825
2.22032e-09	0.0508604
2.22045e-09	0.0508955
2.22058e-09	0.0509304
2.22071e-09	0.0509649
2.22083e-09	0.0509991
2.22096e-09	0.051033
2.22109e-09	0.0510666
2.22122e-09	0.0510999
2.22135e-09	0.051133
2.22148e-09	0.0511657
2.2216e-09	0.0511981
2.22173e-09	0.0512302
2.22186e-09	0.0512621
2.22199e-09	0.0512936
2.22212e-09	0.0513249
2.22225e-09	0.0513558
2.22238e-09	0.0513865
2.2225e-09	0.0514168
2.22263e-09	0.0514469
2.22276e-09	0.0514766
2.22289e-09	0.0515061
2.22302e-09	0.0515353
2.22315e-09	0.0515642
2.22327e-09	0.0515928
2.2234e-09	0.051621
2.22353e-09	0.0516491
2.22366e-09	0.0516768
2.22379e-09	0.0517042
2.22392e-09	0.0517313
2.22404e-09	0.0517582
2.22417e-09	0.0517847
2.2243e-09	0.051811
2.22443e-09	0.0518369
2.22456e-09	0.0518626
2.22469e-09	0.051888
2.22482e-09	0.0519131
2.22494e-09	0.0519379
2.22507e-09	0.0519625
2.2252e-09	0.0519867
2.22533e-09	0.0520107
2.22546e-09	0.0520343
2.22559e-09	0.0520577
2.22571e-09	0.0520808
2.22584e-09	0.0521036
2.22597e-09	0.0521261
2.2261e-09	0.0521484
2.22623e-09	0.0521703
2.22636e-09	0.052192
2.22648e-09	0.0522134
2.22661e-09	0.0522345
2.22674e-09	0.0522553
2.22687e-09	0.0522759
2.227e-09	0.0522961
2.22713e-09	0.0523161
2.22726e-09	0.0523358
2.22738e-09	0.0523552
2.22751e-09	0.0523743
2.22764e-09	0.0523932
2.22777e-09	0.0524118
2.2279e-09	0.0524301
2.22803e-09	0.0524481
2.22815e-09	0.0524658
2.22828e-09	0.0524833
2.22841e-09	0.0525005
2.22854e-09	0.0525174
2.22867e-09	0.052534
2.2288e-09	0.0525504
2.22892e-09	0.0525664
2.22905e-09	0.0525822
2.22918e-09	0.0525978
2.22931e-09	0.052613
2.22944e-09	0.052628
2.22957e-09	0.0526427
2.22969e-09	0.0526571
2.22982e-09	0.0526713
2.22995e-09	0.0526852
2.23008e-09	0.0526988
2.23021e-09	0.0527121
2.23034e-09	0.0527252
2.23047e-09	0.052738
2.23059e-09	0.0527505
2.23072e-09	0.0527627
2.23085e-09	0.0527747
2.23098e-09	0.0527864
2.23111e-09	0.0527979
2.23124e-09	0.0528091
2.23136e-09	0.05282
2.23149e-09	0.0528306
2.23162e-09	0.052841
2.23175e-09	0.0528511
2.23188e-09	0.0528609
2.23201e-09	0.0528705
2.23213e-09	0.0528798
2.23226e-09	0.0528888
2.23239e-09	0.0528976
2.23252e-09	0.0529061
2.23265e-09	0.0529144
2.23278e-09	0.0529224
2.23291e-09	0.0529301
2.23303e-09	0.0529375
2.23316e-09	0.0529447
2.23329e-09	0.0529517
2.23342e-09	0.0529583
2.23355e-09	0.0529648
2.23368e-09	0.0529709
2.2338e-09	0.0529768
2.23393e-09	0.0529824
2.23406e-09	0.0529878
2.23419e-09	0.0529929
2.23432e-09	0.0529978
2.23445e-09	0.0530024
2.23457e-09	0.0530067
2.2347e-09	0.0530108
2.23483e-09	0.0530146
2.23496e-09	0.0530182
2.23509e-09	0.0530215
2.23522e-09	0.0530245
2.23535e-09	0.0530273
2.23547e-09	0.0530299
2.2356e-09	0.0530322
2.23573e-09	0.0530342
2.23586e-09	0.053036
2.23599e-09	0.0530375
2.23612e-09	0.0530388
2.23624e-09	0.0530398
2.23637e-09	0.0530406
2.2365e-09	0.0530411
2.23663e-09	0.0530414
2.23676e-09	0.0530414
2.23689e-09	0.0530412
2.23701e-09	0.0530407
2.23714e-09	0.05304
2.23727e-09	0.053039
2.2374e-09	0.0530378
2.23753e-09	0.0530363
2.23766e-09	0.0530346
2.23778e-09	0.0530326
2.23791e-09	0.0530304
2.23804e-09	0.0530279
2.23817e-09	0.0530252
2.2383e-09	0.0530223
2.23843e-09	0.0530191
2.23856e-09	0.0530157
2.23868e-09	0.053012
2.23881e-09	0.0530081
2.23894e-09	0.0530039
2.23907e-09	0.0529995
2.2392e-09	0.0529948
2.23933e-09	0.0529899
2.23945e-09	0.0529848
2.23958e-09	0.0529794
2.23971e-09	0.0529738
2.23984e-09	0.052968
2.23997e-09	0.0529619
2.2401e-09	0.0529555
2.24022e-09	0.052949
2.24035e-09	0.0529421
2.24048e-09	0.0529351
2.24061e-09	0.0529278
2.24074e-09	0.0529203
2.24087e-09	0.0529125
2.241e-09	0.0529045
2.24112e-09	0.0528963
2.24125e-09	0.0528879
2.24138e-09	0.0528792
2.24151e-09	0.0528702
2.24164e-09	0.0528611
2.24177e-09	0.0528517
2.24189e-09	0.0528421
2.24202e-09	0.0528322
2.24215e-09	0.0528221
2.24228e-09	0.0528118
2.24241e-09	0.0528012
2.24254e-09	0.0527904
2.24266e-09	0.0527794
2.24279e-09	0.0527682
2.24292e-09	0.0527567
2.24305e-09	0.052745
2.24318e-09	0.0527331
2.24331e-09	0.0527209
2.24344e-09	0.0527086
2.24356e-09	0.0526959
2.24369e-09	0.0526831
2.24382e-09	0.0526701
2.24395e-09	0.0526568
2.24408e-09	0.0526433
2.24421e-09	0.0526295
2.24433e-09	0.0526156
2.24446e-09	0.0526014
2.24459e-09	0.052587
2.24472e-09	0.0525724
2.24485e-09	0.0525575
2.24498e-09	0.0525424
2.2451e-09	0.0525272
2.24523e-09	0.0525117
2.24536e-09	0.0524959
2.24549e-09	0.05248
2.24562e-09	0.0524638
2.24575e-09	0.0524474
2.24587e-09	0.0524308
2.246e-09	0.052414
2.24613e-09	0.052397
2.24626e-09	0.0523797
2.24639e-09	0.0523622
2.24652e-09	0.0523445
2.24665e-09	0.0523266
2.24677e-09	0.0523085
2.2469e-09	0.0522902
2.24703e-09	0.0522716
2.24716e-09	0.0522529
2.24729e-09	0.0522339
2.24742e-09	0.0522147
2.24754e-09	0.0521953
2.24767e-09	0.0521757
2.2478e-09	0.0521559
2.24793e-09	0.0521359
2.24806e-09	0.0521156
2.24819e-09	0.0520952
2.24831e-09	0.0520745
2.24844e-09	0.0520537
2.24857e-09	0.0520326
2.2487e-09	0.0520113
2.24883e-09	0.0519898
2.24896e-09	0.0519681
2.24909e-09	0.0519462
2.24921e-09	0.0519241
2.24934e-09	0.0519018
2.24947e-09	0.0518793
2.2496e-09	0.0518566
2.24973e-09	0.0518336
2.24986e-09	0.0518105
2.24998e-09	0.0517872
2.25011e-09	0.0517636
2.25024e-09	0.0517399
2.25037e-09	0.051716
2.2505e-09	0.0516918
2.25063e-09	0.0516675
2.25075e-09	0.0516429
2.25088e-09	0.0516182
2.25101e-09	0.0515933
2.25114e-09	0.0515681
2.25127e-09	0.0515428
2.2514e-09	0.0515173
2.25153e-09	0.0514915
2.25165e-09	0.0514656
2.25178e-09	0.0514395
2.25191e-09	0.0514132
2.25204e-09	0.0513866
2.25217e-09	0.0513599
2.2523e-09	0.051333
2.25242e-09	0.0513059
2.25255e-09	0.0512786
2.25268e-09	0.0512512
2.25281e-09	0.0512235
2.25294e-09	0.0511956
2.25307e-09	0.0511676
2.25319e-09	0.0511393
2.25332e-09	0.0511109
2.25345e-09	0.0510822
2.25358e-09	0.0510534
2.25371e-09	0.0510244
2.25384e-09	0.0509952
2.25397e-09	0.0509658
2.25409e-09	0.0509362
2.25422e-09	0.0509065
2.25435e-09	0.0508765
2.25448e-09	0.0508464
2.25461e-09	0.0508161
2.25474e-09	0.0507856
2.25486e-09	0.0507549
2.25499e-09	0.050724
2.25512e-09	0.050693
2.25525e-09	0.0506617
2.25538e-09	0.0506303
2.25551e-09	0.0505987
2.25563e-09	0.0505669
2.25576e-09	0.0505349
2.25589e-09	0.0505028
2.25602e-09	0.0504705
2.25615e-09	0.0504379
2.25628e-09	0.0504053
2.2564e-09	0.0503724
2.25653e-09	0.0503393
2.25666e-09	0.0503061
2.25679e-09	0.0502727
2.25692e-09	0.0502391
2.25705e-09	0.0502054
2.25718e-09	0.0501715
2.2573e-09	0.0501374
2.25743e-09	0.0501031
2.25756e-09	0.0500686
2.25769e-09	0.050034
2.25782e-09	0.0499992
2.25795e-09	0.0499642
2.25807e-09	0.0499291
2.2582e-09	0.0498937
2.25833e-09	0.0498583
2.25846e-09	0.0498226
2.25859e-09	0.0497868
2.25872e-09	0.0497507
2.25884e-09	0.0497146
2.25897e-09	0.0496782
2.2591e-09	0.0496417
2.25923e-09	0.049605
2.25936e-09	0.0495682
2.25949e-09	0.0495312
2.25962e-09	0.049494
2.25974e-09	0.0494566
2.25987e-09	0.0494191
2.26e-09	0.0493815
2.26013e-09	0.0493436
2.26026e-09	0.0493056
2.26039e-09	0.0492674
2.26051e-09	0.0492291
2.26064e-09	0.0491906
2.26077e-09	0.0491519
2.2609e-09	0.0491131
2.26103e-09	0.0490741
2.26116e-09	0.049035
2.26128e-09	0.0489957
2.26141e-09	0.0489562
2.26154e-09	0.0489166
2.26167e-09	0.0488768
2.2618e-09	0.0488369
2.26193e-09	0.0487968
2.26206e-09	0.0487565
2.26218e-09	0.0487161
2.26231e-09	0.0486755
2.26244e-09	0.0486348
2.26257e-09	0.0485939
2.2627e-09	0.0485529
2.26283e-09	0.0485117
2.26295e-09	0.0484703
2.26308e-09	0.0484288
2.26321e-09	0.0483872
2.26334e-09	0.0483454
2.26347e-09	0.0483034
2.2636e-09	0.0482613
2.26372e-09	0.048219
2.26385e-09	0.0481766
2.26398e-09	0.0481341
2.26411e-09	0.0480913
2.26424e-09	0.0480485
2.26437e-09	0.0480055
2.26449e-09	0.0479623
2.26462e-09	0.047919
2.26475e-09	0.0478756
2.26488e-09	0.047832
2.26501e-09	0.0477882
2.26514e-09	0.0477443
2.26527e-09	0.0477003
2.26539e-09	0.0476561
2.26552e-09	0.0476118
2.26565e-09	0.0475673
2.26578e-09	0.0475227
2.26591e-09	0.0474779
2.26604e-09	0.047433
2.26616e-09	0.047388
2.26629e-09	0.0473428
2.26642e-09	0.0472974
2.26655e-09	0.047252
2.26668e-09	0.0472064
2.26681e-09	0.0471606
2.26693e-09	0.0471147
2.26706e-09	0.0470687
2.26719e-09	0.0470226
2.26732e-09	0.0469762
2.26745e-09	0.0469298
2.26758e-09	0.0468832
2.26771e-09	0.0468365
2.26783e-09	0.0467897
2.26796e-09	0.0467427
2.26809e-09	0.0466956
2.26822e-09	0.0466483
2.26835e-09	0.0466009
2.26848e-09	0.0465534
2.2686e-09	0.0465058
2.26873e-09	0.046458
2.26886e-09	0.0464101
2.26899e-09	0.046362
2.26912e-09	0.0463138
2.26925e-09	0.0462655
2.26937e-09	0.0462171
2.2695e-09	0.0461685
2.26963e-09	0.0461198
2.26976e-09	0.046071
2.26989e-09	0.046022
2.27002e-09	0.045973
2.27015e-09	0.0459237
2.27027e-09	0.0458744
2.2704e-09	0.0458249
2.27053e-09	0.0457754
2.27066e-09	0.0457256
2.27079e-09	0.0456758
2.27092e-09	0.0456258
2.27104e-09	0.0455757
2.27117e-09	0.0455255
2.2713e-09	0.0454752
2.27143e-09	0.0454247
2.27156e-09	0.0453742
2.27169e-09	0.0453235
2.27181e-09	0.0452726
2.27194e-09	0.0452217
2.27207e-09	0.0451706
2.2722e-09	0.0451195
2.27233e-09	0.0450682
2.27246e-09	0.0450167
2.27258e-09	0.0449652
2.27271e-09	0.0449135
2.27284e-09	0.0448618
2.27297e-09	0.0448099
2.2731e-09	0.0447579
2.27323e-09	0.0447058
2.27336e-09	0.0446535
2.27348e-09	0.0446012
2.27361e-09	0.0445487
2.27374e-09	0.0444961
2.27387e-09	0.0444434
2.274e-09	0.0443906
2.27413e-09	0.0443377
2.27425e-09	0.0442847
2.27438e-09	0.0442315
2.27451e-09	0.0441783
2.27464e-09	0.0441249
2.27477e-09	0.0440714
2.2749e-09	0.0440179
2.27502e-09	0.0439642
2.27515e-09	0.0439104
2.27528e-09	0.0438564
2.27541e-09	0.0438024
2.27554e-09	0.0437483
2.27567e-09	0.0436941
2.2758e-09	0.0436397
2.27592e-09	0.0435853
2.27605e-09	0.0435307
2.27618e-09	0.0434761
2.27631e-09	0.0434213
2.27644e-09	0.0433665
2.27657e-09	0.0433115
2.27669e-09	0.0432564
2.27682e-09	0.0432012
2.27695e-09	0.043146
2.27708e-09	0.0430906
2.27721e-09	0.0430351
2.27734e-09	0.0429795
2.27746e-09	0.0429238
2.27759e-09	0.0428681
2.27772e-09	0.0428122
2.27785e-09	0.0427562
2.27798e-09	0.0427001
2.27811e-09	0.0426439
2.27824e-09	0.0425877
2.27836e-09	0.0425313
2.27849e-09	0.0424748
2.27862e-09	0.0424183
2.27875e-09	0.0423616
2.27888e-09	0.0423049
2.27901e-09	0.042248
2.27913e-09	0.0421911
2.27926e-09	0.042134
2.27939e-09	0.0420769
2.27952e-09	0.0420197
2.27965e-09	0.0419624
2.27978e-09	0.0419049
2.2799e-09	0.0418474
2.28003e-09	0.0417898
2.28016e-09	0.0417322
2.28029e-09	0.0416744
2.28042e-09	0.0416165
2.28055e-09	0.0415586
2.28067e-09	0.0415005
2.2808e-09	0.0414424
2.28093e-09	0.0413842
2.28106e-09	0.0413259
2.28119e-09	0.0412675
2.28132e-09	0.041209
2.28145e-09	0.0411504
2.28157e-09	0.0410918
2.2817e-09	0.0410331
2.28183e-09	0.0409742
2.28196e-09	0.0409153
2.28209e-09	0.0408563
2.28222e-09	0.0407973
2.28234e-09	0.0407381
2.28247e-09	0.0406789
2.2826e-09	0.0406195
2.28273e-09	0.0405601
2.28286e-09	0.0405007
2.28299e-09	0.0404411
2.28311e-09	0.0403814
2.28324e-09	0.0403217
2.28337e-09	0.0402619
2.2835e-09	0.040202
2.28363e-09	0.0401421
2.28376e-09	0.040082
2.28389e-09	0.0400219
2.28401e-09	0.0399617
2.28414e-09	0.0399014
2.28427e-09	0.0398411
2.2844e-09	0.0397807
2.28453e-09	0.0397202
2.28466e-09	0.0396596
2.28478e-09	0.0395989
2.28491e-09	0.0395382
2.28504e-09	0.0394774
2.28517e-09	0.0394165
2.2853e-09	0.0393556
2.28543e-09	0.0392946
2.28555e-09	0.0392335
2.28568e-09	0.0391723
2.28581e-09	0.0391111
2.28594e-09	0.0390498
2.28607e-09	0.0389884
2.2862e-09	0.038927
2.28633e-09	0.0388655
2.28645e-09	0.0388039
2.28658e-09	0.0387422
2.28671e-09	0.0386805
2.28684e-09	0.0386187
2.28697e-09	0.0385569
2.2871e-09	0.038495
2.28722e-09	0.038433
2.28735e-09	0.0383709
2.28748e-09	0.0383088
2.28761e-09	0.0382466
2.28774e-09	0.0381844
2.28787e-09	0.0381221
2.28799e-09	0.0380597
2.28812e-09	0.0379973
2.28825e-09	0.0379348
2.28838e-09	0.0378722
2.28851e-09	0.0378096
2.28864e-09	0.0377469
2.28876e-09	0.0376841
2.28889e-09	0.0376213
2.28902e-09	0.0375585
2.28915e-09	0.0374955
2.28928e-09	0.0374326
2.28941e-09	0.0373695
2.28954e-09	0.0373064
2.28966e-09	0.0372432
2.28979e-09	0.03718
2.28992e-09	0.0371167
2.29005e-09	0.0370534
2.29018e-09	0.03699
2.29031e-09	0.0369266
2.29043e-09	0.0368631
2.29056e-09	0.0367995
2.29069e-09	0.0367359
2.29082e-09	0.0366722
2.29095e-09	0.0366085
2.29108e-09	0.0365447
2.2912e-09	0.0364809
2.29133e-09	0.036417
2.29146e-09	0.0363531
2.29159e-09	0.0362891
2.29172e-09	0.0362251
2.29185e-09	0.036161
2.29198e-09	0.0360968
2.2921e-09	0.0360327
2.29223e-09	0.0359684
2.29236e-09	0.0359041
2.29249e-09	0.0358398
2.29262e-09	0.0357754
2.29275e-09	0.035711
2.29287e-09	0.0356465
2.293e-09	0.035582
2.29313e-09	0.0355174
2.29326e-09	0.0354528
2.29339e-09	0.0353881
2.29352e-09	0.0353234
2.29364e-09	0.0352586
2.29377e-09	0.0351938
2.2939e-09	0.035129
2.29403e-09	0.0350641
2.29416e-09	0.0349992
2.29429e-09	0.0349342
2.29442e-09	0.0348692
2.29454e-09	0.0348041
2.29467e-09	0.034739
2.2948e-09	0.0346739
2.29493e-09	0.0346087
2.29506e-09	0.0345435
2.29519e-09	0.0344782
2.29531e-09	0.0344129
2.29544e-09	0.0343475
2.29557e-09	0.0342821
2.2957e-09	0.0342167
2.29583e-09	0.0341513
2.29596e-09	0.0340858
2.29608e-09	0.0340202
2.29621e-09	0.0339546
2.29634e-09	0.033889
2.29647e-09	0.0338234
2.2966e-09	0.0337577
2.29673e-09	0.033692
2.29685e-09	0.0336262
2.29698e-09	0.0335604
2.29711e-09	0.0334946
2.29724e-09	0.0334287
2.29737e-09	0.0333628
2.2975e-09	0.0332969
2.29763e-09	0.033231
2.29775e-09	0.033165
2.29788e-09	0.033099
2.29801e-09	0.0330329
2.29814e-09	0.0329668
2.29827e-09	0.0329007
2.2984e-09	0.0328345
2.29852e-09	0.0327684
2.29865e-09	0.0327022
2.29878e-09	0.0326359
2.29891e-09	0.0325697
2.29904e-09	0.0325034
2.29917e-09	0.0324371
2.29929e-09	0.0323707
2.29942e-09	0.0323043
2.29955e-09	0.0322379
2.29968e-09	0.0321715
2.29981e-09	0.032105
2.29994e-09	0.0320386
2.30007e-09	0.0319721
2.30019e-09	0.0319055
2.30032e-09	0.031839
2.30045e-09	0.0317724
2.30058e-09	0.0317058
2.30071e-09	0.0316392
2.30084e-09	0.0315725
2.30096e-09	0.0315058
2.30109e-09	0.0314391
2.30122e-09	0.0313724
2.30135e-09	0.0313057
2.30148e-09	0.0312389
2.30161e-09	0.0311721
2.30173e-09	0.0311053
2.30186e-09	0.0310385
2.30199e-09	0.0309717
2.30212e-09	0.0309048
2.30225e-09	0.0308379
2.30238e-09	0.030771
2.30251e-09	0.0307041
2.30263e-09	0.0306372
2.30276e-09	0.0305702
2.30289e-09	0.0305032
2.30302e-09	0.0304363
2.30315e-09	0.0303693
2.30328e-09	0.0303022
2.3034e-09	0.0302352
2.30353e-09	0.0301682
2.30366e-09	0.0301011
2.30379e-09	0.030034
2.30392e-09	0.0299669
2.30405e-09	0.0298998
2.30417e-09	0.0298327
2.3043e-09	0.0297656
2.30443e-09	0.0296984
2.30456e-09	0.0296312
2.30469e-09	0.0295641
2.30482e-09	0.0294969
2.30494e-09	0.0294297
2.30507e-09	0.0293625
2.3052e-09	0.0292953
2.30533e-09	0.0292281
2.30546e-09	0.0291608
2.30559e-09	0.0290936
2.30572e-09	0.0290263
2.30584e-09	0.0289591
2.30597e-09	0.0288918
2.3061e-09	0.0288245
2.30623e-09	0.0287572
2.30636e-09	0.0286899
2.30649e-09	0.0286226
2.30661e-09	0.0285553
2.30674e-09	0.028488
2.30687e-09	0.0284207
2.307e-09	0.0283534
2.30713e-09	0.028286
2.30726e-09	0.0282187
2.30738e-09	0.0281513
2.30751e-09	0.028084
2.30764e-09	0.0280166
2.30777e-09	0.0279493
2.3079e-09	0.0278819
2.30803e-09	0.0278146
2.30816e-09	0.0277472
2.30828e-09	0.0276799
2.30841e-09	0.0276125
2.30854e-09	0.0275451
2.30867e-09	0.0274778
2.3088e-09	0.0274104
2.30893e-09	0.027343
2.30905e-09	0.0272756
2.30918e-09	0.0272083
2.30931e-09	0.0271409
2.30944e-09	0.0270735
2.30957e-09	0.0270062
2.3097e-09	0.0269388
2.30982e-09	0.0268715
2.30995e-09	0.0268041
2.31008e-09	0.0267367
2.31021e-09	0.0266694
2.31034e-09	0.026602
2.31047e-09	0.0265347
2.3106e-09	0.0264673
2.31072e-09	0.0264
2.31085e-09	0.0263327
2.31098e-09	0.0262653
2.31111e-09	0.026198
2.31124e-09	0.0261307
2.31137e-09	0.0260634
2.31149e-09	0.0259961
2.31162e-09	0.0259288
2.31175e-09	0.0258615
2.31188e-09	0.0257942
2.31201e-09	0.0257269
2.31214e-09	0.0256596
2.31226e-09	0.0255924
2.31239e-09	0.0255251
2.31252e-09	0.0254579
2.31265e-09	0.0253906
2.31278e-09	0.0253234
2.31291e-09	0.0252562
2.31303e-09	0.025189
2.31316e-09	0.0251218
2.31329e-09	0.0250546
2.31342e-09	0.0249874
2.31355e-09	0.0249203
2.31368e-09	0.0248531
2.31381e-09	0.024786
2.31393e-09	0.0247189
2.31406e-09	0.0246517
2.31419e-09	0.0245846
2.31432e-09	0.0245175
2.31445e-09	0.0244505
2.31458e-09	0.0243834
2.3147e-09	0.0243164
2.31483e-09	0.0242493
2.31496e-09	0.0241823
2.31509e-09	0.0241153
2.31522e-09	0.0240483
2.31535e-09	0.0239814
2.31547e-09	0.0239144
2.3156e-09	0.0238475
2.31573e-09	0.0237805
2.31586e-09	0.0237136
2.31599e-09	0.0236468
2.31612e-09	0.0235799
2.31625e-09	0.023513
2.31637e-09	0.0234462
2.3165e-09	0.0233794
2.31663e-09	0.0233126
2.31676e-09	0.0232458
2.31689e-09	0.0231791
2.31702e-09	0.0231123
2.31714e-09	0.0230456
2.31727e-09	0.0229789
2.3174e-09	0.0229122
2.31753e-09	0.0228456
2.31766e-09	0.0227789
2.31779e-09	0.0227123
2.31791e-09	0.0226457
2.31804e-09	0.0225792
2.31817e-09	0.0225126
2.3183e-09	0.0224461
2.31843e-09	0.0223796
2.31856e-09	0.0223131
2.31869e-09	0.0222467
2.31881e-09	0.0221802
2.31894e-09	0.0221138
2.31907e-09	0.0220474
2.3192e-09	0.0219811
2.31933e-09	0.0219148
2.31946e-09	0.0218485
2.31958e-09	0.0217822
2.31971e-09	0.0217159
2.31984e-09	0.0216497
2.31997e-09	0.0215835
2.3201e-09	0.0215173
2.32023e-09	0.0214512
2.32035e-09	0.021385
2.32048e-09	0.0213189
2.32061e-09	0.0212529
2.32074e-09	0.0211868
2.32087e-09	0.0211208
2.321e-09	0.0210549
2.32112e-09	0.0209889
2.32125e-09	0.020923
2.32138e-09	0.0208571
2.32151e-09	0.0207912
2.32164e-09	0.0207254
2.32177e-09	0.0206596
2.3219e-09	0.0205938
2.32202e-09	0.0205281
2.32215e-09	0.0204624
2.32228e-09	0.0203967
2.32241e-09	0.020331
2.32254e-09	0.0202654
2.32267e-09	0.0201998
2.32279e-09	0.0201343
2.32292e-09	0.0200688
2.32305e-09	0.0200033
2.32318e-09	0.0199378
2.32331e-09	0.0198724
2.32344e-09	0.019807
2.32356e-09	0.0197417
2.32369e-09	0.0196764
2.32382e-09	0.0196111
2.32395e-09	0.0195459
2.32408e-09	0.0194806
2.32421e-09	0.0194155
2.32434e-09	0.0193503
2.32446e-09	0.0192852
2.32459e-09	0.0192202
2.32472e-09	0.0191551
2.32485e-09	0.0190901
2.32498e-09	0.0190252
2.32511e-09	0.0189603
2.32523e-09	0.0188954
2.32536e-09	0.0188305
2.32549e-09	0.0187657
2.32562e-09	0.018701
2.32575e-09	0.0186362
2.32588e-09	0.0185716
2.326e-09	0.0185069
2.32613e-09	0.0184423
2.32626e-09	0.0183777
2.32639e-09	0.0183132
2.32652e-09	0.0182487
2.32665e-09	0.0181842
2.32678e-09	0.0181198
2.3269e-09	0.0180555
2.32703e-09	0.0179911
2.32716e-09	0.0179268
2.32729e-09	0.0178626
2.32742e-09	0.0177984
2.32755e-09	0.0177342
2.32767e-09	0.0176701
2.3278e-09	0.017606
2.32793e-09	0.017542
2.32806e-09	0.017478
2.32819e-09	0.0174141
2.32832e-09	0.0173501
2.32844e-09	0.0172863
2.32857e-09	0.0172225
2.3287e-09	0.0171587
2.32883e-09	0.017095
2.32896e-09	0.0170313
2.32909e-09	0.0169676
2.32921e-09	0.016904
2.32934e-09	0.0168405
2.32947e-09	0.016777
2.3296e-09	0.0167135
2.32973e-09	0.0166501
2.32986e-09	0.0165868
2.32999e-09	0.0165234
2.33011e-09	0.0164602
2.33024e-09	0.0163969
2.33037e-09	0.0163338
2.3305e-09	0.0162706
2.33063e-09	0.0162076
2.33076e-09	0.0161445
2.33088e-09	0.0160815
2.33101e-09	0.0160186
2.33114e-09	0.0159557
2.33127e-09	0.0158929
2.3314e-09	0.0158301
2.33153e-09	0.0157673
2.33165e-09	0.0157046
2.33178e-09	0.015642
2.33191e-09	0.0155794
2.33204e-09	0.0155169
2.33217e-09	0.0154544
2.3323e-09	0.0153919
2.33243e-09	0.0153295
2.33255e-09	0.0152672
2.33268e-09	0.0152049
2.33281e-09	0.0151427
2.33294e-09	0.0150805
2.33307e-09	0.0150183
2.3332e-09	0.0149563
2.33332e-09	0.0148942
2.33345e-09	0.0148322
2.33358e-09	0.0147703
2.33371e-09	0.0147085
2.33384e-09	0.0146466
2.33397e-09	0.0145849
2.33409e-09	0.0145232
2.33422e-09	0.0144615
2.33435e-09	0.0143999
2.33448e-09	0.0143383
2.33461e-09	0.0142768
2.33474e-09	0.0142154
2.33487e-09	0.014154
2.33499e-09	0.0140927
2.33512e-09	0.0140314
2.33525e-09	0.0139702
2.33538e-09	0.013909
2.33551e-09	0.0138479
2.33564e-09	0.0137869
2.33576e-09	0.0137259
2.33589e-09	0.0136649
2.33602e-09	0.013604
2.33615e-09	0.0135432
2.33628e-09	0.0134824
2.33641e-09	0.0134217
2.33653e-09	0.0133611
2.33666e-09	0.0133005
2.33679e-09	0.0132399
2.33692e-09	0.0131795
2.33705e-09	0.013119
2.33718e-09	0.0130587
2.3373e-09	0.0129984
2.33743e-09	0.0129381
2.33756e-09	0.0128779
2.33769e-09	0.0128178
2.33782e-09	0.0127577
2.33795e-09	0.0126977
2.33808e-09	0.0126378
2.3382e-09	0.0125779
2.33833e-09	0.012518
2.33846e-09	0.0124583
2.33859e-09	0.0123986
2.33872e-09	0.0123389
2.33885e-09	0.0122793
2.33897e-09	0.0122198
2.3391e-09	0.0121603
2.33923e-09	0.0121009
2.33936e-09	0.0120416
2.33949e-09	0.0119823
2.33962e-09	0.0119231
2.33974e-09	0.0118639
2.33987e-09	0.0118048
2.34e-09	0.0117458
2.34013e-09	0.0116868
2.34026e-09	0.0116279
2.34039e-09	0.0115691
2.34052e-09	0.0115103
2.34064e-09	0.0114516
2.34077e-09	0.0113929
2.3409e-09	0.0113343
2.34103e-09	0.0112758
2.34116e-09	0.0112173
2.34129e-09	0.0111589
2.34141e-09	0.0111006
2.34154e-09	0.0110423
2.34167e-09	0.0109841
2.3418e-09	0.010926
2.34193e-09	0.0108679
2.34206e-09	0.0108099
2.34218e-09	0.0107519
2.34231e-09	0.0106941
2.34244e-09	0.0106363
2.34257e-09	0.0105785
2.3427e-09	0.0105208
2.34283e-09	0.0104632
2.34296e-09	0.0104057
2.34308e-09	0.0103482
2.34321e-09	0.0102908
2.34334e-09	0.0102334
2.34347e-09	0.0101761
2.3436e-09	0.0101189
2.34373e-09	0.0100618
2.34385e-09	0.0100047
2.34398e-09	0.00994768
2.34411e-09	0.00989073
2.34424e-09	0.00983385
2.34437e-09	0.00977704
2.3445e-09	0.0097203
2.34462e-09	0.00966363
2.34475e-09	0.00960703
2.34488e-09	0.00955049
2.34501e-09	0.00949403
2.34514e-09	0.00943763
2.34527e-09	0.0093813
2.34539e-09	0.00932505
2.34552e-09	0.00926886
2.34565e-09	0.00921274
2.34578e-09	0.00915669
2.34591e-09	0.00910071
2.34604e-09	0.0090448
2.34617e-09	0.00898896
2.34629e-09	0.00893319
2.34642e-09	0.00887749
2.34655e-09	0.00882187
2.34668e-09	0.00876631
2.34681e-09	0.00871082
2.34694e-09	0.00865541
2.34706e-09	0.00860006
2.34719e-09	0.00854479
2.34732e-09	0.00848959
2.34745e-09	0.00843446
2.34758e-09	0.0083794
2.34771e-09	0.00832442
2.34783e-09	0.00826951
2.34796e-09	0.00821466
2.34809e-09	0.00815989
2.34822e-09	0.0081052
2.34835e-09	0.00805057
2.34848e-09	0.00799602
2.34861e-09	0.00794154
2.34873e-09	0.00788714
2.34886e-09	0.00783281
2.34899e-09	0.00777855
2.34912e-09	0.00772436
2.34925e-09	0.00767025
2.34938e-09	0.00761621
2.3495e-09	0.00756225
2.34963e-09	0.00750836
2.34976e-09	0.00745454
2.34989e-09	0.0074008
2.35002e-09	0.00734713
2.35015e-09	0.00729354
2.35027e-09	0.00724002
2.3504e-09	0.00718657
2.35053e-09	0.0071332
2.35066e-09	0.00707991
2.35079e-09	0.00702669
2.35092e-09	0.00697354
2.35105e-09	0.00692048
2.35117e-09	0.00686748
2.3513e-09	0.00681456
2.35143e-09	0.00676172
2.35156e-09	0.00670895
2.35169e-09	0.00665626
2.35182e-09	0.00660365
2.35194e-09	0.00655111
2.35207e-09	0.00649865
2.3522e-09	0.00644626
2.35233e-09	0.00639395
2.35246e-09	0.00634172
2.35259e-09	0.00628956
2.35271e-09	0.00623748
2.35284e-09	0.00618548
2.35297e-09	0.00613355
2.3531e-09	0.0060817
2.35323e-09	0.00602993
2.35336e-09	0.00597824
2.35348e-09	0.00592662
2.35361e-09	0.00587508
2.35374e-09	0.00582362
2.35387e-09	0.00577224
2.354e-09	0.00572093
2.35413e-09	0.0056697
2.35426e-09	0.00561855
2.35438e-09	0.00556748
2.35451e-09	0.00551649
2.35464e-09	0.00546557
2.35477e-09	0.00541474
2.3549e-09	0.00536398
2.35503e-09	0.0053133
2.35515e-09	0.0052627
2.35528e-09	0.00521218
2.35541e-09	0.00516174
2.35554e-09	0.00511138
2.35567e-09	0.00506109
2.3558e-09	0.00501089
2.35592e-09	0.00496076
2.35605e-09	0.00491072
2.35618e-09	0.00486075
2.35631e-09	0.00481087
2.35644e-09	0.00476106
2.35657e-09	0.00471133
2.3567e-09	0.00466169
2.35682e-09	0.00461212
2.35695e-09	0.00456264
2.35708e-09	0.00451323
2.35721e-09	0.0044639
2.35734e-09	0.00441466
2.35747e-09	0.0043655
2.35759e-09	0.00431641
2.35772e-09	0.00426741
2.35785e-09	0.00421849
2.35798e-09	0.00416965
2.35811e-09	0.00412089
2.35824e-09	0.00407221
2.35836e-09	0.00402361
2.35849e-09	0.00397509
2.35862e-09	0.00392666
2.35875e-09	0.0038783
2.35888e-09	0.00383003
2.35901e-09	0.00378184
2.35914e-09	0.00373373
2.35926e-09	0.0036857
2.35939e-09	0.00363776
2.35952e-09	0.0035899
2.35965e-09	0.00354211
2.35978e-09	0.00349441
2.35991e-09	0.0034468
2.36003e-09	0.00339926
2.36016e-09	0.00335181
2.36029e-09	0.00330444
2.36042e-09	0.00325715
2.36055e-09	0.00320995
2.36068e-09	0.00316282
2.3608e-09	0.00311578
2.36093e-09	0.00306883
2.36106e-09	0.00302195
2.36119e-09	0.00297516
2.36132e-09	0.00292845
2.36145e-09	0.00288183
2.36157e-09	0.00283528
2.3617e-09	0.00278883
2.36183e-09	0.00274245
2.36196e-09	0.00269616
2.36209e-09	0.00264995
2.36222e-09	0.00260382
2.36235e-09	0.00255778
2.36247e-09	0.00251182
2.3626e-09	0.00246595
2.36273e-09	0.00242016
2.36286e-09	0.00237445
2.36299e-09	0.00232883
2.36312e-09	0.00228329
2.36324e-09	0.00223783
2.36337e-09	0.00219246
2.3635e-09	0.00214717
2.36363e-09	0.00210197
2.36376e-09	0.00205685
2.36389e-09	0.00201182
2.36401e-09	0.00196687
2.36414e-09	0.001922
2.36427e-09	0.00187722
2.3644e-09	0.00183253
2.36453e-09	0.00178791
2.36466e-09	0.00174339
2.36479e-09	0.00169894
2.36491e-09	0.00165459
2.36504e-09	0.00161031
2.36517e-09	0.00156613
2.3653e-09	0.00152202
2.36543e-09	0.001478
2.36556e-09	0.00143407
2.36568e-09	0.00139022
2.36581e-09	0.00134646
2.36594e-09	0.00130278
2.36607e-09	0.00125919
2.3662e-09	0.00121568
2.36633e-09	0.00117226
2.36645e-09	0.00112893
2.36658e-09	0.00108568
2.36671e-09	0.00104251
2.36684e-09	0.000999432
2.36697e-09	0.000956438
2.3671e-09	0.00091353
2.36723e-09	0.000870707
2.36735e-09	0.00082797
2.36748e-09	0.000785319
2.36761e-09	0.000742754
2.36774e-09	0.000700275
2.36787e-09	0.000657882
2.368e-09	0.000615574
2.36812e-09	0.000573353
2.36825e-09	0.000531218
2.36838e-09	0.000489168
2.36851e-09	0.000447205
2.36864e-09	0.000405329
2.36877e-09	0.000363538
2.36889e-09	0.000321833
2.36902e-09	0.000280215
2.36915e-09	0.000238684
2.36928e-09	0.000197238
2.36941e-09	0.000155879
2.36954e-09	0.000114607
2.36966e-09	7.34205e-05
2.36979e-09	3.23209e-05
2.36992e-09	-8.69207e-06
2.37005e-09	-4.96185e-05
2.37018e-09	-9.04583e-05
2.37031e-09	-0.000131211
2.37044e-09	-0.000171878
2.37056e-09	-0.000212458
2.37069e-09	-0.000252951
2.37082e-09	-0.000293357
2.37095e-09	-0.000333676
2.37108e-09	-0.000373909
2.37121e-09	-0.000414054
2.37133e-09	-0.000454113
2.37146e-09	-0.000494085
2.37159e-09	-0.00053397
2.37172e-09	-0.000573768
2.37185e-09	-0.000613479
2.37198e-09	-0.000653103
2.3721e-09	-0.000692639
2.37223e-09	-0.000732089
2.37236e-09	-0.000771452
2.37249e-09	-0.000810727
2.37262e-09	-0.000849915
2.37275e-09	-0.000889016
2.37288e-09	-0.00092803
2.373e-09	-0.000966957
2.37313e-09	-0.0010058
2.37326e-09	-0.00104455
2.37339e-09	-0.00108321
2.37352e-09	-0.00112179
2.37365e-09	-0.00116028
2.37377e-09	-0.00119868
2.3739e-09	-0.001237
2.37403e-09	-0.00127523
2.37416e-09	-0.00131337
2.37429e-09	-0.00135142
2.37442e-09	-0.00138939
2.37454e-09	-0.00142726
2.37467e-09	-0.00146506
2.3748e-09	-0.00150276
2.37493e-09	-0.00154037
2.37506e-09	-0.0015779
2.37519e-09	-0.00161534
2.37532e-09	-0.0016527
2.37544e-09	-0.00168996
2.37557e-09	-0.00172714
2.3757e-09	-0.00176423
2.37583e-09	-0.00180123
2.37596e-09	-0.00183815
2.37609e-09	-0.00187498
2.37621e-09	-0.00191172
2.37634e-09	-0.00194837
2.37647e-09	-0.00198493
2.3766e-09	-0.00202141
2.37673e-09	-0.0020578
2.37686e-09	-0.0020941
2.37698e-09	-0.00213031
2.37711e-09	-0.00216644
2.37724e-09	-0.00220248
2.37737e-09	-0.00223843
2.3775e-09	-0.00227429
2.37763e-09	-0.00231007
2.37775e-09	-0.00234576
2.37788e-09	-0.00238136
2.37801e-09	-0.00241687
2.37814e-09	-0.00245229
2.37827e-09	-0.00248763
2.3784e-09	-0.00252288
2.37853e-09	-0.00255804
2.37865e-09	-0.00259311
2.37878e-09	-0.0026281
2.37891e-09	-0.002663
2.37904e-09	-0.00269781
2.37917e-09	-0.00273253
2.3793e-09	-0.00276717
2.37942e-09	-0.00280171
2.37955e-09	-0.00283617
2.37968e-09	-0.00287055
2.37981e-09	-0.00290483
2.37994e-09	-0.00293903
2.38007e-09	-0.00297314
2.38019e-09	-0.00300716
2.38032e-09	-0.00304109
2.38045e-09	-0.00307493
2.38058e-09	-0.00310869
2.38071e-09	-0.00314236
2.38084e-09	-0.00317595
2.38097e-09	-0.00320944
2.38109e-09	-0.00324285
2.38122e-09	-0.00327617
2.38135e-09	-0.0033094
2.38148e-09	-0.00334254
2.38161e-09	-0.0033756
2.38174e-09	-0.00340857
2.38186e-09	-0.00344145
2.38199e-09	-0.00347425
2.38212e-09	-0.00350695
2.38225e-09	-0.00353957
2.38238e-09	-0.0035721
2.38251e-09	-0.00360455
2.38263e-09	-0.0036369
2.38276e-09	-0.00366917
2.38289e-09	-0.00370135
2.38302e-09	-0.00373344
2.38315e-09	-0.00376545
2.38328e-09	-0.00379737
2.38341e-09	-0.0038292
2.38353e-09	-0.00386094
2.38366e-09	-0.0038926
2.38379e-09	-0.00392417
2.38392e-09	-0.00395565
2.38405e-09	-0.00398705
2.38418e-09	-0.00401835
2.3843e-09	-0.00404957
2.38443e-09	-0.00408071
2.38456e-09	-0.00411175
2.38469e-09	-0.00414271
2.38482e-09	-0.00417358
2.38495e-09	-0.00420436
2.38507e-09	-0.00423506
2.3852e-09	-0.00426567
2.38533e-09	-0.00429619
2.38546e-09	-0.00432663
2.38559e-09	-0.00435697
2.38572e-09	-0.00438723
2.38584e-09	-0.00441741
2.38597e-09	-0.00444749
2.3861e-09	-0.00447749
2.38623e-09	-0.00450741
2.38636e-09	-0.00453723
2.38649e-09	-0.00456697
2.38662e-09	-0.00459662
2.38674e-09	-0.00462619
2.38687e-09	-0.00465567
2.387e-09	-0.00468506
2.38713e-09	-0.00471436
2.38726e-09	-0.00474358
2.38739e-09	-0.00477271
2.38751e-09	-0.00480175
2.38764e-09	-0.00483071
2.38777e-09	-0.00485958
2.3879e-09	-0.00488837
2.38803e-09	-0.00491707
2.38816e-09	-0.00494568
2.38828e-09	-0.0049742
2.38841e-09	-0.00500264
2.38854e-09	-0.00503099
2.38867e-09	-0.00505926
2.3888e-09	-0.00508744
2.38893e-09	-0.00511553
2.38906e-09	-0.00514354
2.38918e-09	-0.00517146
2.38931e-09	-0.00519929
2.38944e-09	-0.00522704
2.38957e-09	-0.0052547
2.3897e-09	-0.00528227
2.38983e-09	-0.00530976
2.38995e-09	-0.00533717
2.39008e-09	-0.00536448
2.39021e-09	-0.00539172
2.39034e-09	-0.00541886
2.39047e-09	-0.00544592
2.3906e-09	-0.00547289
2.39072e-09	-0.00549978
2.39085e-09	-0.00552658
2.39098e-09	-0.0055533
2.39111e-09	-0.00557993
2.39124e-09	-0.00560647
2.39137e-09	-0.00563293
2.3915e-09	-0.00565931
2.39162e-09	-0.00568559
2.39175e-09	-0.0057118
2.39188e-09	-0.00573791
2.39201e-09	-0.00576395
2.39214e-09	-0.00578989
2.39227e-09	-0.00581575
2.39239e-09	-0.00584153
2.39252e-09	-0.00586722
2.39265e-09	-0.00589282
2.39278e-09	-0.00591834
2.39291e-09	-0.00594378
2.39304e-09	-0.00596913
2.39316e-09	-0.00599439
2.39329e-09	-0.00601957
2.39342e-09	-0.00604467
2.39355e-09	-0.00606968
2.39368e-09	-0.0060946
2.39381e-09	-0.00611944
2.39393e-09	-0.0061442
2.39406e-09	-0.00616887
2.39419e-09	-0.00619346
2.39432e-09	-0.00621796
2.39445e-09	-0.00624237
2.39458e-09	-0.00626671
2.39471e-09	-0.00629096
2.39483e-09	-0.00631512
2.39496e-09	-0.0063392
2.39509e-09	-0.0063632
2.39522e-09	-0.00638711
2.39535e-09	-0.00641093
2.39548e-09	-0.00643468
2.3956e-09	-0.00645834
2.39573e-09	-0.00648191
2.39586e-09	-0.0065054
2.39599e-09	-0.00652881
2.39612e-09	-0.00655213
2.39625e-09	-0.00657537
2.39637e-09	-0.00659853
2.3965e-09	-0.0066216
2.39663e-09	-0.00664459
2.39676e-09	-0.00666749
2.39689e-09	-0.00669031
2.39702e-09	-0.00671305
2.39715e-09	-0.0067357
2.39727e-09	-0.00675827
2.3974e-09	-0.00678076
2.39753e-09	-0.00680317
2.39766e-09	-0.00682549
2.39779e-09	-0.00684773
2.39792e-09	-0.00686988
2.39804e-09	-0.00689195
2.39817e-09	-0.00691394
2.3983e-09	-0.00693585
2.39843e-09	-0.00695767
2.39856e-09	-0.00697941
2.39869e-09	-0.00700107
2.39881e-09	-0.00702265
2.39894e-09	-0.00704414
2.39907e-09	-0.00706555
2.3992e-09	-0.00708688
2.39933e-09	-0.00710812
2.39946e-09	-0.00712929
2.39959e-09	-0.00715037
2.39971e-09	-0.00717137
2.39984e-09	-0.00719228
2.39997e-09	-0.00721312
2.4001e-09	-0.00723387
2.40023e-09	-0.00725454
2.40036e-09	-0.00727513
2.40048e-09	-0.00729564
2.40061e-09	-0.00731606
2.40074e-09	-0.00733641
2.40087e-09	-0.00735667
2.401e-09	-0.00737685
2.40113e-09	-0.00739695
2.40125e-09	-0.00741697
2.40138e-09	-0.0074369
2.40151e-09	-0.00745676
2.40164e-09	-0.00747653
2.40177e-09	-0.00749623
2.4019e-09	-0.00751584
2.40202e-09	-0.00753537
2.40215e-09	-0.00755482
2.40228e-09	-0.00757419
2.40241e-09	-0.00759348
2.40254e-09	-0.00761268
2.40267e-09	-0.00763181
2.4028e-09	-0.00765086
2.40292e-09	-0.00766982
2.40305e-09	-0.00768871
2.40318e-09	-0.00770751
2.40331e-09	-0.00772624
2.40344e-09	-0.00774488
2.40357e-09	-0.00776345
2.40369e-09	-0.00778193
2.40382e-09	-0.00780034
2.40395e-09	-0.00781866
2.40408e-09	-0.0078369
2.40421e-09	-0.00785507
2.40434e-09	-0.00787316
2.40446e-09	-0.00789116
2.40459e-09	-0.00790909
2.40472e-09	-0.00792693
2.40485e-09	-0.0079447
2.40498e-09	-0.00796239
2.40511e-09	-0.00798
2.40524e-09	-0.00799753
2.40536e-09	-0.00801498
2.40549e-09	-0.00803235
2.40562e-09	-0.00804964
2.40575e-09	-0.00806685
2.40588e-09	-0.00808399
2.40601e-09	-0.00810104
2.40613e-09	-0.00811802
2.40626e-09	-0.00813492
2.40639e-09	-0.00815174
2.40652e-09	-0.00816848
2.40665e-09	-0.00818515
2.40678e-09	-0.00820173
2.4069e-09	-0.00821824
2.40703e-09	-0.00823467
2.40716e-09	-0.00825102
2.40729e-09	-0.00826729
2.40742e-09	-0.00828349
2.40755e-09	-0.00829961
2.40768e-09	-0.00831565
2.4078e-09	-0.00833161
2.40793e-09	-0.00834749
2.40806e-09	-0.0083633
2.40819e-09	-0.00837903
2.40832e-09	-0.00839469
2.40845e-09	-0.00841026
2.40857e-09	-0.00842576
2.4087e-09	-0.00844118
2.40883e-09	-0.00845653
2.40896e-09	-0.0084718
2.40909e-09	-0.00848699
2.40922e-09	-0.0085021
2.40934e-09	-0.00851714
2.40947e-09	-0.0085321
2.4096e-09	-0.00854699
2.40973e-09	-0.00856179
2.40986e-09	-0.00857653
2.40999e-09	-0.00859118
2.41011e-09	-0.00860576
2.41024e-09	-0.00862027
2.41037e-09	-0.0086347
2.4105e-09	-0.00864905
2.41063e-09	-0.00866333
2.41076e-09	-0.00867753
2.41089e-09	-0.00869165
2.41101e-09	-0.0087057
2.41114e-09	-0.00871968
2.41127e-09	-0.00873358
2.4114e-09	-0.0087474
2.41153e-09	-0.00876115
2.41166e-09	-0.00877482
2.41178e-09	-0.00878842
2.41191e-09	-0.00880195
2.41204e-09	-0.0088154
2.41217e-09	-0.00882877
2.4123e-09	-0.00884207
2.41243e-09	-0.0088553
2.41255e-09	-0.00886845
2.41268e-09	-0.00888153
2.41281e-09	-0.00889453
2.41294e-09	-0.00890746
2.41307e-09	-0.00892031
2.4132e-09	-0.00893309
2.41333e-09	-0.0089458
2.41345e-09	-0.00895843
2.41358e-09	-0.00897099
2.41371e-09	-0.00898348
2.41384e-09	-0.00899589
2.41397e-09	-0.00900823
2.4141e-09	-0.0090205
2.41422e-09	-0.00903269
2.41435e-09	-0.00904481
2.41448e-09	-0.00905685
2.41461e-09	-0.00906883
2.41474e-09	-0.00908073
2.41487e-09	-0.00909256
2.41499e-09	-0.00910431
2.41512e-09	-0.00911599
2.41525e-09	-0.0091276
2.41538e-09	-0.00913914
2.41551e-09	-0.00915061
2.41564e-09	-0.009162
2.41577e-09	-0.00917332
2.41589e-09	-0.00918457
2.41602e-09	-0.00919575
2.41615e-09	-0.00920685
2.41628e-09	-0.00921789
2.41641e-09	-0.00922885
2.41654e-09	-0.00923974
2.41666e-09	-0.00925056
2.41679e-09	-0.00926131
2.41692e-09	-0.00927198
2.41705e-09	-0.00928259
2.41718e-09	-0.00929313
2.41731e-09	-0.00930359
2.41743e-09	-0.00931398
2.41756e-09	-0.0093243
2.41769e-09	-0.00933456
2.41782e-09	-0.00934474
2.41795e-09	-0.00935485
2.41808e-09	-0.00936489
2.4182e-09	-0.00937486
2.41833e-09	-0.00938476
2.41846e-09	-0.00939459
2.41859e-09	-0.00940435
2.41872e-09	-0.00941404
2.41885e-09	-0.00942366
2.41898e-09	-0.00943321
2.4191e-09	-0.00944269
2.41923e-09	-0.0094521
2.41936e-09	-0.00946144
2.41949e-09	-0.00947072
2.41962e-09	-0.00947992
2.41975e-09	-0.00948906
2.41987e-09	-0.00949812
2.42e-09	-0.00950712
2.42013e-09	-0.00951605
2.42026e-09	-0.00952491
2.42039e-09	-0.0095337
2.42052e-09	-0.00954242
2.42064e-09	-0.00955108
2.42077e-09	-0.00955966
2.4209e-09	-0.00956818
2.42103e-09	-0.00957663
2.42116e-09	-0.00958501
2.42129e-09	-0.00959333
2.42142e-09	-0.00960157
2.42154e-09	-0.00960975
2.42167e-09	-0.00961786
2.4218e-09	-0.00962591
2.42193e-09	-0.00963388
2.42206e-09	-0.00964179
2.42219e-09	-0.00964964
2.42231e-09	-0.00965741
2.42244e-09	-0.00966512
2.42257e-09	-0.00967276
2.4227e-09	-0.00968034
2.42283e-09	-0.00968785
2.42296e-09	-0.00969529
2.42308e-09	-0.00970266
2.42321e-09	-0.00970997
2.42334e-09	-0.00971722
2.42347e-09	-0.00972439
2.4236e-09	-0.00973151
2.42373e-09	-0.00973855
2.42386e-09	-0.00974553
2.42398e-09	-0.00975244
2.42411e-09	-0.00975929
2.42424e-09	-0.00976608
2.42437e-09	-0.00977279
2.4245e-09	-0.00977945
2.42463e-09	-0.00978603
2.42475e-09	-0.00979256
2.42488e-09	-0.00979902
2.42501e-09	-0.00980541
2.42514e-09	-0.00981174
2.42527e-09	-0.009818
2.4254e-09	-0.0098242
2.42552e-09	-0.00983033
2.42565e-09	-0.0098364
2.42578e-09	-0.00984241
2.42591e-09	-0.00984835
2.42604e-09	-0.00985423
2.42617e-09	-0.00986005
2.42629e-09	-0.0098658
2.42642e-09	-0.00987149
2.42655e-09	-0.00987711
2.42668e-09	-0.00988267
2.42681e-09	-0.00988817
2.42694e-09	-0.0098936
2.42707e-09	-0.00989897
2.42719e-09	-0.00990428
2.42732e-09	-0.00990953
2.42745e-09	-0.00991471
2.42758e-09	-0.00991983
2.42771e-09	-0.00992489
2.42784e-09	-0.00992988
2.42796e-09	-0.00993481
2.42809e-09	-0.00993968
2.42822e-09	-0.00994449
2.42835e-09	-0.00994924
2.42848e-09	-0.00995392
2.42861e-09	-0.00995855
2.42873e-09	-0.00996311
2.42886e-09	-0.00996761
2.42899e-09	-0.00997205
2.42912e-09	-0.00997642
2.42925e-09	-0.00998074
2.42938e-09	-0.00998499
2.42951e-09	-0.00998919
2.42963e-09	-0.00999332
2.42976e-09	-0.00999739
2.42989e-09	-0.0100014
2.43002e-09	-0.0100054
2.43015e-09	-0.0100092
2.43028e-09	-0.0100131
2.4304e-09	-0.0100168
2.43053e-09	-0.0100206
2.43066e-09	-0.0100242
2.43079e-09	-0.0100278
2.43092e-09	-0.0100313
2.43105e-09	-0.0100348
2.43117e-09	-0.0100382
2.4313e-09	-0.0100416
2.43143e-09	-0.0100449
2.43156e-09	-0.0100481
2.43169e-09	-0.0100513
2.43182e-09	-0.0100544
2.43195e-09	-0.0100574
2.43207e-09	-0.0100604
2.4322e-09	-0.0100634
2.43233e-09	-0.0100663
2.43246e-09	-0.0100691
2.43259e-09	-0.0100718
2.43272e-09	-0.0100745
2.43284e-09	-0.0100772
2.43297e-09	-0.0100798
2.4331e-09	-0.0100823
2.43323e-09	-0.0100848
2.43336e-09	-0.0100872
2.43349e-09	-0.0100896
2.43361e-09	-0.0100919
2.43374e-09	-0.0100941
2.43387e-09	-0.0100963
2.434e-09	-0.0100984
2.43413e-09	-0.0101005
2.43426e-09	-0.0101025
2.43438e-09	-0.0101045
2.43451e-09	-0.0101064
2.43464e-09	-0.0101082
2.43477e-09	-0.01011
2.4349e-09	-0.0101117
2.43503e-09	-0.0101134
2.43516e-09	-0.010115
2.43528e-09	-0.0101166
2.43541e-09	-0.0101181
2.43554e-09	-0.0101196
2.43567e-09	-0.010121
2.4358e-09	-0.0101223
2.43593e-09	-0.0101236
2.43605e-09	-0.0101248
2.43618e-09	-0.010126
2.43631e-09	-0.0101271
2.43644e-09	-0.0101282
2.43657e-09	-0.0101292
2.4367e-09	-0.0101302
2.43682e-09	-0.0101311
2.43695e-09	-0.0101319
2.43708e-09	-0.0101327
2.43721e-09	-0.0101335
2.43734e-09	-0.0101342
2.43747e-09	-0.0101348
2.4376e-09	-0.0101354
2.43772e-09	-0.0101359
2.43785e-09	-0.0101364
2.43798e-09	-0.0101368
2.43811e-09	-0.0101372
2.43824e-09	-0.0101375
2.43837e-09	-0.0101377
2.43849e-09	-0.0101379
2.43862e-09	-0.0101381
2.43875e-09	-0.0101382
2.43888e-09	-0.0101382
2.43901e-09	-0.0101382
2.43914e-09	-0.0101382
2.43926e-09	-0.0101381
2.43939e-09	-0.0101379
2.43952e-09	-0.0101377
2.43965e-09	-0.0101374
2.43978e-09	-0.0101371
2.43991e-09	-0.0101367
2.44004e-09	-0.0101363
2.44016e-09	-0.0101358
2.44029e-09	-0.0101353
2.44042e-09	-0.0101347
2.44055e-09	-0.0101341
2.44068e-09	-0.0101334
2.44081e-09	-0.0101327
2.44093e-09	-0.0101319
2.44106e-09	-0.0101311
2.44119e-09	-0.0101302
2.44132e-09	-0.0101293
2.44145e-09	-0.0101283
2.44158e-09	-0.0101273
2.4417e-09	-0.0101262
2.44183e-09	-0.0101251
2.44196e-09	-0.0101239
2.44209e-09	-0.0101226
2.44222e-09	-0.0101214
2.44235e-09	-0.01012
2.44247e-09	-0.0101186
2.4426e-09	-0.0101172
2.44273e-09	-0.0101157
2.44286e-09	-0.0101142
2.44299e-09	-0.0101126
2.44312e-09	-0.010111
2.44325e-09	-0.0101093
2.44337e-09	-0.0101076
2.4435e-09	-0.0101058
2.44363e-09	-0.010104
2.44376e-09	-0.0101022
2.44389e-09	-0.0101002
2.44402e-09	-0.0100983
2.44414e-09	-0.0100963
2.44427e-09	-0.0100942
2.4444e-09	-0.0100921
2.44453e-09	-0.0100899
2.44466e-09	-0.0100877
2.44479e-09	-0.0100855
2.44491e-09	-0.0100832
2.44504e-09	-0.0100808
2.44517e-09	-0.0100784
2.4453e-09	-0.010076
2.44543e-09	-0.0100735
2.44556e-09	-0.010071
2.44569e-09	-0.0100684
2.44581e-09	-0.0100658
2.44594e-09	-0.0100631
2.44607e-09	-0.0100604
2.4462e-09	-0.0100576
2.44633e-09	-0.0100548
2.44646e-09	-0.010052
2.44658e-09	-0.0100491
2.44671e-09	-0.0100461
2.44684e-09	-0.0100431
2.44697e-09	-0.0100401
2.4471e-09	-0.010037
2.44723e-09	-0.0100339
2.44735e-09	-0.0100307
2.44748e-09	-0.0100275
2.44761e-09	-0.0100242
2.44774e-09	-0.0100209
2.44787e-09	-0.0100176
2.448e-09	-0.0100142
2.44813e-09	-0.0100107
2.44825e-09	-0.0100073
2.44838e-09	-0.0100037
2.44851e-09	-0.0100002
2.44864e-09	-0.00999655
2.44877e-09	-0.00999289
2.4489e-09	-0.00998919
2.44902e-09	-0.00998544
2.44915e-09	-0.00998165
2.44928e-09	-0.00997782
2.44941e-09	-0.00997394
2.44954e-09	-0.00997002
2.44967e-09	-0.00996606
2.44979e-09	-0.00996205
2.44992e-09	-0.00995801
2.45005e-09	-0.00995392
2.45018e-09	-0.00994978
2.45031e-09	-0.00994561
2.45044e-09	-0.00994139
2.45056e-09	-0.00993713
2.45069e-09	-0.00993283
2.45082e-09	-0.00992849
2.45095e-09	-0.00992411
2.45108e-09	-0.00991968
2.45121e-09	-0.00991521
2.45134e-09	-0.0099107
2.45146e-09	-0.00990615
2.45159e-09	-0.00990156
2.45172e-09	-0.00989693
2.45185e-09	-0.00989226
2.45198e-09	-0.00988754
2.45211e-09	-0.00988279
2.45223e-09	-0.00987799
2.45236e-09	-0.00987316
2.45249e-09	-0.00986828
2.45262e-09	-0.00986336
2.45275e-09	-0.00985841
2.45288e-09	-0.00985341
2.453e-09	-0.00984838
2.45313e-09	-0.0098433
2.45326e-09	-0.00983818
2.45339e-09	-0.00983303
2.45352e-09	-0.00982783
2.45365e-09	-0.0098226
2.45378e-09	-0.00981733
2.4539e-09	-0.00981202
2.45403e-09	-0.00980666
2.45416e-09	-0.00980128
2.45429e-09	-0.00979585
2.45442e-09	-0.00979038
2.45455e-09	-0.00978487
2.45467e-09	-0.00977933
2.4548e-09	-0.00977375
2.45493e-09	-0.00976813
2.45506e-09	-0.00976247
2.45519e-09	-0.00975677
2.45532e-09	-0.00975104
2.45544e-09	-0.00974527
2.45557e-09	-0.00973946
2.4557e-09	-0.00973361
2.45583e-09	-0.00972773
2.45596e-09	-0.00972181
2.45609e-09	-0.00971585
2.45622e-09	-0.00970985
2.45634e-09	-0.00970382
2.45647e-09	-0.00969775
2.4566e-09	-0.00969165
2.45673e-09	-0.00968551
2.45686e-09	-0.00967933
2.45699e-09	-0.00967311
2.45711e-09	-0.00966686
2.45724e-09	-0.00966058
2.45737e-09	-0.00965425
2.4575e-09	-0.00964789
2.45763e-09	-0.0096415
2.45776e-09	-0.00963507
2.45788e-09	-0.00962861
2.45801e-09	-0.0096221
2.45814e-09	-0.00961557
2.45827e-09	-0.009609
2.4584e-09	-0.00960239
2.45853e-09	-0.00959575
2.45865e-09	-0.00958907
2.45878e-09	-0.00958236
2.45891e-09	-0.00957562
2.45904e-09	-0.00956884
2.45917e-09	-0.00956202
2.4593e-09	-0.00955518
2.45943e-09	-0.00954829
2.45955e-09	-0.00954138
2.45968e-09	-0.00953443
2.45981e-09	-0.00952744
2.45994e-09	-0.00952043
2.46007e-09	-0.00951338
2.4602e-09	-0.00950629
2.46032e-09	-0.00949917
2.46045e-09	-0.00949202
2.46058e-09	-0.00948484
2.46071e-09	-0.00947762
2.46084e-09	-0.00947037
2.46097e-09	-0.00946309
2.46109e-09	-0.00945577
2.46122e-09	-0.00944842
2.46135e-09	-0.00944104
2.46148e-09	-0.00943363
2.46161e-09	-0.00942619
2.46174e-09	-0.00941871
2.46187e-09	-0.0094112
2.46199e-09	-0.00940366
2.46212e-09	-0.00939609
2.46225e-09	-0.00938848
2.46238e-09	-0.00938085
2.46251e-09	-0.00937318
2.46264e-09	-0.00936548
2.46276e-09	-0.00935775
2.46289e-09	-0.00934999
2.46302e-09	-0.0093422
2.46315e-09	-0.00933438
2.46328e-09	-0.00932652
2.46341e-09	-0.00931864
2.46353e-09	-0.00931073
2.46366e-09	-0.00930278
2.46379e-09	-0.00929481
2.46392e-09	-0.0092868
2.46405e-09	-0.00927877
2.46418e-09	-0.0092707
2.46431e-09	-0.00926261
2.46443e-09	-0.00925448
2.46456e-09	-0.00924633
2.46469e-09	-0.00923814
2.46482e-09	-0.00922993
2.46495e-09	-0.00922169
2.46508e-09	-0.00921341
2.4652e-09	-0.00920511
2.46533e-09	-0.00919678
2.46546e-09	-0.00918842
2.46559e-09	-0.00918004
2.46572e-09	-0.00917162
2.46585e-09	-0.00916318
2.46597e-09	-0.0091547
2.4661e-09	-0.0091462
2.46623e-09	-0.00913767
2.46636e-09	-0.00912912
2.46649e-09	-0.00912053
2.46662e-09	-0.00911192
2.46674e-09	-0.00910328
2.46687e-09	-0.00909461
2.467e-09	-0.00908591
2.46713e-09	-0.00907719
2.46726e-09	-0.00906844
2.46739e-09	-0.00905966
2.46752e-09	-0.00905085
2.46764e-09	-0.00904202
2.46777e-09	-0.00903316
2.4679e-09	-0.00902428
2.46803e-09	-0.00901536
2.46816e-09	-0.00900642
2.46829e-09	-0.00899746
2.46841e-09	-0.00898847
2.46854e-09	-0.00897945
2.46867e-09	-0.0089704
2.4688e-09	-0.00896133
2.46893e-09	-0.00895224
2.46906e-09	-0.00894311
2.46918e-09	-0.00893397
2.46931e-09	-0.00892479
2.46944e-09	-0.00891559
2.46957e-09	-0.00890637
2.4697e-09	-0.00889712
2.46983e-09	-0.00888785
2.46996e-09	-0.00887855
2.47008e-09	-0.00886922
2.47021e-09	-0.00885987
2.47034e-09	-0.0088505
2.47047e-09	-0.0088411
2.4706e-09	-0.00883168
2.47073e-09	-0.00882223
2.47085e-09	-0.00881276
2.47098e-09	-0.00880326
2.47111e-09	-0.00879374
2.47124e-09	-0.0087842
2.47137e-09	-0.00877463
2.4715e-09	-0.00876504
2.47162e-09	-0.00875542
2.47175e-09	-0.00874578
2.47188e-09	-0.00873612
2.47201e-09	-0.00872643
2.47214e-09	-0.00871672
2.47227e-09	-0.00870699
2.4724e-09	-0.00869724
2.47252e-09	-0.00868746
2.47265e-09	-0.00867766
2.47278e-09	-0.00866784
2.47291e-09	-0.00865799
2.47304e-09	-0.00864812
2.47317e-09	-0.00863823
2.47329e-09	-0.00862832
2.47342e-09	-0.00861838
2.47355e-09	-0.00860842
2.47368e-09	-0.00859844
2.47381e-09	-0.00858844
2.47394e-09	-0.00857842
2.47406e-09	-0.00856837
2.47419e-09	-0.0085583
2.47432e-09	-0.00854822
2.47445e-09	-0.00853811
2.47458e-09	-0.00852798
2.47471e-09	-0.00851783
2.47483e-09	-0.00850765
2.47496e-09	-0.00849746
2.47509e-09	-0.00848724
2.47522e-09	-0.00847701
2.47535e-09	-0.00846675
2.47548e-09	-0.00845648
2.47561e-09	-0.00844618
2.47573e-09	-0.00843586
2.47586e-09	-0.00842552
2.47599e-09	-0.00841517
2.47612e-09	-0.00840479
2.47625e-09	-0.00839439
2.47638e-09	-0.00838397
2.4765e-09	-0.00837354
2.47663e-09	-0.00836308
2.47676e-09	-0.0083526
2.47689e-09	-0.00834211
2.47702e-09	-0.00833159
2.47715e-09	-0.00832106
2.47727e-09	-0.0083105
2.4774e-09	-0.00829993
2.47753e-09	-0.00828934
2.47766e-09	-0.00827873
2.47779e-09	-0.0082681
2.47792e-09	-0.00825745
2.47805e-09	-0.00824679
2.47817e-09	-0.0082361
2.4783e-09	-0.0082254
2.47843e-09	-0.00821468
2.47856e-09	-0.00820394
2.47869e-09	-0.00819318
2.47882e-09	-0.00818241
2.47894e-09	-0.00817162
2.47907e-09	-0.00816081
2.4792e-09	-0.00814998
2.47933e-09	-0.00813913
2.47946e-09	-0.00812827
2.47959e-09	-0.00811739
2.47971e-09	-0.00810649
2.47984e-09	-0.00809558
2.47997e-09	-0.00808464
2.4801e-09	-0.0080737
2.48023e-09	-0.00806273
2.48036e-09	-0.00805175
2.48049e-09	-0.00804075
2.48061e-09	-0.00802973
2.48074e-09	-0.0080187
2.48087e-09	-0.00800765
2.481e-09	-0.00799659
2.48113e-09	-0.00798551
2.48126e-09	-0.00797441
2.48138e-09	-0.0079633
2.48151e-09	-0.00795217
2.48164e-09	-0.00794103
2.48177e-09	-0.00792987
2.4819e-09	-0.00791869
2.48203e-09	-0.0079075
2.48215e-09	-0.0078963
2.48228e-09	-0.00788507
2.48241e-09	-0.00787384
2.48254e-09	-0.00786259
2.48267e-09	-0.00785132
2.4828e-09	-0.00784004
2.48292e-09	-0.00782874
2.48305e-09	-0.00781743
2.48318e-09	-0.00780611
2.48331e-09	-0.00779476
2.48344e-09	-0.00778341
2.48357e-09	-0.00777204
2.4837e-09	-0.00776066
2.48382e-09	-0.00774926
2.48395e-09	-0.00773785
2.48408e-09	-0.00772642
2.48421e-09	-0.00771499
2.48434e-09	-0.00770353
2.48447e-09	-0.00769207
2.48459e-09	-0.00768059
2.48472e-09	-0.00766909
2.48485e-09	-0.00765759
2.48498e-09	-0.00764607
2.48511e-09	-0.00763453
2.48524e-09	-0.00762299
2.48536e-09	-0.00761143
2.48549e-09	-0.00759985
2.48562e-09	-0.00758827
2.48575e-09	-0.00757667
2.48588e-09	-0.00756506
2.48601e-09	-0.00755344
2.48614e-09	-0.0075418
2.48626e-09	-0.00753015
2.48639e-09	-0.00751849
2.48652e-09	-0.00750682
2.48665e-09	-0.00749514
2.48678e-09	-0.00748344
2.48691e-09	-0.00747173
2.48703e-09	-0.00746001
2.48716e-09	-0.00744828
2.48729e-09	-0.00743654
2.48742e-09	-0.00742478
2.48755e-09	-0.00741302
2.48768e-09	-0.00740124
2.4878e-09	-0.00738945
2.48793e-09	-0.00737765
2.48806e-09	-0.00736584
2.48819e-09	-0.00735402
2.48832e-09	-0.00734218
2.48845e-09	-0.00733034
2.48858e-09	-0.00731848
2.4887e-09	-0.00730662
2.48883e-09	-0.00729474
2.48896e-09	-0.00728286
2.48909e-09	-0.00727096
2.48922e-09	-0.00725905
2.48935e-09	-0.00724713
2.48947e-09	-0.00723521
2.4896e-09	-0.00722327
2.48973e-09	-0.00721132
2.48986e-09	-0.00719937
2.48999e-09	-0.0071874
2.49012e-09	-0.00717542
2.49024e-09	-0.00716344
2.49037e-09	-0.00715144
2.4905e-09	-0.00713944
2.49063e-09	-0.00712742
2.49076e-09	-0.0071154
2.49089e-09	-0.00710336
2.49101e-09	-0.00709132
2.49114e-09	-0.00707927
2.49127e-09	-0.00706721
2.4914e-09	-0.00705514
2.49153e-09	-0.00704307
2.49166e-09	-0.00703098
2.49179e-09	-0.00701889
2.49191e-09	-0.00700678
2.49204e-09	-0.00699467
2.49217e-09	-0.00698255
2.4923e-09	-0.00697043
2.49243e-09	-0.00695829
2.49256e-09	-0.00694615
2.49268e-09	-0.00693399
2.49281e-09	-0.00692183
2.49294e-09	-0.00690967
2.49307e-09	-0.00689749
2.4932e-09	-0.00688531
2.49333e-09	-0.00687312
2.49345e-09	-0.00686092
2.49358e-09	-0.00684872
2.49371e-09	-0.00683651
2.49384e-09	-0.00682429
2.49397e-09	-0.00681206
2.4941e-09	-0.00679983
2.49423e-09	-0.00678759
2.49435e-09	-0.00677534
2.49448e-09	-0.00676308
2.49461e-09	-0.00675082
2.49474e-09	-0.00673856
2.49487e-09	-0.00672628
2.495e-09	-0.006714
2.49512e-09	-0.00670171
2.49525e-09	-0.00668942
2.49538e-09	-0.00667712
2.49551e-09	-0.00666482
2.49564e-09	-0.00665251
2.49577e-09	-0.00664019
2.49589e-09	-0.00662787
2.49602e-09	-0.00661554
2.49615e-09	-0.0066032
2.49628e-09	-0.00659086
2.49641e-09	-0.00657852
2.49654e-09	-0.00656616
2.49667e-09	-0.00655381
2.49679e-09	-0.00654145
2.49692e-09	-0.00652908
2.49705e-09	-0.00651671
2.49718e-09	-0.00650433
2.49731e-09	-0.00649195
2.49744e-09	-0.00647956
2.49756e-09	-0.00646717
2.49769e-09	-0.00645477
2.49782e-09	-0.00644237
2.49795e-09	-0.00642996
2.49808e-09	-0.00641755
2.49821e-09	-0.00640514
2.49833e-09	-0.00639272
2.49846e-09	-0.00638029
2.49859e-09	-0.00636787
2.49872e-09	-0.00635543
2.49885e-09	-0.006343
2.49898e-09	-0.00633056
2.4991e-09	-0.00631811
2.49923e-09	-0.00630567
2.49936e-09	-0.00629321
2.49949e-09	-0.00628076
2.49962e-09	-0.0062683
2.49975e-09	-0.00625584
2.49988e-09	-0.00624337
2.5e-09	-0.0062309
2.50013e-09	-0.00621843
2.50026e-09	-0.00620595
2.50039e-09	-0.00619348
2.50052e-09	-0.00618099
2.50065e-09	-0.00616851
2.50077e-09	-0.00615602
2.5009e-09	-0.00614353
2.50103e-09	-0.00613104
2.50116e-09	-0.00611854
2.50129e-09	-0.00610604
2.50142e-09	-0.00609354
2.50154e-09	-0.00608104
2.50167e-09	-0.00606853
2.5018e-09	-0.00605603
2.50193e-09	-0.00604351
2.50206e-09	-0.006031
2.50219e-09	-0.00601849
2.50232e-09	-0.00600597
2.50244e-09	-0.00599345
2.50257e-09	-0.00598093
2.5027e-09	-0.00596841
2.50283e-09	-0.00595589
2.50296e-09	-0.00594336
2.50309e-09	-0.00593083
2.50321e-09	-0.0059183
2.50334e-09	-0.00590577
2.50347e-09	-0.00589324
2.5036e-09	-0.00588071
2.50373e-09	-0.00586818
2.50386e-09	-0.00585564
2.50398e-09	-0.0058431
2.50411e-09	-0.00583057
2.50424e-09	-0.00581803
2.50437e-09	-0.00580549
2.5045e-09	-0.00579295
2.50463e-09	-0.00578041
2.50476e-09	-0.00576787
2.50488e-09	-0.00575533
2.50501e-09	-0.00574278
2.50514e-09	-0.00573024
2.50527e-09	-0.0057177
2.5054e-09	-0.00570515
2.50553e-09	-0.00569261
2.50565e-09	-0.00568007
2.50578e-09	-0.00566752
2.50591e-09	-0.00565498
2.50604e-09	-0.00564244
2.50617e-09	-0.00562989
2.5063e-09	-0.00561735
2.50642e-09	-0.00560481
2.50655e-09	-0.00559226
2.50668e-09	-0.00557972
2.50681e-09	-0.00556718
2.50694e-09	-0.00555464
2.50707e-09	-0.00554209
2.50719e-09	-0.00552955
2.50732e-09	-0.00551702
2.50745e-09	-0.00550448
2.50758e-09	-0.00549194
2.50771e-09	-0.0054794
2.50784e-09	-0.00546687
2.50797e-09	-0.00545433
2.50809e-09	-0.0054418
2.50822e-09	-0.00542926
2.50835e-09	-0.00541673
2.50848e-09	-0.0054042
2.50861e-09	-0.00539167
2.50874e-09	-0.00537915
2.50886e-09	-0.00536662
2.50899e-09	-0.0053541
2.50912e-09	-0.00534157
2.50925e-09	-0.00532905
2.50938e-09	-0.00531653
2.50951e-09	-0.00530402
2.50963e-09	-0.0052915
2.50976e-09	-0.00527899
2.50989e-09	-0.00526648
2.51002e-09	-0.00525397
2.51015e-09	-0.00524146
2.51028e-09	-0.00522896
2.51041e-09	-0.00521645
2.51053e-09	-0.00520395
2.51066e-09	-0.00519146
2.51079e-09	-0.00517896
2.51092e-09	-0.00516647
2.51105e-09	-0.00515398
2.51118e-09	-0.00514149
2.5113e-09	-0.00512901
2.51143e-09	-0.00511653
2.51156e-09	-0.00510405
2.51169e-09	-0.00509157
2.51182e-09	-0.0050791
2.51195e-09	-0.00506663
2.51207e-09	-0.00505416
2.5122e-09	-0.0050417
2.51233e-09	-0.00502924
2.51246e-09	-0.00501678
2.51259e-09	-0.00500432
2.51272e-09	-0.00499187
2.51285e-09	-0.00497943
2.51297e-09	-0.00496698
2.5131e-09	-0.00495454
2.51323e-09	-0.00494211
2.51336e-09	-0.00492967
2.51349e-09	-0.00491725
2.51362e-09	-0.00490482
2.51374e-09	-0.0048924
2.51387e-09	-0.00487998
2.514e-09	-0.00486757
2.51413e-09	-0.00485516
2.51426e-09	-0.00484276
2.51439e-09	-0.00483035
2.51451e-09	-0.00481796
2.51464e-09	-0.00480557
2.51477e-09	-0.00479318
2.5149e-09	-0.00478079
2.51503e-09	-0.00476842
2.51516e-09	-0.00475604
2.51528e-09	-0.00474367
2.51541e-09	-0.00473131
2.51554e-09	-0.00471895
2.51567e-09	-0.00470659
2.5158e-09	-0.00469424
2.51593e-09	-0.00468189
2.51606e-09	-0.00466955
2.51618e-09	-0.00465722
2.51631e-09	-0.00464488
2.51644e-09	-0.00463256
2.51657e-09	-0.00462024
2.5167e-09	-0.00460792
2.51683e-09	-0.00459561
2.51695e-09	-0.00458331
2.51708e-09	-0.00457101
2.51721e-09	-0.00455871
2.51734e-09	-0.00454642
2.51747e-09	-0.00453414
2.5176e-09	-0.00452186
2.51772e-09	-0.00450959
2.51785e-09	-0.00449732
2.51798e-09	-0.00448506
2.51811e-09	-0.00447281
2.51824e-09	-0.00446056
2.51837e-09	-0.00444832
2.5185e-09	-0.00443608
2.51862e-09	-0.00442385
2.51875e-09	-0.00441162
2.51888e-09	-0.0043994
2.51901e-09	-0.00438719
2.51914e-09	-0.00437499
2.51927e-09	-0.00436279
2.51939e-09	-0.00435059
2.51952e-09	-0.0043384
2.51965e-09	-0.00432622
2.51978e-09	-0.00431405
2.51991e-09	-0.00430188
2.52004e-09	-0.00428972
2.52016e-09	-0.00427756
2.52029e-09	-0.00426542
2.52042e-09	-0.00425328
2.52055e-09	-0.00424114
2.52068e-09	-0.00422901
2.52081e-09	-0.00421689
2.52094e-09	-0.00420478
2.52106e-09	-0.00419267
2.52119e-09	-0.00418057
2.52132e-09	-0.00416848
2.52145e-09	-0.00415639
2.52158e-09	-0.00414432
2.52171e-09	-0.00413224
2.52183e-09	-0.00412018
2.52196e-09	-0.00410812
2.52209e-09	-0.00409608
2.52222e-09	-0.00408403
2.52235e-09	-0.004072
2.52248e-09	-0.00405997
2.5226e-09	-0.00404796
2.52273e-09	-0.00403594
2.52286e-09	-0.00402394
2.52299e-09	-0.00401194
2.52312e-09	-0.00399996
2.52325e-09	-0.00398798
2.52337e-09	-0.003976
2.5235e-09	-0.00396404
2.52363e-09	-0.00395208
2.52376e-09	-0.00394014
2.52389e-09	-0.0039282
2.52402e-09	-0.00391626
2.52415e-09	-0.00390434
2.52427e-09	-0.00389242
2.5244e-09	-0.00388052
2.52453e-09	-0.00386862
2.52466e-09	-0.00385673
2.52479e-09	-0.00384484
2.52492e-09	-0.00383297
2.52504e-09	-0.0038211
2.52517e-09	-0.00380925
2.5253e-09	-0.0037974
2.52543e-09	-0.00378556
2.52556e-09	-0.00377373
2.52569e-09	-0.00376191
2.52581e-09	-0.00375009
2.52594e-09	-0.00373829
2.52607e-09	-0.00372649
2.5262e-09	-0.0037147
2.52633e-09	-0.00370293
2.52646e-09	-0.00369116
2.52659e-09	-0.0036794
2.52671e-09	-0.00366764
2.52684e-09	-0.0036559
2.52697e-09	-0.00364417
2.5271e-09	-0.00363245
2.52723e-09	-0.00362073
2.52736e-09	-0.00360903
2.52748e-09	-0.00359733
2.52761e-09	-0.00358564
2.52774e-09	-0.00357397
2.52787e-09	-0.0035623
2.528e-09	-0.00355064
2.52813e-09	-0.00353899
2.52825e-09	-0.00352735
2.52838e-09	-0.00351572
2.52851e-09	-0.0035041
2.52864e-09	-0.00349249
2.52877e-09	-0.00348089
2.5289e-09	-0.0034693
2.52903e-09	-0.00345772
2.52915e-09	-0.00344615
2.52928e-09	-0.00343459
2.52941e-09	-0.00342304
2.52954e-09	-0.0034115
2.52967e-09	-0.00339997
2.5298e-09	-0.00338845
2.52992e-09	-0.00337693
2.53005e-09	-0.00336543
2.53018e-09	-0.00335394
2.53031e-09	-0.00334246
2.53044e-09	-0.00333099
2.53057e-09	-0.00331953
2.53069e-09	-0.00330808
2.53082e-09	-0.00329664
2.53095e-09	-0.00328522
2.53108e-09	-0.0032738
2.53121e-09	-0.00326239
2.53134e-09	-0.00325099
2.53146e-09	-0.00323961
2.53159e-09	-0.00322823
2.53172e-09	-0.00321686
2.53185e-09	-0.00320551
2.53198e-09	-0.00319416
2.53211e-09	-0.00318283
2.53224e-09	-0.00317151
2.53236e-09	-0.0031602
2.53249e-09	-0.0031489
2.53262e-09	-0.00313761
2.53275e-09	-0.00312633
2.53288e-09	-0.00311506
2.53301e-09	-0.0031038
2.53313e-09	-0.00309256
2.53326e-09	-0.00308132
2.53339e-09	-0.0030701
2.53352e-09	-0.00305888
2.53365e-09	-0.00304768
2.53378e-09	-0.00303649
2.5339e-09	-0.00302531
2.53403e-09	-0.00301415
2.53416e-09	-0.00300299
2.53429e-09	-0.00299185
2.53442e-09	-0.00298071
2.53455e-09	-0.00296959
2.53468e-09	-0.00295848
2.5348e-09	-0.00294738
2.53493e-09	-0.00293629
2.53506e-09	-0.00292522
2.53519e-09	-0.00291415
2.53532e-09	-0.0029031
2.53545e-09	-0.00289206
2.53557e-09	-0.00288103
2.5357e-09	-0.00287001
2.53583e-09	-0.002859
2.53596e-09	-0.00284801
2.53609e-09	-0.00283703
2.53622e-09	-0.00282606
2.53634e-09	-0.0028151
2.53647e-09	-0.00280415
2.5366e-09	-0.00279322
2.53673e-09	-0.00278229
2.53686e-09	-0.00277138
2.53699e-09	-0.00276048
2.53712e-09	-0.0027496
2.53724e-09	-0.00273872
2.53737e-09	-0.00272786
2.5375e-09	-0.00271701
2.53763e-09	-0.00270617
2.53776e-09	-0.00269535
2.53789e-09	-0.00268453
2.53801e-09	-0.00267373
2.53814e-09	-0.00266294
2.53827e-09	-0.00265217
2.5384e-09	-0.0026414
2.53853e-09	-0.00263065
2.53866e-09	-0.00261991
2.53878e-09	-0.00260918
2.53891e-09	-0.00259847
2.53904e-09	-0.00258777
2.53917e-09	-0.00257708
2.5393e-09	-0.0025664
2.53943e-09	-0.00255574
2.53955e-09	-0.00254509
2.53968e-09	-0.00253445
2.53981e-09	-0.00252382
2.53994e-09	-0.00251321
2.54007e-09	-0.00250261
2.5402e-09	-0.00249202
2.54033e-09	-0.00248145
2.54045e-09	-0.00247089
2.54058e-09	-0.00246034
2.54071e-09	-0.0024498
2.54084e-09	-0.00243928
2.54097e-09	-0.00242877
2.5411e-09	-0.00241827
2.54122e-09	-0.00240779
2.54135e-09	-0.00239731
2.54148e-09	-0.00238686
2.54161e-09	-0.00237641
2.54174e-09	-0.00236598
2.54187e-09	-0.00235556
2.54199e-09	-0.00234516
2.54212e-09	-0.00233476
2.54225e-09	-0.00232438
2.54238e-09	-0.00231402
2.54251e-09	-0.00230367
2.54264e-09	-0.00229333
2.54277e-09	-0.002283
2.54289e-09	-0.00227269
2.54302e-09	-0.00226239
2.54315e-09	-0.0022521
2.54328e-09	-0.00224183
2.54341e-09	-0.00223157
2.54354e-09	-0.00222133
2.54366e-09	-0.00221109
2.54379e-09	-0.00220088
2.54392e-09	-0.00219067
2.54405e-09	-0.00218048
2.54418e-09	-0.0021703
2.54431e-09	-0.00216014
2.54443e-09	-0.00214999
2.54456e-09	-0.00213985
2.54469e-09	-0.00212973
2.54482e-09	-0.00211962
2.54495e-09	-0.00210952
2.54508e-09	-0.00209944
2.54521e-09	-0.00208937
2.54533e-09	-0.00207932
2.54546e-09	-0.00206928
2.54559e-09	-0.00205925
2.54572e-09	-0.00204924
2.54585e-09	-0.00203924
2.54598e-09	-0.00202926
2.5461e-09	-0.00201928
2.54623e-09	-0.00200933
2.54636e-09	-0.00199938
2.54649e-09	-0.00198945
2.54662e-09	-0.00197954
2.54675e-09	-0.00196964
2.54687e-09	-0.00195975
2.547e-09	-0.00194988
2.54713e-09	-0.00194002
2.54726e-09	-0.00193018
2.54739e-09	-0.00192035
2.54752e-09	-0.00191053
2.54764e-09	-0.00190073
2.54777e-09	-0.00189094
2.5479e-09	-0.00188117
2.54803e-09	-0.00187141
2.54816e-09	-0.00186166
2.54829e-09	-0.00185193
2.54842e-09	-0.00184221
2.54854e-09	-0.00183251
2.54867e-09	-0.00182282
2.5488e-09	-0.00181315
2.54893e-09	-0.00180349
2.54906e-09	-0.00179385
2.54919e-09	-0.00178422
2.54931e-09	-0.0017746
2.54944e-09	-0.001765
2.54957e-09	-0.00175541
2.5497e-09	-0.00174584
2.54983e-09	-0.00173628
2.54996e-09	-0.00172674
2.55008e-09	-0.00171721
2.55021e-09	-0.0017077
2.55034e-09	-0.0016982
2.55047e-09	-0.00168871
2.5506e-09	-0.00167924
2.55073e-09	-0.00166979
2.55086e-09	-0.00166034
2.55098e-09	-0.00165092
2.55111e-09	-0.00164151
2.55124e-09	-0.00163211
2.55137e-09	-0.00162273
2.5515e-09	-0.00161336
2.55163e-09	-0.00160401
2.55175e-09	-0.00159467
2.55188e-09	-0.00158535
2.55201e-09	-0.00157604
2.55214e-09	-0.00156674
2.55227e-09	-0.00155746
2.5524e-09	-0.0015482
2.55252e-09	-0.00153895
2.55265e-09	-0.00152972
2.55278e-09	-0.0015205
2.55291e-09	-0.00151129
2.55304e-09	-0.0015021
2.55317e-09	-0.00149293
2.5533e-09	-0.00148377
2.55342e-09	-0.00147462
2.55355e-09	-0.0014655
2.55368e-09	-0.00145638
2.55381e-09	-0.00144728
2.55394e-09	-0.0014382
2.55407e-09	-0.00142913
2.55419e-09	-0.00142007
2.55432e-09	-0.00141103
2.55445e-09	-0.00140201
2.55458e-09	-0.001393
2.55471e-09	-0.00138401
2.55484e-09	-0.00137503
2.55496e-09	-0.00136606
2.55509e-09	-0.00135711
2.55522e-09	-0.00134818
2.55535e-09	-0.00133926
2.55548e-09	-0.00133036
2.55561e-09	-0.00132147
2.55573e-09	-0.0013126
2.55586e-09	-0.00130374
2.55599e-09	-0.0012949
2.55612e-09	-0.00128607
2.55625e-09	-0.00127726
2.55638e-09	-0.00126846
2.55651e-09	-0.00125968
2.55663e-09	-0.00125091
2.55676e-09	-0.00124216
2.55689e-09	-0.00123343
2.55702e-09	-0.00122471
2.55715e-09	-0.001216
2.55728e-09	-0.00120731
2.5574e-09	-0.00119864
2.55753e-09	-0.00118998
2.55766e-09	-0.00118134
2.55779e-09	-0.00117271
2.55792e-09	-0.0011641
2.55805e-09	-0.0011555
2.55817e-09	-0.00114692
2.5583e-09	-0.00113835
2.55843e-09	-0.0011298
2.55856e-09	-0.00112127
2.55869e-09	-0.00111275
2.55882e-09	-0.00110424
2.55895e-09	-0.00109576
2.55907e-09	-0.00108728
2.5592e-09	-0.00107882
2.55933e-09	-0.00107038
2.55946e-09	-0.00106196
2.55959e-09	-0.00105354
2.55972e-09	-0.00104515
2.55984e-09	-0.00103677
2.55997e-09	-0.0010284
2.5601e-09	-0.00102005
2.56023e-09	-0.00101172
2.56036e-09	-0.0010034
2.56049e-09	-0.000995101
2.56061e-09	-0.000986814
2.56074e-09	-0.000978543
2.56087e-09	-0.000970287
2.561e-09	-0.000962048
2.56113e-09	-0.000953824
2.56126e-09	-0.000945615
2.56139e-09	-0.000937422
2.56151e-09	-0.000929245
2.56164e-09	-0.000921083
2.56177e-09	-0.000912937
2.5619e-09	-0.000904807
2.56203e-09	-0.000896692
2.56216e-09	-0.000888593
2.56228e-09	-0.00088051
2.56241e-09	-0.000872443
2.56254e-09	-0.000864391
2.56267e-09	-0.000856355
2.5628e-09	-0.000848335
2.56293e-09	-0.00084033
2.56305e-09	-0.000832341
2.56318e-09	-0.000824368
2.56331e-09	-0.000816411
2.56344e-09	-0.000808469
2.56357e-09	-0.000800543
2.5637e-09	-0.000792633
2.56382e-09	-0.000784739
2.56395e-09	-0.00077686
2.56408e-09	-0.000768997
2.56421e-09	-0.00076115
2.56434e-09	-0.000753319
2.56447e-09	-0.000745504
2.5646e-09	-0.000737704
2.56472e-09	-0.00072992
2.56485e-09	-0.000722152
2.56498e-09	-0.0007144
2.56511e-09	-0.000706664
2.56524e-09	-0.000698943
2.56537e-09	-0.000691238
2.56549e-09	-0.000683549
2.56562e-09	-0.000675876
2.56575e-09	-0.000668219
2.56588e-09	-0.000660578
2.56601e-09	-0.000652952
2.56614e-09	-0.000645342
2.56626e-09	-0.000637748
2.56639e-09	-0.00063017
2.56652e-09	-0.000622608
2.56665e-09	-0.000615062
2.56678e-09	-0.000607532
2.56691e-09	-0.000600017
2.56704e-09	-0.000592518
2.56716e-09	-0.000585036
2.56729e-09	-0.000577569
2.56742e-09	-0.000570118
2.56755e-09	-0.000562683
2.56768e-09	-0.000555263
2.56781e-09	-0.00054786
2.56793e-09	-0.000540472
2.56806e-09	-0.000533101
2.56819e-09	-0.000525745
2.56832e-09	-0.000518405
2.56845e-09	-0.000511081
2.56858e-09	-0.000503773
2.5687e-09	-0.000496481
2.56883e-09	-0.000489205
2.56896e-09	-0.000481945
2.56909e-09	-0.0004747
2.56922e-09	-0.000467472
2.56935e-09	-0.000460259
2.56948e-09	-0.000453062
2.5696e-09	-0.000445882
2.56973e-09	-0.000438717
2.56986e-09	-0.000431568
2.56999e-09	-0.000424435
2.57012e-09	-0.000417318
2.57025e-09	-0.000410216
2.57037e-09	-0.000403131
2.5705e-09	-0.000396062
2.57063e-09	-0.000389008
2.57076e-09	-0.000381971
2.57089e-09	-0.000374949
2.57102e-09	-0.000367943
2.57114e-09	-0.000360954
2.57127e-09	-0.00035398
2.5714e-09	-0.000347022
2.57153e-09	-0.00034008
2.57166e-09	-0.000333153
2.57179e-09	-0.000326243
2.57191e-09	-0.000319349
2.57204e-09	-0.00031247
2.57217e-09	-0.000305608
2.5723e-09	-0.000298761
2.57243e-09	-0.000291931
2.57256e-09	-0.000285116
2.57269e-09	-0.000278317
2.57281e-09	-0.000271534
2.57294e-09	-0.000264767
2.57307e-09	-0.000258016
2.5732e-09	-0.00025128
2.57333e-09	-0.000244561
2.57346e-09	-0.000237857
2.57358e-09	-0.00023117
2.57371e-09	-0.000224498
2.57384e-09	-0.000217842
2.57397e-09	-0.000211202
2.5741e-09	-0.000204578
2.57423e-09	-0.00019797
2.57435e-09	-0.000191378
2.57448e-09	-0.000184802
2.57461e-09	-0.000178241
2.57474e-09	-0.000171696
2.57487e-09	-0.000165168
2.575e-09	-0.000158655
2.57513e-09	-0.000152158
2.57525e-09	-0.000145677
2.57538e-09	-0.000139211
2.57551e-09	-0.000132762
2.57564e-09	-0.000126328
2.57577e-09	-0.00011991
2.5759e-09	-0.000113508
2.57602e-09	-0.000107122
2.57615e-09	-0.000100752
2.57628e-09	-9.43978e-05
2.57641e-09	-8.80593e-05
2.57654e-09	-8.17366e-05
2.57667e-09	-7.54297e-05
2.57679e-09	-6.91386e-05
2.57692e-09	-6.28633e-05
2.57705e-09	-5.66039e-05
2.57718e-09	-5.03602e-05
2.57731e-09	-4.41324e-05
2.57744e-09	-3.79204e-05
2.57757e-09	-3.17241e-05
2.57769e-09	-2.55437e-05
2.57782e-09	-1.9379e-05
2.57795e-09	-1.32301e-05
2.57808e-09	-7.09701e-06
2.57821e-09	-9.79682e-07
2.57834e-09	5.12188e-06
2.57846e-09	1.12077e-05
2.57859e-09	1.72777e-05
2.57872e-09	2.3332e-05
2.57885e-09	2.93706e-05
2.57898e-09	3.53934e-05
2.57911e-09	4.14005e-05
2.57923e-09	4.73918e-05
2.57936e-09	5.33674e-05
2.57949e-09	5.93273e-05
2.57962e-09	6.52715e-05
2.57975e-09	7.12e-05
2.57988e-09	7.71127e-05
2.58001e-09	8.30098e-05
2.58013e-09	8.88912e-05
2.58026e-09	9.47569e-05
2.58039e-09	0.000100607
2.58052e-09	0.000106441
2.58065e-09	0.00011226
2.58078e-09	0.000118063
2.5809e-09	0.00012385
2.58103e-09	0.000129622
2.58116e-09	0.000135378
2.58129e-09	0.000141119
2.58142e-09	0.000146844
2.58155e-09	0.000152553
2.58167e-09	0.000158246
2.5818e-09	0.000163924
2.58193e-09	0.000169587
2.58206e-09	0.000175234
2.58219e-09	0.000180865
2.58232e-09	0.00018648
2.58244e-09	0.000192081
2.58257e-09	0.000197665
2.5827e-09	0.000203234
2.58283e-09	0.000208787
2.58296e-09	0.000214325
2.58309e-09	0.000219848
2.58322e-09	0.000225355
2.58334e-09	0.000230846
2.58347e-09	0.000236322
2.5836e-09	0.000241782
2.58373e-09	0.000247227
2.58386e-09	0.000252656
2.58399e-09	0.00025807
2.58411e-09	0.000263468
2.58424e-09	0.000268851
2.58437e-09	0.000274219
2.5845e-09	0.000279571
2.58463e-09	0.000284907
2.58476e-09	0.000290229
2.58488e-09	0.000295534
2.58501e-09	0.000300825
2.58514e-09	0.0003061
2.58527e-09	0.000311359
2.5854e-09	0.000316604
2.58553e-09	0.000321832
2.58566e-09	0.000327046
2.58578e-09	0.000332244
2.58591e-09	0.000337427
2.58604e-09	0.000342594
2.58617e-09	0.000347746
2.5863e-09	0.000352883
2.58643e-09	0.000358005
2.58655e-09	0.000363111
2.58668e-09	0.000368202
2.58681e-09	0.000373277
2.58694e-09	0.000378338
2.58707e-09	0.000383383
2.5872e-09	0.000388413
2.58732e-09	0.000393427
2.58745e-09	0.000398427
2.58758e-09	0.000403411
2.58771e-09	0.00040838
2.58784e-09	0.000413334
2.58797e-09	0.000418272
2.5881e-09	0.000423196
2.58822e-09	0.000428104
2.58835e-09	0.000432997
2.58848e-09	0.000437875
2.58861e-09	0.000442738
2.58874e-09	0.000447585
2.58887e-09	0.000452418
2.58899e-09	0.000457235
2.58912e-09	0.000462038
2.58925e-09	0.000466825
2.58938e-09	0.000471597
2.58951e-09	0.000476354
2.58964e-09	0.000481097
2.58976e-09	0.000485824
2.58989e-09	0.000490536
2.59002e-09	0.000495233
2.59015e-09	0.000499915
2.59028e-09	0.000504582
2.59041e-09	0.000509234
2.59053e-09	0.000513871
2.59066e-09	0.000518493
2.59079e-09	0.0005231
2.59092e-09	0.000527693
2.59105e-09	0.00053227
2.59118e-09	0.000536832
2.59131e-09	0.00054138
2.59143e-09	0.000545913
2.59156e-09	0.00055043
2.59169e-09	0.000554933
2.59182e-09	0.000559421
2.59195e-09	0.000563895
2.59208e-09	0.000568353
2.5922e-09	0.000572797
2.59233e-09	0.000577225
2.59246e-09	0.000581639
2.59259e-09	0.000586039
2.59272e-09	0.000590423
2.59285e-09	0.000594793
2.59297e-09	0.000599148
2.5931e-09	0.000603488
2.59323e-09	0.000607814
2.59336e-09	0.000612124
2.59349e-09	0.000616421
2.59362e-09	0.000620702
2.59375e-09	0.000624969
2.59387e-09	0.000629221
2.594e-09	0.000633459
2.59413e-09	0.000637681
2.59426e-09	0.00064189
2.59439e-09	0.000646083
2.59452e-09	0.000650263
2.59464e-09	0.000654427
2.59477e-09	0.000658577
2.5949e-09	0.000662712
2.59503e-09	0.000666833
2.59516e-09	0.00067094
2.59529e-09	0.000675032
2.59541e-09	0.000679109
2.59554e-09	0.000683172
2.59567e-09	0.00068722
2.5958e-09	0.000691254
2.59593e-09	0.000695274
2.59606e-09	0.000699279
2.59619e-09	0.00070327
2.59631e-09	0.000707246
2.59644e-09	0.000711208
2.59657e-09	0.000715156
2.5967e-09	0.000719089
2.59683e-09	0.000723008
2.59696e-09	0.000726913
2.59708e-09	0.000730803
2.59721e-09	0.000734679
2.59734e-09	0.000738541
2.59747e-09	0.000742388
2.5976e-09	0.000746221
2.59773e-09	0.00075004
2.59785e-09	0.000753845
2.59798e-09	0.000757635
2.59811e-09	0.000761412
2.59824e-09	0.000765174
2.59837e-09	0.000768922
2.5985e-09	0.000772656
2.59862e-09	0.000776375
2.59875e-09	0.000780081
2.59888e-09	0.000783773
2.59901e-09	0.00078745
2.59914e-09	0.000791113
2.59927e-09	0.000794763
2.5994e-09	0.000798398
2.59952e-09	0.000802019
2.59965e-09	0.000805626
2.59978e-09	0.000809219
2.59991e-09	0.000812799
2.60004e-09	0.000816364
2.60017e-09	0.000819915
2.60029e-09	0.000823452
2.60042e-09	0.000826976
2.60055e-09	0.000830485
2.60068e-09	0.000833981
2.60081e-09	0.000837463
2.60094e-09	0.000840931
2.60106e-09	0.000844385
2.60119e-09	0.000847825
2.60132e-09	0.000851251
2.60145e-09	0.000854664
2.60158e-09	0.000858063
2.60171e-09	0.000861448
2.60184e-09	0.000864819
2.60196e-09	0.000868176
2.60209e-09	0.00087152
2.60222e-09	0.00087485
2.60235e-09	0.000878167
2.60248e-09	0.00088147
2.60261e-09	0.000884759
2.60273e-09	0.000888034
2.60286e-09	0.000891296
2.60299e-09	0.000894544
2.60312e-09	0.000897779
2.60325e-09	0.000901
2.60338e-09	0.000904208
2.6035e-09	0.000907402
2.60363e-09	0.000910582
2.60376e-09	0.000913749
2.60389e-09	0.000916903
2.60402e-09	0.000920043
2.60415e-09	0.000923169
2.60428e-09	0.000926283
2.6044e-09	0.000929382
2.60453e-09	0.000932469
2.60466e-09	0.000935541
2.60479e-09	0.000938601
2.60492e-09	0.000941647
2.60505e-09	0.00094468
2.60517e-09	0.000947699
2.6053e-09	0.000950706
2.60543e-09	0.000953699
2.60556e-09	0.000956678
2.60569e-09	0.000959645
2.60582e-09	0.000962598
2.60594e-09	0.000965538
2.60607e-09	0.000968464
2.6062e-09	0.000971378
2.60633e-09	0.000974278
2.60646e-09	0.000977166
2.60659e-09	0.00098004
2.60671e-09	0.0009829
2.60684e-09	0.000985748
2.60697e-09	0.000988583
2.6071e-09	0.000991405
2.60723e-09	0.000994214
2.60736e-09	0.000997009
2.60749e-09	0.000999792
2.60761e-09	0.00100256
2.60774e-09	0.00100532
2.60787e-09	0.00100806
2.608e-09	0.00101079
2.60813e-09	0.00101351
2.60826e-09	0.00101622
2.60838e-09	0.00101891
2.60851e-09	0.00102159
2.60864e-09	0.00102425
2.60877e-09	0.00102691
2.6089e-09	0.00102955
2.60903e-09	0.00103217
2.60915e-09	0.00103479
2.60928e-09	0.00103739
2.60941e-09	0.00103998
2.60954e-09	0.00104256
2.60967e-09	0.00104512
2.6098e-09	0.00104767
2.60993e-09	0.00105021
2.61005e-09	0.00105274
2.61018e-09	0.00105525
2.61031e-09	0.00105775
2.61044e-09	0.00106024
2.61057e-09	0.00106272
2.6107e-09	0.00106518
2.61082e-09	0.00106763
2.61095e-09	0.00107007
2.61108e-09	0.00107249
2.61121e-09	0.00107491
2.61134e-09	0.00107731
2.61147e-09	0.0010797
2.61159e-09	0.00108207
2.61172e-09	0.00108443
2.61185e-09	0.00108678
2.61198e-09	0.00108912
2.61211e-09	0.00109145
2.61224e-09	0.00109376
2.61237e-09	0.00109606
2.61249e-09	0.00109835
2.61262e-09	0.00110063
2.61275e-09	0.00110289
2.61288e-09	0.00110515
2.61301e-09	0.00110739
2.61314e-09	0.00110961
2.61326e-09	0.00111183
2.61339e-09	0.00111403
2.61352e-09	0.00111623
2.61365e-09	0.0011184
2.61378e-09	0.00112057
2.61391e-09	0.00112273
2.61403e-09	0.00112487
2.61416e-09	0.001127
2.61429e-09	0.00112912
2.61442e-09	0.00113123
2.61455e-09	0.00113332
2.61468e-09	0.0011354
2.6148e-09	0.00113747
2.61493e-09	0.00113953
2.61506e-09	0.00114158
2.61519e-09	0.00114361
2.61532e-09	0.00114564
2.61545e-09	0.00114765
2.61558e-09	0.00114965
2.6157e-09	0.00115164
2.61583e-09	0.00115361
2.61596e-09	0.00115558
2.61609e-09	0.00115753
2.61622e-09	0.00115947
2.61635e-09	0.0011614
2.61647e-09	0.00116331
2.6166e-09	0.00116522
2.61673e-09	0.00116711
2.61686e-09	0.00116899
2.61699e-09	0.00117086
2.61712e-09	0.00117272
2.61724e-09	0.00117457
2.61737e-09	0.0011764
2.6175e-09	0.00117823
2.61763e-09	0.00118004
2.61776e-09	0.00118184
2.61789e-09	0.00118363
2.61802e-09	0.00118541
2.61814e-09	0.00118718
2.61827e-09	0.00118893
2.6184e-09	0.00119067
2.61853e-09	0.00119241
2.61866e-09	0.00119413
2.61879e-09	0.00119584
2.61891e-09	0.00119753
2.61904e-09	0.00119922
2.61917e-09	0.0012009
2.6193e-09	0.00120256
2.61943e-09	0.00120421
2.61956e-09	0.00120585
2.61968e-09	0.00120748
2.61981e-09	0.0012091
2.61994e-09	0.00121071
2.62007e-09	0.00121231
2.6202e-09	0.00121389
2.62033e-09	0.00121547
2.62046e-09	0.00121703
2.62058e-09	0.00121858
2.62071e-09	0.00122012
2.62084e-09	0.00122166
2.62097e-09	0.00122317
2.6211e-09	0.00122468
2.62123e-09	0.00122618
2.62135e-09	0.00122767
2.62148e-09	0.00122914
2.62161e-09	0.0012306
2.62174e-09	0.00123206
2.62187e-09	0.0012335
2.622e-09	0.00123493
2.62212e-09	0.00123635
2.62225e-09	0.00123776
2.62238e-09	0.00123916
2.62251e-09	0.00124055
2.62264e-09	0.00124193
2.62277e-09	0.00124329
2.62289e-09	0.00124465
2.62302e-09	0.001246
2.62315e-09	0.00124733
2.62328e-09	0.00124865
2.62341e-09	0.00124997
2.62354e-09	0.00125127
2.62367e-09	0.00125256
2.62379e-09	0.00125384
2.62392e-09	0.00125512
2.62405e-09	0.00125638
2.62418e-09	0.00125763
2.62431e-09	0.00125886
2.62444e-09	0.00126009
2.62456e-09	0.00126131
2.62469e-09	0.00126252
2.62482e-09	0.00126372
2.62495e-09	0.0012649
2.62508e-09	0.00126608
2.62521e-09	0.00126725
2.62533e-09	0.0012684
2.62546e-09	0.00126955
2.62559e-09	0.00127069
2.62572e-09	0.00127181
2.62585e-09	0.00127293
2.62598e-09	0.00127403
2.62611e-09	0.00127512
2.62623e-09	0.00127621
2.62636e-09	0.00127728
2.62649e-09	0.00127835
2.62662e-09	0.0012794
2.62675e-09	0.00128044
2.62688e-09	0.00128148
2.627e-09	0.0012825
2.62713e-09	0.00128351
2.62726e-09	0.00128452
2.62739e-09	0.00128551
2.62752e-09	0.00128649
2.62765e-09	0.00128747
2.62777e-09	0.00128843
2.6279e-09	0.00128938
2.62803e-09	0.00129033
2.62816e-09	0.00129126
2.62829e-09	0.00129219
2.62842e-09	0.0012931
2.62855e-09	0.001294
2.62867e-09	0.0012949
2.6288e-09	0.00129578
2.62893e-09	0.00129666
2.62906e-09	0.00129752
2.62919e-09	0.00129838
2.62932e-09	0.00129922
2.62944e-09	0.00130006
2.62957e-09	0.00130088
2.6297e-09	0.0013017
2.62983e-09	0.00130251
2.62996e-09	0.0013033
2.63009e-09	0.00130409
2.63021e-09	0.00130487
2.63034e-09	0.00130564
2.63047e-09	0.0013064
2.6306e-09	0.00130715
2.63073e-09	0.00130789
2.63086e-09	0.00130862
2.63098e-09	0.00130934
2.63111e-09	0.00131005
2.63124e-09	0.00131075
2.63137e-09	0.00131145
2.6315e-09	0.00131213
2.63163e-09	0.0013128
2.63176e-09	0.00131347
2.63188e-09	0.00131413
2.63201e-09	0.00131477
2.63214e-09	0.00131541
2.63227e-09	0.00131604
2.6324e-09	0.00131666
2.63253e-09	0.00131726
2.63265e-09	0.00131786
2.63278e-09	0.00131846
2.63291e-09	0.00131904
2.63304e-09	0.00131961
2.63317e-09	0.00132017
2.6333e-09	0.00132073
2.63342e-09	0.00132128
2.63355e-09	0.00132181
2.63368e-09	0.00132234
2.63381e-09	0.00132286
2.63394e-09	0.00132337
2.63407e-09	0.00132387
2.6342e-09	0.00132436
2.63432e-09	0.00132484
2.63445e-09	0.00132532
2.63458e-09	0.00132578
2.63471e-09	0.00132624
2.63484e-09	0.00132669
2.63497e-09	0.00132713
2.63509e-09	0.00132755
2.63522e-09	0.00132798
2.63535e-09	0.00132839
2.63548e-09	0.00132879
2.63561e-09	0.00132919
2.63574e-09	0.00132957
2.63586e-09	0.00132995
2.63599e-09	0.00133032
2.63612e-09	0.00133068
2.63625e-09	0.00133103
2.63638e-09	0.00133138
2.63651e-09	0.00133171
2.63664e-09	0.00133204
2.63676e-09	0.00133235
2.63689e-09	0.00133266
2.63702e-09	0.00133296
2.63715e-09	0.00133326
2.63728e-09	0.00133354
2.63741e-09	0.00133382
2.63753e-09	0.00133408
2.63766e-09	0.00133434
2.63779e-09	0.00133459
2.63792e-09	0.00133483
2.63805e-09	0.00133507
2.63818e-09	0.00133529
2.6383e-09	0.00133551
2.63843e-09	0.00133572
2.63856e-09	0.00133592
2.63869e-09	0.00133611
2.63882e-09	0.0013363
2.63895e-09	0.00133647
2.63907e-09	0.00133664
2.6392e-09	0.0013368
2.63933e-09	0.00133695
2.63946e-09	0.0013371
2.63959e-09	0.00133723
2.63972e-09	0.00133736
2.63985e-09	0.00133748
2.63997e-09	0.00133759
2.6401e-09	0.00133769
2.64023e-09	0.00133779
2.64036e-09	0.00133788
2.64049e-09	0.00133796
2.64062e-09	0.00133803
2.64074e-09	0.00133809
2.64087e-09	0.00133815
2.641e-09	0.0013382
2.64113e-09	0.00133824
2.64126e-09	0.00133827
2.64139e-09	0.00133829
2.64151e-09	0.00133831
2.64164e-09	0.00133832
2.64177e-09	0.00133832
2.6419e-09	0.00133832
2.64203e-09	0.0013383
2.64216e-09	0.00133828
2.64229e-09	0.00133825
2.64241e-09	0.00133822
2.64254e-09	0.00133817
2.64267e-09	0.00133812
2.6428e-09	0.00133806
2.64293e-09	0.00133799
2.64306e-09	0.00133792
2.64318e-09	0.00133784
2.64331e-09	0.00133775
2.64344e-09	0.00133765
2.64357e-09	0.00133755
2.6437e-09	0.00133744
2.64383e-09	0.00133732
2.64395e-09	0.00133719
2.64408e-09	0.00133706
2.64421e-09	0.00133692
2.64434e-09	0.00133677
2.64447e-09	0.00133661
2.6446e-09	0.00133645
2.64473e-09	0.00133628
2.64485e-09	0.0013361
2.64498e-09	0.00133592
2.64511e-09	0.00133573
2.64524e-09	0.00133553
2.64537e-09	0.00133532
2.6455e-09	0.00133511
2.64562e-09	0.00133489
2.64575e-09	0.00133466
2.64588e-09	0.00133443
2.64601e-09	0.00133419
2.64614e-09	0.00133394
2.64627e-09	0.00133368
2.64639e-09	0.00133342
2.64652e-09	0.00133315
2.64665e-09	0.00133288
2.64678e-09	0.00133259
2.64691e-09	0.0013323
2.64704e-09	0.00133201
2.64716e-09	0.0013317
2.64729e-09	0.00133139
2.64742e-09	0.00133107
2.64755e-09	0.00133075
2.64768e-09	0.00133042
2.64781e-09	0.00133008
2.64794e-09	0.00132974
2.64806e-09	0.00132938
2.64819e-09	0.00132903
2.64832e-09	0.00132866
2.64845e-09	0.00132829
2.64858e-09	0.00132791
2.64871e-09	0.00132753
2.64883e-09	0.00132714
2.64896e-09	0.00132674
2.64909e-09	0.00132634
2.64922e-09	0.00132592
2.64935e-09	0.00132551
2.64948e-09	0.00132508
2.6496e-09	0.00132465
2.64973e-09	0.00132422
2.64986e-09	0.00132377
2.64999e-09	0.00132332
2.65012e-09	0.00132287
2.65025e-09	0.00132241
2.65038e-09	0.00132194
2.6505e-09	0.00132146
2.65063e-09	0.00132098
2.65076e-09	0.00132049
2.65089e-09	0.00132
2.65102e-09	0.0013195
2.65115e-09	0.00131899
2.65127e-09	0.00131848
2.6514e-09	0.00131796
2.65153e-09	0.00131743
2.65166e-09	0.0013169
2.65179e-09	0.00131637
2.65192e-09	0.00131582
2.65204e-09	0.00131527
2.65217e-09	0.00131472
2.6523e-09	0.00131415
2.65243e-09	0.00131359
2.65256e-09	0.00131301
2.65269e-09	0.00131243
2.65282e-09	0.00131185
2.65294e-09	0.00131126
2.65307e-09	0.00131066
2.6532e-09	0.00131005
2.65333e-09	0.00130944
2.65346e-09	0.00130883
2.65359e-09	0.00130821
2.65371e-09	0.00130758
2.65384e-09	0.00130695
2.65397e-09	0.00130631
2.6541e-09	0.00130566
2.65423e-09	0.00130501
2.65436e-09	0.00130436
2.65448e-09	0.00130369
2.65461e-09	0.00130303
2.65474e-09	0.00130235
2.65487e-09	0.00130167
2.655e-09	0.00130099
2.65513e-09	0.0013003
2.65525e-09	0.0012996
2.65538e-09	0.0012989
2.65551e-09	0.00129819
2.65564e-09	0.00129748
2.65577e-09	0.00129676
2.6559e-09	0.00129604
2.65603e-09	0.00129531
2.65615e-09	0.00129457
2.65628e-09	0.00129383
2.65641e-09	0.00129309
2.65654e-09	0.00129234
2.65667e-09	0.00129158
2.6568e-09	0.00129082
2.65692e-09	0.00129005
2.65705e-09	0.00128928
2.65718e-09	0.0012885
2.65731e-09	0.00128772
2.65744e-09	0.00128693
2.65757e-09	0.00128614
2.65769e-09	0.00128534
2.65782e-09	0.00128453
2.65795e-09	0.00128372
2.65808e-09	0.00128291
2.65821e-09	0.00128209
2.65834e-09	0.00128126
2.65847e-09	0.00128043
2.65859e-09	0.0012796
2.65872e-09	0.00127876
2.65885e-09	0.00127791
2.65898e-09	0.00127706
2.65911e-09	0.0012762
2.65924e-09	0.00127534
2.65936e-09	0.00127448
2.65949e-09	0.00127361
2.65962e-09	0.00127273
2.65975e-09	0.00127185
2.65988e-09	0.00127096
2.66001e-09	0.00127007
2.66013e-09	0.00126918
2.66026e-09	0.00126828
2.66039e-09	0.00126737
2.66052e-09	0.00126646
2.66065e-09	0.00126555
2.66078e-09	0.00126463
2.66091e-09	0.0012637
2.66103e-09	0.00126277
2.66116e-09	0.00126184
2.66129e-09	0.0012609
2.66142e-09	0.00125996
2.66155e-09	0.00125901
2.66168e-09	0.00125805
2.6618e-09	0.0012571
2.66193e-09	0.00125613
2.66206e-09	0.00125517
2.66219e-09	0.0012542
2.66232e-09	0.00125322
2.66245e-09	0.00125224
2.66257e-09	0.00125125
2.6627e-09	0.00125026
2.66283e-09	0.00124927
2.66296e-09	0.00124827
2.66309e-09	0.00124727
2.66322e-09	0.00124626
2.66334e-09	0.00124525
2.66347e-09	0.00124423
2.6636e-09	0.00124321
2.66373e-09	0.00124218
2.66386e-09	0.00124115
2.66399e-09	0.00124012
2.66412e-09	0.00123908
2.66424e-09	0.00123804
2.66437e-09	0.00123699
2.6645e-09	0.00123594
2.66463e-09	0.00123488
2.66476e-09	0.00123382
2.66489e-09	0.00123276
2.66501e-09	0.00123169
2.66514e-09	0.00123062
2.66527e-09	0.00122954
2.6654e-09	0.00122846
2.66553e-09	0.00122738
2.66566e-09	0.00122629
2.66578e-09	0.00122519
2.66591e-09	0.0012241
2.66604e-09	0.00122299
2.66617e-09	0.00122189
2.6663e-09	0.00122078
2.66643e-09	0.00121967
2.66656e-09	0.00121855
2.66668e-09	0.00121743
2.66681e-09	0.0012163
2.66694e-09	0.00121517
2.66707e-09	0.00121404
2.6672e-09	0.0012129
2.66733e-09	0.00121176
2.66745e-09	0.00121061
2.66758e-09	0.00120946
2.66771e-09	0.00120831
2.66784e-09	0.00120715
2.66797e-09	0.00120599
2.6681e-09	0.00120483
2.66822e-09	0.00120366
2.66835e-09	0.00120249
2.66848e-09	0.00120131
2.66861e-09	0.00120013
2.66874e-09	0.00119895
2.66887e-09	0.00119776
2.669e-09	0.00119657
2.66912e-09	0.00119538
2.66925e-09	0.00119418
2.66938e-09	0.00119298
2.66951e-09	0.00119178
2.66964e-09	0.00119057
2.66977e-09	0.00118936
2.66989e-09	0.00118814
2.67002e-09	0.00118692
2.67015e-09	0.0011857
2.67028e-09	0.00118447
2.67041e-09	0.00118324
2.67054e-09	0.00118201
2.67066e-09	0.00118077
2.67079e-09	0.00117953
2.67092e-09	0.00117829
2.67105e-09	0.00117704
2.67118e-09	0.00117579
2.67131e-09	0.00117454
2.67143e-09	0.00117328
2.67156e-09	0.00117202
2.67169e-09	0.00117076
2.67182e-09	0.00116949
2.67195e-09	0.00116822
2.67208e-09	0.00116694
2.67221e-09	0.00116567
2.67233e-09	0.00116439
2.67246e-09	0.0011631
2.67259e-09	0.00116182
2.67272e-09	0.00116053
2.67285e-09	0.00115923
2.67298e-09	0.00115794
2.6731e-09	0.00115664
2.67323e-09	0.00115534
2.67336e-09	0.00115403
2.67349e-09	0.00115272
2.67362e-09	0.00115141
2.67375e-09	0.0011501
2.67387e-09	0.00114878
2.674e-09	0.00114746
2.67413e-09	0.00114613
2.67426e-09	0.00114481
2.67439e-09	0.00114348
2.67452e-09	0.00114214
2.67465e-09	0.00114081
2.67477e-09	0.00113947
2.6749e-09	0.00113813
2.67503e-09	0.00113678
2.67516e-09	0.00113544
2.67529e-09	0.00113409
2.67542e-09	0.00113273
2.67554e-09	0.00113138
2.67567e-09	0.00113002
2.6758e-09	0.00112866
2.67593e-09	0.00112729
2.67606e-09	0.00112592
2.67619e-09	0.00112456
2.67631e-09	0.00112318
2.67644e-09	0.00112181
2.67657e-09	0.00112043
2.6767e-09	0.00111905
2.67683e-09	0.00111766
2.67696e-09	0.00111628
2.67709e-09	0.00111489
2.67721e-09	0.0011135
2.67734e-09	0.0011121
2.67747e-09	0.00111071
2.6776e-09	0.00110931
2.67773e-09	0.00110791
2.67786e-09	0.0011065
2.67798e-09	0.0011051
2.67811e-09	0.00110369
2.67824e-09	0.00110227
2.67837e-09	0.00110086
2.6785e-09	0.00109944
2.67863e-09	0.00109802
2.67875e-09	0.0010966
2.67888e-09	0.00109518
2.67901e-09	0.00109375
2.67914e-09	0.00109232
2.67927e-09	0.00109089
2.6794e-09	0.00108946
2.67952e-09	0.00108802
2.67965e-09	0.00108658
2.67978e-09	0.00108514
2.67991e-09	0.0010837
2.68004e-09	0.00108225
2.68017e-09	0.0010808
2.6803e-09	0.00107935
2.68042e-09	0.0010779
2.68055e-09	0.00107645
2.68068e-09	0.00107499
2.68081e-09	0.00107353
2.68094e-09	0.00107207
2.68107e-09	0.00107061
2.68119e-09	0.00106914
2.68132e-09	0.00106767
2.68145e-09	0.0010662
2.68158e-09	0.00106473
2.68171e-09	0.00106326
2.68184e-09	0.00106178
2.68196e-09	0.0010603
2.68209e-09	0.00105882
2.68222e-09	0.00105734
2.68235e-09	0.00105586
2.68248e-09	0.00105437
2.68261e-09	0.00105288
2.68274e-09	0.00105139
2.68286e-09	0.0010499
2.68299e-09	0.0010484
2.68312e-09	0.00104691
2.68325e-09	0.00104541
2.68338e-09	0.00104391
2.68351e-09	0.00104241
2.68363e-09	0.0010409
2.68376e-09	0.0010394
2.68389e-09	0.00103789
2.68402e-09	0.00103638
2.68415e-09	0.00103487
2.68428e-09	0.00103335
2.6844e-09	0.00103184
2.68453e-09	0.00103032
2.68466e-09	0.0010288
2.68479e-09	0.00102728
2.68492e-09	0.00102576
2.68505e-09	0.00102424
2.68518e-09	0.00102271
2.6853e-09	0.00102118
2.68543e-09	0.00101966
2.68556e-09	0.00101812
2.68569e-09	0.00101659
2.68582e-09	0.00101506
2.68595e-09	0.00101352
2.68607e-09	0.00101199
2.6862e-09	0.00101045
2.68633e-09	0.00100891
2.68646e-09	0.00100736
2.68659e-09	0.00100582
2.68672e-09	0.00100427
2.68684e-09	0.00100273
2.68697e-09	0.00100118
2.6871e-09	0.00099963
2.68723e-09	0.000998078
2.68736e-09	0.000996526
2.68749e-09	0.000994971
2.68761e-09	0.000993416
2.68774e-09	0.000991858
2.68787e-09	0.0009903
2.688e-09	0.00098874
2.68813e-09	0.000987178
2.68826e-09	0.000985615
2.68839e-09	0.000984051
2.68851e-09	0.000982485
2.68864e-09	0.000980918
2.68877e-09	0.00097935
2.6889e-09	0.00097778
2.68903e-09	0.000976209
2.68916e-09	0.000974637
2.68928e-09	0.000973063
2.68941e-09	0.000971488
2.68954e-09	0.000969912
2.68967e-09	0.000968334
2.6898e-09	0.000966756
2.68993e-09	0.000965176
2.69005e-09	0.000963594
2.69018e-09	0.000962012
2.69031e-09	0.000960429
2.69044e-09	0.000958844
2.69057e-09	0.000957258
2.6907e-09	0.000955671
2.69083e-09	0.000954083
2.69095e-09	0.000952493
2.69108e-09	0.000950903
2.69121e-09	0.000949311
2.69134e-09	0.000947719
2.69147e-09	0.000946125
2.6916e-09	0.00094453
2.69172e-09	0.000942934
2.69185e-09	0.000941338
2.69198e-09	0.00093974
2.69211e-09	0.000938141
2.69224e-09	0.000936541
2.69237e-09	0.00093494
2.69249e-09	0.000933338
2.69262e-09	0.000931735
2.69275e-09	0.000930131
2.69288e-09	0.000928527
2.69301e-09	0.000926921
2.69314e-09	0.000925314
2.69327e-09	0.000923707
2.69339e-09	0.000922099
2.69352e-09	0.000920489
2.69365e-09	0.000918879
2.69378e-09	0.000917268
2.69391e-09	0.000915656
2.69404e-09	0.000914044
2.69416e-09	0.00091243
2.69429e-09	0.000910816
2.69442e-09	0.000909201
2.69455e-09	0.000907585
2.69468e-09	0.000905968
2.69481e-09	0.000904351
2.69493e-09	0.000902733
2.69506e-09	0.000901114
2.69519e-09	0.000899494
2.69532e-09	0.000897874
2.69545e-09	0.000896253
2.69558e-09	0.000894631
2.6957e-09	0.000893009
2.69583e-09	0.000891385
2.69596e-09	0.000889762
2.69609e-09	0.000888137
2.69622e-09	0.000886512
2.69635e-09	0.000884887
2.69648e-09	0.00088326
2.6966e-09	0.000881634
2.69673e-09	0.000880006
2.69686e-09	0.000878378
2.69699e-09	0.00087675
2.69712e-09	0.00087512
2.69725e-09	0.000873491
2.69737e-09	0.000871861
2.6975e-09	0.00087023
2.69763e-09	0.000868599
2.69776e-09	0.000866967
2.69789e-09	0.000865335
2.69802e-09	0.000863702
2.69814e-09	0.000862069
2.69827e-09	0.000860435
2.6984e-09	0.000858801
2.69853e-09	0.000857167
2.69866e-09	0.000855532
2.69879e-09	0.000853897
2.69892e-09	0.000852261
2.69904e-09	0.000850625
2.69917e-09	0.000848988
2.6993e-09	0.000847352
2.69943e-09	0.000845714
2.69956e-09	0.000844077
2.69969e-09	0.000842439
2.69981e-09	0.000840801
2.69994e-09	0.000839163
2.70007e-09	0.000837524
2.7002e-09	0.000835885
2.70033e-09	0.000834245
2.70046e-09	0.000832606
2.70058e-09	0.000830966
2.70071e-09	0.000829326
2.70084e-09	0.000827685
2.70097e-09	0.000826045
2.7011e-09	0.000824404
2.70123e-09	0.000822763
2.70136e-09	0.000821122
2.70148e-09	0.000819481
2.70161e-09	0.000817839
2.70174e-09	0.000816197
2.70187e-09	0.000814555
2.702e-09	0.000812913
2.70213e-09	0.000811271
2.70225e-09	0.000809629
2.70238e-09	0.000807987
2.70251e-09	0.000806344
2.70264e-09	0.000804702
2.70277e-09	0.000803059
2.7029e-09	0.000801416
2.70302e-09	0.000799774
2.70315e-09	0.000798131
2.70328e-09	0.000796488
2.70341e-09	0.000794845
2.70354e-09	0.000793202
2.70367e-09	0.000791559
2.70379e-09	0.000789916
2.70392e-09	0.000788273
2.70405e-09	0.000786631
2.70418e-09	0.000784988
2.70431e-09	0.000783345
2.70444e-09	0.000781702
2.70457e-09	0.000780059
2.70469e-09	0.000778417
2.70482e-09	0.000776774
2.70495e-09	0.000775132
2.70508e-09	0.000773489
2.70521e-09	0.000771847
2.70534e-09	0.000770205
2.70546e-09	0.000768563
2.70559e-09	0.000766921
2.70572e-09	0.000765279
2.70585e-09	0.000763638
2.70598e-09	0.000761996
2.70611e-09	0.000760355
2.70623e-09	0.000758714
2.70636e-09	0.000757073
2.70649e-09	0.000755432
2.70662e-09	0.000753792
2.70675e-09	0.000752152
2.70688e-09	0.000750512
2.70701e-09	0.000748872
2.70713e-09	0.000747232
2.70726e-09	0.000745593
2.70739e-09	0.000743954
2.70752e-09	0.000742315
2.70765e-09	0.000740677
2.70778e-09	0.000739039
2.7079e-09	0.000737401
2.70803e-09	0.000735763
2.70816e-09	0.000734126
2.70829e-09	0.000732489
2.70842e-09	0.000730853
2.70855e-09	0.000729217
2.70867e-09	0.000727581
2.7088e-09	0.000725945
2.70893e-09	0.00072431
2.70906e-09	0.000722676
2.70919e-09	0.000721041
2.70932e-09	0.000719407
2.70945e-09	0.000717774
2.70957e-09	0.000716141
2.7097e-09	0.000714508
2.70983e-09	0.000712876
2.70996e-09	0.000711244
2.71009e-09	0.000709613
2.71022e-09	0.000707982
2.71034e-09	0.000706351
2.71047e-09	0.000704722
2.7106e-09	0.000703092
2.71073e-09	0.000701463
2.71086e-09	0.000699835
2.71099e-09	0.000698207
2.71111e-09	0.000696579
2.71124e-09	0.000694953
2.71137e-09	0.000693326
2.7115e-09	0.0006917
2.71163e-09	0.000690075
2.71176e-09	0.000688451
2.71188e-09	0.000686826
2.71201e-09	0.000685203
2.71214e-09	0.00068358
2.71227e-09	0.000681958
2.7124e-09	0.000680336
2.71253e-09	0.000678715
2.71266e-09	0.000677094
2.71278e-09	0.000675475
2.71291e-09	0.000673855
2.71304e-09	0.000672237
2.71317e-09	0.000670619
2.7133e-09	0.000669002
2.71343e-09	0.000667385
2.71355e-09	0.000665769
2.71368e-09	0.000664154
2.71381e-09	0.000662539
2.71394e-09	0.000660925
2.71407e-09	0.000659312
2.7142e-09	0.0006577
2.71432e-09	0.000656088
2.71445e-09	0.000654477
2.71458e-09	0.000652867
2.71471e-09	0.000651257
2.71484e-09	0.000649649
2.71497e-09	0.000648041
2.7151e-09	0.000646433
2.71522e-09	0.000644827
2.71535e-09	0.000643221
2.71548e-09	0.000641617
2.71561e-09	0.000640012
2.71574e-09	0.000638409
2.71587e-09	0.000636807
2.71599e-09	0.000635205
2.71612e-09	0.000633604
2.71625e-09	0.000632004
2.71638e-09	0.000630405
2.71651e-09	0.000628807
2.71664e-09	0.00062721
2.71676e-09	0.000625613
2.71689e-09	0.000624017
2.71702e-09	0.000622423
2.71715e-09	0.000620829
2.71728e-09	0.000619236
2.71741e-09	0.000617644
2.71754e-09	0.000616053
2.71766e-09	0.000614462
2.71779e-09	0.000612873
2.71792e-09	0.000611285
2.71805e-09	0.000609697
2.71818e-09	0.000608111
2.71831e-09	0.000606525
2.71843e-09	0.00060494
2.71856e-09	0.000603357
2.71869e-09	0.000601774
2.71882e-09	0.000600192
2.71895e-09	0.000598611
2.71908e-09	0.000597032
2.7192e-09	0.000595453
2.71933e-09	0.000593875
2.71946e-09	0.000592299
2.71959e-09	0.000590723
2.71972e-09	0.000589148
2.71985e-09	0.000587575
2.71997e-09	0.000586002
2.7201e-09	0.00058443
2.72023e-09	0.00058286
2.72036e-09	0.00058129
2.72049e-09	0.000579722
2.72062e-09	0.000578155
2.72075e-09	0.000576588
2.72087e-09	0.000575023
2.721e-09	0.000573459
2.72113e-09	0.000571896
2.72126e-09	0.000570334
2.72139e-09	0.000568774
2.72152e-09	0.000567214
2.72164e-09	0.000565656
2.72177e-09	0.000564098
2.7219e-09	0.000562542
2.72203e-09	0.000560987
2.72216e-09	0.000559433
2.72229e-09	0.00055788
2.72241e-09	0.000556329
2.72254e-09	0.000554778
2.72267e-09	0.000553229
2.7228e-09	0.000551681
2.72293e-09	0.000550134
2.72306e-09	0.000548588
2.72319e-09	0.000547043
2.72331e-09	0.0005455
2.72344e-09	0.000543958
2.72357e-09	0.000542417
2.7237e-09	0.000540877
2.72383e-09	0.000539339
2.72396e-09	0.000537802
2.72408e-09	0.000536266
2.72421e-09	0.000534731
2.72434e-09	0.000533197
2.72447e-09	0.000531665
2.7246e-09	0.000530134
2.72473e-09	0.000528604
2.72485e-09	0.000527076
2.72498e-09	0.000525549
2.72511e-09	0.000524023
2.72524e-09	0.000522498
2.72537e-09	0.000520975
2.7255e-09	0.000519453
2.72563e-09	0.000517932
2.72575e-09	0.000516413
2.72588e-09	0.000514895
2.72601e-09	0.000513378
2.72614e-09	0.000511863
2.72627e-09	0.000510349
2.7264e-09	0.000508836
2.72652e-09	0.000507325
2.72665e-09	0.000505815
2.72678e-09	0.000504306
2.72691e-09	0.000502799
2.72704e-09	0.000501293
2.72717e-09	0.000499788
2.72729e-09	0.000498285
2.72742e-09	0.000496783
2.72755e-09	0.000495283
2.72768e-09	0.000493784
2.72781e-09	0.000492286
2.72794e-09	0.00049079
2.72806e-09	0.000489295
2.72819e-09	0.000487802
2.72832e-09	0.00048631
2.72845e-09	0.000484819
2.72858e-09	0.00048333
2.72871e-09	0.000481842
2.72884e-09	0.000480356
2.72896e-09	0.000478871
2.72909e-09	0.000477388
2.72922e-09	0.000475906
2.72935e-09	0.000474425
2.72948e-09	0.000472946
2.72961e-09	0.000471469
2.72973e-09	0.000469993
2.72986e-09	0.000468518
2.72999e-09	0.000467045
2.73012e-09	0.000465574
2.73025e-09	0.000464104
2.73038e-09	0.000462635
2.7305e-09	0.000461168
2.73063e-09	0.000459702
2.73076e-09	0.000458238
2.73089e-09	0.000456776
2.73102e-09	0.000455314
2.73115e-09	0.000453855
2.73128e-09	0.000452397
2.7314e-09	0.00045094
2.73153e-09	0.000449486
2.73166e-09	0.000448032
2.73179e-09	0.00044658
2.73192e-09	0.00044513
2.73205e-09	0.000443681
2.73217e-09	0.000442234
2.7323e-09	0.000440789
2.73243e-09	0.000439345
2.73256e-09	0.000437902
2.73269e-09	0.000436461
2.73282e-09	0.000435022
2.73294e-09	0.000433584
2.73307e-09	0.000432148
2.7332e-09	0.000430714
2.73333e-09	0.000429281
2.73346e-09	0.000427849
2.73359e-09	0.00042642
2.73372e-09	0.000424992
2.73384e-09	0.000423565
2.73397e-09	0.00042214
2.7341e-09	0.000420717
2.73423e-09	0.000419295
2.73436e-09	0.000417875
2.73449e-09	0.000416457
2.73461e-09	0.00041504
2.73474e-09	0.000413625
2.73487e-09	0.000412212
2.735e-09	0.0004108
2.73513e-09	0.00040939
2.73526e-09	0.000407982
2.73538e-09	0.000406575
2.73551e-09	0.00040517
2.73564e-09	0.000403766
2.73577e-09	0.000402365
2.7359e-09	0.000400964
2.73603e-09	0.000399566
2.73615e-09	0.000398169
2.73628e-09	0.000396774
2.73641e-09	0.000395381
2.73654e-09	0.000393989
2.73667e-09	0.000392599
2.7368e-09	0.000391211
2.73693e-09	0.000389825
2.73705e-09	0.00038844
2.73718e-09	0.000387057
2.73731e-09	0.000385676
2.73744e-09	0.000384296
2.73757e-09	0.000382918
2.7377e-09	0.000381542
2.73782e-09	0.000380167
2.73795e-09	0.000378795
2.73808e-09	0.000377424
2.73821e-09	0.000376054
2.73834e-09	0.000374687
2.73847e-09	0.000373321
2.73859e-09	0.000371957
2.73872e-09	0.000370595
2.73885e-09	0.000369235
2.73898e-09	0.000367876
2.73911e-09	0.000366519
2.73924e-09	0.000365164
2.73937e-09	0.000363811
2.73949e-09	0.000362459
2.73962e-09	0.000361109
2.73975e-09	0.000359761
2.73988e-09	0.000358415
2.74001e-09	0.00035707
2.74014e-09	0.000355728
2.74026e-09	0.000354387
2.74039e-09	0.000353048
2.74052e-09	0.000351711
2.74065e-09	0.000350375
2.74078e-09	0.000349041
2.74091e-09	0.00034771
2.74103e-09	0.00034638
2.74116e-09	0.000345051
2.74129e-09	0.000343725
2.74142e-09	0.0003424
2.74155e-09	0.000341078
2.74168e-09	0.000339757
2.74181e-09	0.000338438
2.74193e-09	0.00033712
2.74206e-09	0.000335805
2.74219e-09	0.000334491
2.74232e-09	0.00033318
2.74245e-09	0.00033187
2.74258e-09	0.000330562
2.7427e-09	0.000329256
2.74283e-09	0.000327951
2.74296e-09	0.000326649
2.74309e-09	0.000325348
2.74322e-09	0.00032405
2.74335e-09	0.000322753
2.74347e-09	0.000321458
2.7436e-09	0.000320164
2.74373e-09	0.000318873
2.74386e-09	0.000317584
2.74399e-09	0.000316296
2.74412e-09	0.000315011
2.74424e-09	0.000313727
2.74437e-09	0.000312445
2.7445e-09	0.000311165
2.74463e-09	0.000309887
2.74476e-09	0.000308611
2.74489e-09	0.000307336
2.74502e-09	0.000306064
2.74514e-09	0.000304794
2.74527e-09	0.000303525
2.7454e-09	0.000302258
2.74553e-09	0.000300993
2.74566e-09	0.00029973
2.74579e-09	0.00029847
2.74591e-09	0.00029721
2.74604e-09	0.000295953
2.74617e-09	0.000294698
2.7463e-09	0.000293445
2.74643e-09	0.000292193
2.74656e-09	0.000290944
2.74668e-09	0.000289696
2.74681e-09	0.000288451
2.74694e-09	0.000287207
2.74707e-09	0.000285965
2.7472e-09	0.000284725
2.74733e-09	0.000283487
2.74746e-09	0.000282252
2.74758e-09	0.000281018
2.74771e-09	0.000279785
2.74784e-09	0.000278555
2.74797e-09	0.000277327
2.7481e-09	0.000276101
2.74823e-09	0.000274877
2.74835e-09	0.000273654
2.74848e-09	0.000272434
2.74861e-09	0.000271216
2.74874e-09	0.000269999
2.74887e-09	0.000268785
2.749e-09	0.000267572
2.74912e-09	0.000266362
2.74925e-09	0.000265153
2.74938e-09	0.000263946
2.74951e-09	0.000262742
2.74964e-09	0.000261539
2.74977e-09	0.000260338
2.7499e-09	0.000259139
2.75002e-09	0.000257943
2.75015e-09	0.000256748
2.75028e-09	0.000255555
2.75041e-09	0.000254364
2.75054e-09	0.000253175
2.75067e-09	0.000251988
2.75079e-09	0.000250804
2.75092e-09	0.000249621
2.75105e-09	0.00024844
2.75118e-09	0.000247261
2.75131e-09	0.000246084
2.75144e-09	0.000244909
2.75156e-09	0.000243736
2.75169e-09	0.000242565
2.75182e-09	0.000241396
2.75195e-09	0.000240229
2.75208e-09	0.000239064
2.75221e-09	0.000237901
2.75233e-09	0.00023674
2.75246e-09	0.000235581
2.75259e-09	0.000234424
2.75272e-09	0.000233269
2.75285e-09	0.000232117
2.75298e-09	0.000230966
2.75311e-09	0.000229817
2.75323e-09	0.00022867
2.75336e-09	0.000227525
2.75349e-09	0.000226382
2.75362e-09	0.000225241
2.75375e-09	0.000224102
2.75388e-09	0.000222966
2.754e-09	0.000221831
2.75413e-09	0.000220698
2.75426e-09	0.000219567
2.75439e-09	0.000218439
2.75452e-09	0.000217312
2.75465e-09	0.000216187
2.75477e-09	0.000215065
2.7549e-09	0.000213944
2.75503e-09	0.000212825
2.75516e-09	0.000211709
2.75529e-09	0.000210594
2.75542e-09	0.000209482
2.75555e-09	0.000208371
2.75567e-09	0.000207263
2.7558e-09	0.000206156
2.75593e-09	0.000205052
2.75606e-09	0.00020395
2.75619e-09	0.000202849
2.75632e-09	0.000201751
2.75644e-09	0.000200655
2.75657e-09	0.000199561
2.7567e-09	0.000198468
2.75683e-09	0.000197378
2.75696e-09	0.00019629
2.75709e-09	0.000195204
2.75721e-09	0.00019412
2.75734e-09	0.000193038
2.75747e-09	0.000191958
2.7576e-09	0.000190881
2.75773e-09	0.000189805
2.75786e-09	0.000188731
2.75799e-09	0.000187659
2.75811e-09	0.00018659
2.75824e-09	0.000185522
2.75837e-09	0.000184457
2.7585e-09	0.000183393
2.75863e-09	0.000182332
2.75876e-09	0.000181272
2.75888e-09	0.000180215
2.75901e-09	0.00017916
2.75914e-09	0.000178106
2.75927e-09	0.000177055
2.7594e-09	0.000176006
2.75953e-09	0.000174959
2.75965e-09	0.000173914
2.75978e-09	0.000172871
2.75991e-09	0.00017183
2.76004e-09	0.000170791
2.76017e-09	0.000169754
2.7603e-09	0.00016872
2.76042e-09	0.000167687
2.76055e-09	0.000166656
2.76068e-09	0.000165628
2.76081e-09	0.000164601
2.76094e-09	0.000163577
2.76107e-09	0.000162554
2.7612e-09	0.000161534
2.76132e-09	0.000160516
2.76145e-09	0.0001595
2.76158e-09	0.000158486
2.76171e-09	0.000157473
2.76184e-09	0.000156463
2.76197e-09	0.000155455
2.76209e-09	0.00015445
2.76222e-09	0.000153446
2.76235e-09	0.000152444
2.76248e-09	0.000151444
2.76261e-09	0.000150447
2.76274e-09	0.000149451
2.76286e-09	0.000148458
2.76299e-09	0.000147466
2.76312e-09	0.000146477
2.76325e-09	0.000145489
2.76338e-09	0.000144504
2.76351e-09	0.000143521
2.76364e-09	0.00014254
2.76376e-09	0.000141561
2.76389e-09	0.000140584
2.76402e-09	0.000139609
2.76415e-09	0.000138636
2.76428e-09	0.000137665
2.76441e-09	0.000136696
2.76453e-09	0.00013573
2.76466e-09	0.000134765
2.76479e-09	0.000133802
2.76492e-09	0.000132842
2.76505e-09	0.000131884
2.76518e-09	0.000130927
2.7653e-09	0.000129973
2.76543e-09	0.000129021
2.76556e-09	0.00012807
2.76569e-09	0.000127122
2.76582e-09	0.000126176
2.76595e-09	0.000125232
2.76608e-09	0.00012429
2.7662e-09	0.000123351
2.76633e-09	0.000122413
2.76646e-09	0.000121477
2.76659e-09	0.000120543
2.76672e-09	0.000119612
2.76685e-09	0.000118682
2.76697e-09	0.000117755
2.7671e-09	0.000116829
2.76723e-09	0.000115906
2.76736e-09	0.000114985
2.76749e-09	0.000114065
2.76762e-09	0.000113148
2.76774e-09	0.000112233
2.76787e-09	0.00011132
2.768e-09	0.000110409
2.76813e-09	0.0001095
2.76826e-09	0.000108593
2.76839e-09	0.000107688
2.76851e-09	0.000106786
2.76864e-09	0.000105885
2.76877e-09	0.000104986
2.7689e-09	0.00010409
2.76903e-09	0.000103195
2.76916e-09	0.000102302
2.76929e-09	0.000101412
2.76941e-09	0.000100524
2.76954e-09	9.96373e-05
2.76967e-09	9.8753e-05
2.7698e-09	9.78708e-05
2.76993e-09	9.69906e-05
2.77006e-09	9.61125e-05
2.77018e-09	9.52364e-05
2.77031e-09	9.43624e-05
2.77044e-09	9.34904e-05
2.77057e-09	9.26205e-05
2.7707e-09	9.17526e-05
2.77083e-09	9.08868e-05
2.77095e-09	9.0023e-05
2.77108e-09	8.91613e-05
2.77121e-09	8.83016e-05
2.77134e-09	8.7444e-05
2.77147e-09	8.65884e-05
2.7716e-09	8.57348e-05
2.77173e-09	8.48833e-05
2.77185e-09	8.40338e-05
2.77198e-09	8.31864e-05
2.77211e-09	8.2341e-05
2.77224e-09	8.14977e-05
2.77237e-09	8.06564e-05
2.7725e-09	7.98171e-05
2.77262e-09	7.89799e-05
2.77275e-09	7.81447e-05
2.77288e-09	7.73116e-05
2.77301e-09	7.64804e-05
2.77314e-09	7.56514e-05
2.77327e-09	7.48243e-05
2.77339e-09	7.39993e-05
2.77352e-09	7.31763e-05
2.77365e-09	7.23554e-05
2.77378e-09	7.15365e-05
2.77391e-09	7.07196e-05
2.77404e-09	6.99047e-05
2.77417e-09	6.90919e-05
2.77429e-09	6.82811e-05
2.77442e-09	6.74723e-05
2.77455e-09	6.66655e-05
2.77468e-09	6.58608e-05
2.77481e-09	6.50581e-05
2.77494e-09	6.42574e-05
2.77506e-09	6.34588e-05
2.77519e-09	6.26621e-05
2.77532e-09	6.18675e-05
2.77545e-09	6.10749e-05
2.77558e-09	6.02843e-05
2.77571e-09	5.94958e-05
2.77583e-09	5.87092e-05
2.77596e-09	5.79247e-05
2.77609e-09	5.71422e-05
2.77622e-09	5.63617e-05
2.77635e-09	5.55832e-05
2.77648e-09	5.48067e-05
2.7766e-09	5.40322e-05
2.77673e-09	5.32597e-05
2.77686e-09	5.24893e-05
2.77699e-09	5.17208e-05
2.77712e-09	5.09544e-05
2.77725e-09	5.01899e-05
2.77738e-09	4.94275e-05
2.7775e-09	4.8667e-05
2.77763e-09	4.79086e-05
2.77776e-09	4.71521e-05
2.77789e-09	4.63977e-05
2.77802e-09	4.56453e-05
2.77815e-09	4.48948e-05
2.77827e-09	4.41463e-05
2.7784e-09	4.33999e-05
2.77853e-09	4.26554e-05
2.77866e-09	4.19129e-05
2.77879e-09	4.11724e-05
2.77892e-09	4.04339e-05
2.77904e-09	3.96974e-05
2.77917e-09	3.89629e-05
2.7793e-09	3.82303e-05
2.77943e-09	3.74998e-05
2.77956e-09	3.67712e-05
2.77969e-09	3.60446e-05
2.77982e-09	3.532e-05
2.77994e-09	3.45973e-05
2.78007e-09	3.38766e-05
2.7802e-09	3.3158e-05
2.78033e-09	3.24412e-05
2.78046e-09	3.17265e-05
2.78059e-09	3.10137e-05
2.78071e-09	3.03029e-05
2.78084e-09	2.95941e-05
2.78097e-09	2.88872e-05
2.7811e-09	2.81823e-05
2.78123e-09	2.74794e-05
2.78136e-09	2.67784e-05
2.78148e-09	2.60794e-05
2.78161e-09	2.53823e-05
2.78174e-09	2.46872e-05
2.78187e-09	2.39941e-05
2.782e-09	2.33029e-05
2.78213e-09	2.26137e-05
2.78226e-09	2.19264e-05
2.78238e-09	2.12411e-05
2.78251e-09	2.05577e-05
2.78264e-09	1.98763e-05
2.78277e-09	1.91968e-05
2.7829e-09	1.85192e-05
2.78303e-09	1.78436e-05
2.78315e-09	1.717e-05
2.78328e-09	1.64983e-05
2.78341e-09	1.58285e-05
2.78354e-09	1.51607e-05
2.78367e-09	1.44948e-05
2.7838e-09	1.38308e-05
2.78392e-09	1.31688e-05
2.78405e-09	1.25087e-05
2.78418e-09	1.18505e-05
2.78431e-09	1.11943e-05
2.78444e-09	1.054e-05
2.78457e-09	9.88758e-06
2.78469e-09	9.23711e-06
2.78482e-09	8.58857e-06
2.78495e-09	7.94194e-06
2.78508e-09	7.29724e-06
2.78521e-09	6.65445e-06
2.78534e-09	6.01357e-06
2.78547e-09	5.37461e-06
2.78559e-09	4.73756e-06
2.78572e-09	4.10242e-06
2.78585e-09	3.46919e-06
2.78598e-09	2.83786e-06
2.78611e-09	2.20844e-06
2.78624e-09	1.58093e-06
2.78636e-09	9.55311e-07
2.78649e-09	3.31595e-07
2.78662e-09	-2.90223e-07
2.78675e-09	-9.10145e-07
2.78688e-09	-1.52817e-06
2.78701e-09	-2.14431e-06
2.78713e-09	-2.75855e-06
2.78726e-09	-3.3709e-06
2.78739e-09	-3.98137e-06
2.78752e-09	-4.58995e-06
2.78765e-09	-5.19665e-06
2.78778e-09	-5.80147e-06
2.78791e-09	-6.4044e-06
2.78803e-09	-7.00546e-06
2.78816e-09	-7.60464e-06
2.78829e-09	-8.20194e-06
2.78842e-09	-8.79738e-06
2.78855e-09	-9.39094e-06
2.78868e-09	-9.98263e-06
2.7888e-09	-1.05725e-05
2.78893e-09	-1.11604e-05
2.78906e-09	-1.17465e-05
2.78919e-09	-1.23307e-05
2.78932e-09	-1.29131e-05
2.78945e-09	-1.34936e-05
2.78957e-09	-1.40723e-05
2.7897e-09	-1.46491e-05
2.78983e-09	-1.5224e-05
2.78996e-09	-1.57971e-05
2.79009e-09	-1.63684e-05
2.79022e-09	-1.69378e-05
2.79035e-09	-1.75054e-05
2.79047e-09	-1.80711e-05
2.7906e-09	-1.8635e-05
2.79073e-09	-1.9197e-05
2.79086e-09	-1.97572e-05
2.79099e-09	-2.03156e-05
2.79112e-09	-2.08721e-05
2.79124e-09	-2.14268e-05
2.79137e-09	-2.19797e-05
2.7915e-09	-2.25307e-05
2.79163e-09	-2.30799e-05
2.79176e-09	-2.36273e-05
2.79189e-09	-2.41729e-05
2.79201e-09	-2.47167e-05
2.79214e-09	-2.52586e-05
2.79227e-09	-2.57987e-05
2.7924e-09	-2.63371e-05
2.79253e-09	-2.68736e-05
2.79266e-09	-2.74082e-05
2.79278e-09	-2.79411e-05
2.79291e-09	-2.84722e-05
2.79304e-09	-2.90015e-05
2.79317e-09	-2.9529e-05
2.7933e-09	-3.00546e-05
2.79343e-09	-3.05785e-05
2.79356e-09	-3.11006e-05
2.79368e-09	-3.16209e-05
2.79381e-09	-3.21394e-05
2.79394e-09	-3.26561e-05
2.79407e-09	-3.3171e-05
2.7942e-09	-3.36842e-05
2.79433e-09	-3.41955e-05
2.79445e-09	-3.47051e-05
2.79458e-09	-3.52129e-05
2.79471e-09	-3.57189e-05
2.79484e-09	-3.62232e-05
2.79497e-09	-3.67257e-05
2.7951e-09	-3.72264e-05
2.79522e-09	-3.77253e-05
2.79535e-09	-3.82225e-05
2.79548e-09	-3.87179e-05
2.79561e-09	-3.92116e-05
2.79574e-09	-3.97035e-05
2.79587e-09	-4.01936e-05
2.796e-09	-4.0682e-05
2.79612e-09	-4.11686e-05
2.79625e-09	-4.16535e-05
2.79638e-09	-4.21367e-05
2.79651e-09	-4.2618e-05
2.79664e-09	-4.30977e-05
2.79677e-09	-4.35756e-05
2.79689e-09	-4.40518e-05
2.79702e-09	-4.45262e-05
2.79715e-09	-4.49989e-05
2.79728e-09	-4.54698e-05
2.79741e-09	-4.59391e-05
2.79754e-09	-4.64066e-05
2.79766e-09	-4.68724e-05
2.79779e-09	-4.73364e-05
2.79792e-09	-4.77987e-05
2.79805e-09	-4.82594e-05
2.79818e-09	-4.87183e-05
2.79831e-09	-4.91754e-05
2.79844e-09	-4.96309e-05
2.79856e-09	-5.00847e-05
2.79869e-09	-5.05367e-05
2.79882e-09	-5.09871e-05
2.79895e-09	-5.14357e-05
2.79908e-09	-5.18826e-05
2.79921e-09	-5.23279e-05
2.79933e-09	-5.27714e-05
2.79946e-09	-5.32133e-05
2.79959e-09	-5.36534e-05
2.79972e-09	-5.40919e-05
2.79985e-09	-5.45287e-05
2.79998e-09	-5.49638e-05
2.8001e-09	-5.53972e-05
2.80023e-09	-5.5829e-05
2.80036e-09	-5.6259e-05
2.80049e-09	-5.66874e-05
2.80062e-09	-5.71141e-05
2.80075e-09	-5.75391e-05
2.80087e-09	-5.79625e-05
2.801e-09	-5.83842e-05
2.80113e-09	-5.88043e-05
2.80126e-09	-5.92226e-05
2.80139e-09	-5.96394e-05
2.80152e-09	-6.00544e-05
2.80165e-09	-6.04678e-05
2.80177e-09	-6.08796e-05
2.8019e-09	-6.12897e-05
2.80203e-09	-6.16981e-05
2.80216e-09	-6.2105e-05
2.80229e-09	-6.25101e-05
2.80242e-09	-6.29137e-05
2.80254e-09	-6.33155e-05
2.80267e-09	-6.37158e-05
2.8028e-09	-6.41144e-05
2.80293e-09	-6.45114e-05
2.80306e-09	-6.49068e-05
2.80319e-09	-6.53005e-05
2.80331e-09	-6.56926e-05
2.80344e-09	-6.60831e-05
2.80357e-09	-6.6472e-05
2.8037e-09	-6.68593e-05
2.80383e-09	-6.72449e-05
2.80396e-09	-6.76289e-05
2.80409e-09	-6.80114e-05
2.80421e-09	-6.83922e-05
2.80434e-09	-6.87714e-05
2.80447e-09	-6.9149e-05
2.8046e-09	-6.9525e-05
2.80473e-09	-6.98994e-05
2.80486e-09	-7.02722e-05
2.80498e-09	-7.06435e-05
2.80511e-09	-7.10131e-05
2.80524e-09	-7.13811e-05
2.80537e-09	-7.17476e-05
2.8055e-09	-7.21125e-05
2.80563e-09	-7.24758e-05
2.80575e-09	-7.28375e-05
2.80588e-09	-7.31977e-05
2.80601e-09	-7.35562e-05
2.80614e-09	-7.39133e-05
2.80627e-09	-7.42687e-05
2.8064e-09	-7.46226e-05
2.80653e-09	-7.49749e-05
2.80665e-09	-7.53256e-05
2.80678e-09	-7.56748e-05
2.80691e-09	-7.60225e-05
2.80704e-09	-7.63686e-05
2.80717e-09	-7.67131e-05
2.8073e-09	-7.70561e-05
2.80742e-09	-7.73975e-05
2.80755e-09	-7.77375e-05
2.80768e-09	-7.80758e-05
2.80781e-09	-7.84126e-05
2.80794e-09	-7.87479e-05
2.80807e-09	-7.90817e-05
2.80819e-09	-7.94139e-05
2.80832e-09	-7.97446e-05
2.80845e-09	-8.00738e-05
2.80858e-09	-8.04014e-05
2.80871e-09	-8.07276e-05
2.80884e-09	-8.10522e-05
2.80896e-09	-8.13753e-05
2.80909e-09	-8.16969e-05
2.80922e-09	-8.2017e-05
2.80935e-09	-8.23355e-05
2.80948e-09	-8.26526e-05
2.80961e-09	-8.29682e-05
2.80974e-09	-8.32822e-05
2.80986e-09	-8.35948e-05
2.80999e-09	-8.39059e-05
2.81012e-09	-8.42154e-05
2.81025e-09	-8.45235e-05
2.81038e-09	-8.48301e-05
2.81051e-09	-8.51353e-05
2.81063e-09	-8.54389e-05
2.81076e-09	-8.57411e-05
2.81089e-09	-8.60417e-05
2.81102e-09	-8.63409e-05
2.81115e-09	-8.66387e-05
2.81128e-09	-8.69349e-05
2.8114e-09	-8.72297e-05
2.81153e-09	-8.75231e-05
2.81166e-09	-8.7815e-05
2.81179e-09	-8.81054e-05
2.81192e-09	-8.83943e-05
2.81205e-09	-8.86818e-05
2.81218e-09	-8.89679e-05
2.8123e-09	-8.92525e-05
2.81243e-09	-8.95357e-05
2.81256e-09	-8.98174e-05
2.81269e-09	-9.00977e-05
2.81282e-09	-9.03765e-05
2.81295e-09	-9.06539e-05
2.81307e-09	-9.09299e-05
2.8132e-09	-9.12044e-05
2.81333e-09	-9.14775e-05
2.81346e-09	-9.17492e-05
2.81359e-09	-9.20195e-05
2.81372e-09	-9.22883e-05
2.81384e-09	-9.25557e-05
2.81397e-09	-9.28218e-05
2.8141e-09	-9.30864e-05
2.81423e-09	-9.33495e-05
2.81436e-09	-9.36113e-05
2.81449e-09	-9.38717e-05
2.81462e-09	-9.41307e-05
2.81474e-09	-9.43883e-05
2.81487e-09	-9.46444e-05
2.815e-09	-9.48992e-05
2.81513e-09	-9.51526e-05
2.81526e-09	-9.54046e-05
2.81539e-09	-9.56553e-05
2.81551e-09	-9.59045e-05
2.81564e-09	-9.61523e-05
2.81577e-09	-9.63988e-05
2.8159e-09	-9.66439e-05
2.81603e-09	-9.68877e-05
2.81616e-09	-9.713e-05
2.81628e-09	-9.7371e-05
2.81641e-09	-9.76106e-05
2.81654e-09	-9.78489e-05
2.81667e-09	-9.80858e-05
2.8168e-09	-9.83213e-05
2.81693e-09	-9.85555e-05
2.81705e-09	-9.87884e-05
2.81718e-09	-9.90199e-05
2.81731e-09	-9.925e-05
2.81744e-09	-9.94788e-05
2.81757e-09	-9.97063e-05
2.8177e-09	-9.99324e-05
2.81783e-09	-0.000100157
2.81795e-09	-0.000100381
2.81808e-09	-0.000100603
2.81821e-09	-0.000100824
2.81834e-09	-0.000101043
2.81847e-09	-0.000101261
2.8186e-09	-0.000101478
2.81872e-09	-0.000101693
2.81885e-09	-0.000101908
2.81898e-09	-0.000102121
2.81911e-09	-0.000102332
2.81924e-09	-0.000102542
2.81937e-09	-0.000102751
2.81949e-09	-0.000102959
2.81962e-09	-0.000103165
2.81975e-09	-0.00010337
2.81988e-09	-0.000103574
2.82001e-09	-0.000103777
2.82014e-09	-0.000103978
2.82027e-09	-0.000104178
2.82039e-09	-0.000104376
2.82052e-09	-0.000104574
2.82065e-09	-0.00010477
2.82078e-09	-0.000104964
2.82091e-09	-0.000105158
2.82104e-09	-0.00010535
2.82116e-09	-0.000105541
2.82129e-09	-0.000105731
2.82142e-09	-0.000105919
2.82155e-09	-0.000106106
2.82168e-09	-0.000106292
2.82181e-09	-0.000106477
2.82193e-09	-0.00010666
2.82206e-09	-0.000106843
2.82219e-09	-0.000107024
2.82232e-09	-0.000107203
2.82245e-09	-0.000107382
2.82258e-09	-0.000107559
2.82271e-09	-0.000107735
2.82283e-09	-0.00010791
2.82296e-09	-0.000108083
2.82309e-09	-0.000108255
2.82322e-09	-0.000108426
2.82335e-09	-0.000108596
2.82348e-09	-0.000108765
2.8236e-09	-0.000108932
2.82373e-09	-0.000109098
2.82386e-09	-0.000109263
2.82399e-09	-0.000109427
2.82412e-09	-0.00010959
2.82425e-09	-0.000109751
2.82437e-09	-0.000109911
2.8245e-09	-0.00011007
2.82463e-09	-0.000110228
2.82476e-09	-0.000110384
2.82489e-09	-0.00011054
2.82502e-09	-0.000110694
2.82514e-09	-0.000110847
2.82527e-09	-0.000110999
2.8254e-09	-0.000111149
2.82553e-09	-0.000111299
2.82566e-09	-0.000111447
2.82579e-09	-0.000111594
2.82592e-09	-0.00011174
2.82604e-09	-0.000111885
2.82617e-09	-0.000112028
2.8263e-09	-0.000112171
2.82643e-09	-0.000112312
2.82656e-09	-0.000112452
2.82669e-09	-0.000112591
2.82681e-09	-0.000112729
2.82694e-09	-0.000112866
2.82707e-09	-0.000113001
2.8272e-09	-0.000113136
2.82733e-09	-0.000113269
2.82746e-09	-0.000113401
2.82758e-09	-0.000113532
2.82771e-09	-0.000113662
2.82784e-09	-0.00011379
2.82797e-09	-0.000113918
2.8281e-09	-0.000114044
2.82823e-09	-0.00011417
2.82836e-09	-0.000114294
2.82848e-09	-0.000114417
2.82861e-09	-0.000114539
2.82874e-09	-0.00011466
2.82887e-09	-0.00011478
2.829e-09	-0.000114898
2.82913e-09	-0.000115016
2.82925e-09	-0.000115132
2.82938e-09	-0.000115248
2.82951e-09	-0.000115362
2.82964e-09	-0.000115475
2.82977e-09	-0.000115587
2.8299e-09	-0.000115698
2.83002e-09	-0.000115808
2.83015e-09	-0.000115917
2.83028e-09	-0.000116025
2.83041e-09	-0.000116131
2.83054e-09	-0.000116237
2.83067e-09	-0.000116341
2.8308e-09	-0.000116445
2.83092e-09	-0.000116547
2.83105e-09	-0.000116648
2.83118e-09	-0.000116749
2.83131e-09	-0.000116848
2.83144e-09	-0.000116946
2.83157e-09	-0.000117043
2.83169e-09	-0.000117139
2.83182e-09	-0.000117234
2.83195e-09	-0.000117328
2.83208e-09	-0.000117421
2.83221e-09	-0.000117513
2.83234e-09	-0.000117604
2.83246e-09	-0.000117693
2.83259e-09	-0.000117782
2.83272e-09	-0.00011787
2.83285e-09	-0.000117957
2.83298e-09	-0.000118042
2.83311e-09	-0.000118127
2.83323e-09	-0.000118211
2.83336e-09	-0.000118293
2.83349e-09	-0.000118375
2.83362e-09	-0.000118455
2.83375e-09	-0.000118535
2.83388e-09	-0.000118613
2.83401e-09	-0.000118691
2.83413e-09	-0.000118768
2.83426e-09	-0.000118843
2.83439e-09	-0.000118918
2.83452e-09	-0.000118991
2.83465e-09	-0.000119064
2.83478e-09	-0.000119135
2.8349e-09	-0.000119206
2.83503e-09	-0.000119276
2.83516e-09	-0.000119344
2.83529e-09	-0.000119412
2.83542e-09	-0.000119479
2.83555e-09	-0.000119544
2.83567e-09	-0.000119609
2.8358e-09	-0.000119673
2.83593e-09	-0.000119736
2.83606e-09	-0.000119797
2.83619e-09	-0.000119858
2.83632e-09	-0.000119918
2.83645e-09	-0.000119977
2.83657e-09	-0.000120035
2.8367e-09	-0.000120092
2.83683e-09	-0.000120148
2.83696e-09	-0.000120204
2.83709e-09	-0.000120258
2.83722e-09	-0.000120311
2.83734e-09	-0.000120364
2.83747e-09	-0.000120415
2.8376e-09	-0.000120465
2.83773e-09	-0.000120515
2.83786e-09	-0.000120564
2.83799e-09	-0.000120611
2.83811e-09	-0.000120658
2.83824e-09	-0.000120704
2.83837e-09	-0.000120749
2.8385e-09	-0.000120793
2.83863e-09	-0.000120836
2.83876e-09	-0.000120878
2.83889e-09	-0.00012092
2.83901e-09	-0.00012096
2.83914e-09	-0.000121
2.83927e-09	-0.000121038
2.8394e-09	-0.000121076
2.83953e-09	-0.000121113
2.83966e-09	-0.000121149
2.83978e-09	-0.000121184
2.83991e-09	-0.000121218
2.84004e-09	-0.000121251
2.84017e-09	-0.000121284
2.8403e-09	-0.000121315
2.84043e-09	-0.000121346
2.84055e-09	-0.000121375
2.84068e-09	-0.000121404
2.84081e-09	-0.000121432
2.84094e-09	-0.000121459
2.84107e-09	-0.000121486
2.8412e-09	-0.000121511
2.84132e-09	-0.000121536
2.84145e-09	-0.000121559
2.84158e-09	-0.000121582
2.84171e-09	-0.000121604
2.84184e-09	-0.000121625
2.84197e-09	-0.000121646
2.8421e-09	-0.000121665
2.84222e-09	-0.000121684
2.84235e-09	-0.000121702
2.84248e-09	-0.000121719
2.84261e-09	-0.000121735
2.84274e-09	-0.00012175
2.84287e-09	-0.000121765
2.84299e-09	-0.000121778
2.84312e-09	-0.000121791
2.84325e-09	-0.000121803
2.84338e-09	-0.000121814
2.84351e-09	-0.000121824
2.84364e-09	-0.000121834
2.84376e-09	-0.000121843
2.84389e-09	-0.000121851
2.84402e-09	-0.000121858
2.84415e-09	-0.000121864
2.84428e-09	-0.00012187
2.84441e-09	-0.000121874
2.84454e-09	-0.000121878
2.84466e-09	-0.000121881
2.84479e-09	-0.000121884
2.84492e-09	-0.000121885
2.84505e-09	-0.000121886
2.84518e-09	-0.000121886
2.84531e-09	-0.000121885
2.84543e-09	-0.000121883
2.84556e-09	-0.000121881
2.84569e-09	-0.000121878
2.84582e-09	-0.000121874
2.84595e-09	-0.000121869
2.84608e-09	-0.000121864
2.8462e-09	-0.000121858
2.84633e-09	-0.000121851
2.84646e-09	-0.000121843
2.84659e-09	-0.000121834
2.84672e-09	-0.000121825
2.84685e-09	-0.000121815
2.84698e-09	-0.000121804
2.8471e-09	-0.000121793
2.84723e-09	-0.000121781
2.84736e-09	-0.000121768
2.84749e-09	-0.000121754
2.84762e-09	-0.000121739
2.84775e-09	-0.000121724
2.84787e-09	-0.000121708
2.848e-09	-0.000121692
2.84813e-09	-0.000121674
2.84826e-09	-0.000121656
2.84839e-09	-0.000121637
2.84852e-09	-0.000121618
2.84864e-09	-0.000121597
2.84877e-09	-0.000121576
2.8489e-09	-0.000121554
2.84903e-09	-0.000121532
2.84916e-09	-0.000121509
2.84929e-09	-0.000121485
2.84941e-09	-0.00012146
2.84954e-09	-0.000121435
2.84967e-09	-0.000121409
2.8498e-09	-0.000121383
2.84993e-09	-0.000121355
2.85006e-09	-0.000121327
2.85019e-09	-0.000121298
2.85031e-09	-0.000121269
2.85044e-09	-0.000121239
2.85057e-09	-0.000121208
2.8507e-09	-0.000121176
2.85083e-09	-0.000121144
2.85096e-09	-0.000121111
2.85108e-09	-0.000121078
2.85121e-09	-0.000121044
2.85134e-09	-0.000121009
2.85147e-09	-0.000120973
2.8516e-09	-0.000120937
2.85173e-09	-0.0001209
2.85185e-09	-0.000120863
2.85198e-09	-0.000120825
2.85211e-09	-0.000120786
2.85224e-09	-0.000120746
2.85237e-09	-0.000120706
2.8525e-09	-0.000120665
2.85263e-09	-0.000120624
2.85275e-09	-0.000120582
2.85288e-09	-0.000120539
2.85301e-09	-0.000120496
2.85314e-09	-0.000120452
2.85327e-09	-0.000120407
2.8534e-09	-0.000120362
2.85352e-09	-0.000120316
2.85365e-09	-0.000120269
2.85378e-09	-0.000120222
2.85391e-09	-0.000120174
2.85404e-09	-0.000120126
2.85417e-09	-0.000120077
2.85429e-09	-0.000120027
2.85442e-09	-0.000119977
2.85455e-09	-0.000119926
2.85468e-09	-0.000119874
2.85481e-09	-0.000119822
2.85494e-09	-0.00011977
2.85507e-09	-0.000119716
2.85519e-09	-0.000119662
2.85532e-09	-0.000119608
2.85545e-09	-0.000119553
2.85558e-09	-0.000119497
2.85571e-09	-0.000119441
2.85584e-09	-0.000119384
2.85596e-09	-0.000119326
2.85609e-09	-0.000119268
2.85622e-09	-0.00011921
2.85635e-09	-0.000119151
2.85648e-09	-0.000119091
2.85661e-09	-0.00011903
2.85673e-09	-0.000118969
2.85686e-09	-0.000118908
2.85699e-09	-0.000118846
2.85712e-09	-0.000118783
2.85725e-09	-0.00011872
2.85738e-09	-0.000118656
2.8575e-09	-0.000118592
2.85763e-09	-0.000118527
2.85776e-09	-0.000118461
2.85789e-09	-0.000118395
2.85802e-09	-0.000118329
2.85815e-09	-0.000118261
2.85828e-09	-0.000118194
2.8584e-09	-0.000118126
2.85853e-09	-0.000118057
2.85866e-09	-0.000117987
2.85879e-09	-0.000117918
2.85892e-09	-0.000117847
2.85905e-09	-0.000117776
2.85917e-09	-0.000117705
2.8593e-09	-0.000117633
2.85943e-09	-0.00011756
2.85956e-09	-0.000117487
2.85969e-09	-0.000117414
2.85982e-09	-0.000117339
2.85994e-09	-0.000117265
2.86007e-09	-0.00011719
2.8602e-09	-0.000117114
2.86033e-09	-0.000117038
2.86046e-09	-0.000116961
2.86059e-09	-0.000116884
2.86072e-09	-0.000116806
2.86084e-09	-0.000116728
2.86097e-09	-0.000116649
2.8611e-09	-0.00011657
2.86123e-09	-0.00011649
2.86136e-09	-0.00011641
2.86149e-09	-0.000116329
2.86161e-09	-0.000116248
2.86174e-09	-0.000116166
2.86187e-09	-0.000116084
2.862e-09	-0.000116001
2.86213e-09	-0.000115918
2.86226e-09	-0.000115835
2.86238e-09	-0.00011575
2.86251e-09	-0.000115666
2.86264e-09	-0.000115581
2.86277e-09	-0.000115495
2.8629e-09	-0.000115409
2.86303e-09	-0.000115323
2.86316e-09	-0.000115236
2.86328e-09	-0.000115148
2.86341e-09	-0.00011506
2.86354e-09	-0.000114972
2.86367e-09	-0.000114883
2.8638e-09	-0.000114794
2.86393e-09	-0.000114704
2.86405e-09	-0.000114614
2.86418e-09	-0.000114523
2.86431e-09	-0.000114432
2.86444e-09	-0.00011434
2.86457e-09	-0.000114248
2.8647e-09	-0.000114156
2.86482e-09	-0.000114063
