0	0
1.28413e-13	-0.000114182
2.56826e-13	-0.000114274
3.85238e-13	-0.000114366
5.13651e-13	-0.000114457
6.42064e-13	-0.000114548
7.70477e-13	-0.000114639
8.98889e-13	-0.000114729
1.0273e-12	-0.000114819
1.15571e-12	-0.000114908
1.28413e-12	-0.000114996
1.41254e-12	-0.000115085
1.54095e-12	-0.000115172
1.66937e-12	-0.00011526
1.79778e-12	-0.000115347
1.92619e-12	-0.000115433
2.0546e-12	-0.000115519
2.18302e-12	-0.000115604
2.31143e-12	-0.000115689
2.43984e-12	-0.000115774
2.56826e-12	-0.000115858
2.69667e-12	-0.000115941
2.82508e-12	-0.000116024
2.95349e-12	-0.000116107
3.08191e-12	-0.000116189
3.21032e-12	-0.000116271
3.33873e-12	-0.000116352
3.46714e-12	-0.000116432
3.59556e-12	-0.000116512
3.72397e-12	-0.000116592
3.85238e-12	-0.000116671
3.9808e-12	-0.00011675
4.10921e-12	-0.000116828
4.23762e-12	-0.000116905
4.36603e-12	-0.000116982
4.49445e-12	-0.000117059
4.62286e-12	-0.000117135
4.75127e-12	-0.00011721
4.87968e-12	-0.000117285
5.0081e-12	-0.00011736
5.13651e-12	-0.000117434
5.26492e-12	-0.000117507
5.39334e-12	-0.00011758
5.52175e-12	-0.000117653
5.65016e-12	-0.000117725
5.77857e-12	-0.000117796
5.90699e-12	-0.000117867
6.0354e-12	-0.000117937
6.16381e-12	-0.000118007
6.29223e-12	-0.000118076
6.42064e-12	-0.000118144
6.54905e-12	-0.000118213
6.67746e-12	-0.00011828
6.80588e-12	-0.000118347
6.93429e-12	-0.000118414
7.0627e-12	-0.000118479
7.19111e-12	-0.000118545
7.31953e-12	-0.00011861
7.44794e-12	-0.000118674
7.57635e-12	-0.000118737
7.70477e-12	-0.0001188
7.83318e-12	-0.000118863
7.96159e-12	-0.000118925
8.09e-12	-0.000118986
8.21842e-12	-0.000119047
8.34683e-12	-0.000119107
8.47524e-12	-0.000119167
8.60366e-12	-0.000119226
8.73207e-12	-0.000119285
8.86048e-12	-0.000119342
8.98889e-12	-0.0001194
9.11731e-12	-0.000119456
9.24572e-12	-0.000119513
9.37413e-12	-0.000119568
9.50254e-12	-0.000119623
9.63096e-12	-0.000119677
9.75937e-12	-0.000119731
9.88778e-12	-0.000119784
1.00162e-11	-0.000119837
1.01446e-11	-0.000119889
1.0273e-11	-0.00011994
1.04014e-11	-0.000119991
1.05298e-11	-0.000120041
1.06583e-11	-0.00012009
1.07867e-11	-0.000120139
1.09151e-11	-0.000120188
1.10435e-11	-0.000120235
1.11719e-11	-0.000120282
1.13003e-11	-0.000120328
1.14287e-11	-0.000120374
1.15571e-11	-0.000120419
1.16856e-11	-0.000120464
1.1814e-11	-0.000120508
1.19424e-11	-0.000120551
1.20708e-11	-0.000120593
1.21992e-11	-0.000120635
1.23276e-11	-0.000120677
1.2456e-11	-0.000120717
1.25845e-11	-0.000120757
1.27129e-11	-0.000120796
1.28413e-11	-0.000120835
1.29697e-11	-0.000120873
1.30981e-11	-0.00012091
1.32265e-11	-0.000120947
1.33549e-11	-0.000120983
1.34833e-11	-0.000121019
1.36118e-11	-0.000121053
1.37402e-11	-0.000121087
1.38686e-11	-0.000121121
1.3997e-11	-0.000121153
1.41254e-11	-0.000121185
1.42538e-11	-0.000121217
1.43822e-11	-0.000121247
1.45106e-11	-0.000121277
1.46391e-11	-0.000121306
1.47675e-11	-0.000121335
1.48959e-11	-0.000121363
1.50243e-11	-0.00012139
1.51527e-11	-0.000121416
1.52811e-11	-0.000121442
1.54095e-11	-0.000121467
1.55379e-11	-0.000121492
1.56664e-11	-0.000121515
1.57948e-11	-0.000121538
1.59232e-11	-0.000121561
1.60516e-11	-0.000121582
1.618e-11	-0.000121603
1.63084e-11	-0.000121623
1.64368e-11	-0.000121642
1.65652e-11	-0.000121661
1.66937e-11	-0.000121679
1.68221e-11	-0.000121696
1.69505e-11	-0.000121713
1.70789e-11	-0.000121728
1.72073e-11	-0.000121743
1.73357e-11	-0.000121758
1.74641e-11	-0.000121771
1.75925e-11	-0.000121784
1.7721e-11	-0.000121796
1.78494e-11	-0.000121807
1.79778e-11	-0.000121818
1.81062e-11	-0.000121828
1.82346e-11	-0.000121837
1.8363e-11	-0.000121845
1.84914e-11	-0.000121853
1.86199e-11	-0.000121859
1.87483e-11	-0.000121865
1.88767e-11	-0.000121871
1.90051e-11	-0.000121875
1.91335e-11	-0.000121879
1.92619e-11	-0.000121882
1.93903e-11	-0.000121884
1.95187e-11	-0.000121885
1.96472e-11	-0.000121886
1.97756e-11	-0.000121886
1.9904e-11	-0.000121885
2.00324e-11	-0.000121883
2.01608e-11	-0.000121881
2.02892e-11	-0.000121877
2.04176e-11	-0.000121873
2.0546e-11	-0.000121868
2.06745e-11	-0.000121862
2.08029e-11	-0.000121856
2.09313e-11	-0.000121849
2.10597e-11	-0.00012184
2.11881e-11	-0.000121831
2.13165e-11	-0.000121822
2.14449e-11	-0.000121811
2.15733e-11	-0.0001218
2.17018e-11	-0.000121788
2.18302e-11	-0.000121774
2.19586e-11	-0.000121761
2.2087e-11	-0.000121746
2.22154e-11	-0.00012173
2.23438e-11	-0.000121714
2.24722e-11	-0.000121697
2.26006e-11	-0.000121679
2.27291e-11	-0.00012166
2.28575e-11	-0.00012164
2.29859e-11	-0.00012162
2.31143e-11	-0.000121598
2.32427e-11	-0.000121576
2.33711e-11	-0.000121553
2.34995e-11	-0.000121529
2.36279e-11	-0.000121504
2.37564e-11	-0.000121479
2.38848e-11	-0.000121452
2.40132e-11	-0.000121425
2.41416e-11	-0.000121396
2.427e-11	-0.000121367
2.43984e-11	-0.000121337
2.45268e-11	-0.000121306
2.46553e-11	-0.000121275
2.47837e-11	-0.000121242
2.49121e-11	-0.000121208
2.50405e-11	-0.000121174
2.51689e-11	-0.000121139
2.52973e-11	-0.000121103
2.54257e-11	-0.000121066
2.55541e-11	-0.000121028
2.56826e-11	-0.000120989
2.5811e-11	-0.000120949
2.59394e-11	-0.000120908
2.60678e-11	-0.000120867
2.61962e-11	-0.000120824
2.63246e-11	-0.000120781
2.6453e-11	-0.000120737
2.65814e-11	-0.000120691
2.67099e-11	-0.000120645
2.68383e-11	-0.000120598
2.69667e-11	-0.00012055
2.70951e-11	-0.000120501
2.72235e-11	-0.000120452
2.73519e-11	-0.000120401
2.74803e-11	-0.000120349
2.76087e-11	-0.000120297
2.77372e-11	-0.000120243
2.78656e-11	-0.000120188
2.7994e-11	-0.000120133
2.81224e-11	-0.000120077
2.82508e-11	-0.000120019
2.83792e-11	-0.000119961
2.85076e-11	-0.000119902
2.8636e-11	-0.000119842
2.87645e-11	-0.00011978
2.88929e-11	-0.000119718
2.90213e-11	-0.000119655
2.91497e-11	-0.000119591
2.92781e-11	-0.000119526
2.94065e-11	-0.00011946
2.95349e-11	-0.000119393
2.96633e-11	-0.000119325
2.97918e-11	-0.000119256
2.99202e-11	-0.000119187
3.00486e-11	-0.000119116
3.0177e-11	-0.000119044
3.03054e-11	-0.000118971
3.04338e-11	-0.000118897
3.05622e-11	-0.000118822
3.06907e-11	-0.000118746
3.08191e-11	-0.00011867
3.09475e-11	-0.000118592
3.10759e-11	-0.000118513
3.12043e-11	-0.000118433
3.13327e-11	-0.000118352
3.14611e-11	-0.00011827
3.15895e-11	-0.000118187
3.1718e-11	-0.000118104
3.18464e-11	-0.000118019
3.19748e-11	-0.000117933
3.21032e-11	-0.000117846
3.22316e-11	-0.000117758
3.236e-11	-0.000117669
3.24884e-11	-0.000117579
3.26168e-11	-0.000117488
3.27453e-11	-0.000117395
3.28737e-11	-0.000117302
3.30021e-11	-0.000117208
3.31305e-11	-0.000117113
3.32589e-11	-0.000117016
3.33873e-11	-0.000116919
3.35157e-11	-0.000116821
3.36441e-11	-0.000116721
3.37726e-11	-0.000116621
3.3901e-11	-0.000116519
3.40294e-11	-0.000116416
3.41578e-11	-0.000116313
3.42862e-11	-0.000116208
3.44146e-11	-0.000116102
3.4543e-11	-0.000115995
3.46714e-11	-0.000115887
3.47999e-11	-0.000115778
3.49283e-11	-0.000115668
3.50567e-11	-0.000115556
3.51851e-11	-0.000115444
3.53135e-11	-0.00011533
3.54419e-11	-0.000115216
3.55703e-11	-0.0001151
3.56987e-11	-0.000114983
3.58272e-11	-0.000114866
3.59556e-11	-0.000114747
3.6084e-11	-0.000114627
3.62124e-11	-0.000114505
3.63408e-11	-0.000114383
3.64692e-11	-0.00011426
3.65976e-11	-0.000114135
3.6726e-11	-0.00011401
3.68545e-11	-0.000113883
3.69829e-11	-0.000113755
3.71113e-11	-0.000113626
3.72397e-11	-0.000113496
3.73681e-11	-0.000113364
3.74965e-11	-0.000113232
3.76249e-11	-0.000113098
3.77534e-11	-0.000112964
3.78818e-11	-0.000112828
3.80102e-11	-0.000112691
3.81386e-11	-0.000112553
3.8267e-11	-0.000112414
3.83954e-11	-0.000112273
3.85238e-11	-0.000112132
3.86522e-11	-0.000111989
3.87807e-11	-0.000111845
3.89091e-11	-0.0001117
3.90375e-11	-0.000111553
3.91659e-11	-0.000111406
3.92943e-11	-0.000111257
3.94227e-11	-0.000111108
3.95511e-11	-0.000110957
3.96795e-11	-0.000110805
3.9808e-11	-0.000110651
3.99364e-11	-0.000110497
4.00648e-11	-0.000110341
4.01932e-11	-0.000110184
4.03216e-11	-0.000110026
4.045e-11	-0.000109867
4.05784e-11	-0.000109706
4.07068e-11	-0.000109545
4.08353e-11	-0.000109382
4.09637e-11	-0.000109218
4.10921e-11	-0.000109052
4.12205e-11	-0.000108886
4.13489e-11	-0.000108718
4.14773e-11	-0.000108549
4.16057e-11	-0.000108379
4.17341e-11	-0.000108208
4.18626e-11	-0.000108035
4.1991e-11	-0.000107861
4.21194e-11	-0.000107686
4.22478e-11	-0.00010751
4.23762e-11	-0.000107332
4.25046e-11	-0.000107154
4.2633e-11	-0.000106974
4.27614e-11	-0.000106792
4.28899e-11	-0.00010661
4.30183e-11	-0.000106426
4.31467e-11	-0.000106241
4.32751e-11	-0.000106055
4.34035e-11	-0.000105867
4.35319e-11	-0.000105678
4.36603e-11	-0.000105488
4.37888e-11	-0.000105297
4.39172e-11	-0.000105105
4.40456e-11	-0.000104911
4.4174e-11	-0.000104716
4.43024e-11	-0.000104519
4.44308e-11	-0.000104321
4.45592e-11	-0.000104122
4.46876e-11	-0.000103922
4.48161e-11	-0.000103721
4.49445e-11	-0.000103518
4.50729e-11	-0.000103314
4.52013e-11	-0.000103108
4.53297e-11	-0.000102902
4.54581e-11	-0.000102694
4.55865e-11	-0.000102484
4.57149e-11	-0.000102274
4.58434e-11	-0.000102062
4.59718e-11	-0.000101849
4.61002e-11	-0.000101634
4.62286e-11	-0.000101418
4.6357e-11	-0.000101201
4.64854e-11	-0.000100982
4.66138e-11	-0.000100763
4.67422e-11	-0.000100541
4.68707e-11	-0.000100319
4.69991e-11	-0.000100095
4.71275e-11	-9.987e-05
4.72559e-11	-9.96435e-05
4.73843e-11	-9.94156e-05
4.75127e-11	-9.91865e-05
4.76411e-11	-9.89559e-05
4.77695e-11	-9.87241e-05
4.7898e-11	-9.84909e-05
4.80264e-11	-9.82563e-05
4.81548e-11	-9.80204e-05
4.82832e-11	-9.77831e-05
4.84116e-11	-9.75445e-05
4.854e-11	-9.73045e-05
4.86684e-11	-9.70631e-05
4.87968e-11	-9.68204e-05
4.89253e-11	-9.65762e-05
4.90537e-11	-9.63308e-05
4.91821e-11	-9.60839e-05
4.93105e-11	-9.58357e-05
4.94389e-11	-9.5586e-05
4.95673e-11	-9.5335e-05
4.96957e-11	-9.50826e-05
4.98242e-11	-9.48289e-05
4.99526e-11	-9.45737e-05
5.0081e-11	-9.43171e-05
5.02094e-11	-9.40592e-05
5.03378e-11	-9.37998e-05
5.04662e-11	-9.3539e-05
5.05946e-11	-9.32769e-05
5.0723e-11	-9.30133e-05
5.08515e-11	-9.27483e-05
5.09799e-11	-9.24819e-05
5.11083e-11	-9.22141e-05
5.12367e-11	-9.19448e-05
5.13651e-11	-9.16742e-05
5.14935e-11	-9.14021e-05
5.16219e-11	-9.11286e-05
5.17503e-11	-9.08536e-05
5.18788e-11	-9.05773e-05
5.20072e-11	-9.02995e-05
5.21356e-11	-9.00202e-05
5.2264e-11	-8.97396e-05
5.23924e-11	-8.94575e-05
5.25208e-11	-8.91739e-05
5.26492e-11	-8.88889e-05
5.27776e-11	-8.86024e-05
5.29061e-11	-8.83145e-05
5.30345e-11	-8.80252e-05
5.31629e-11	-8.77343e-05
5.32913e-11	-8.74421e-05
5.34197e-11	-8.71483e-05
5.35481e-11	-8.68531e-05
5.36765e-11	-8.65564e-05
5.38049e-11	-8.62583e-05
5.39334e-11	-8.59587e-05
5.40618e-11	-8.56576e-05
5.41902e-11	-8.5355e-05
5.43186e-11	-8.5051e-05
5.4447e-11	-8.47454e-05
5.45754e-11	-8.44384e-05
5.47038e-11	-8.41299e-05
5.48322e-11	-8.38199e-05
5.49607e-11	-8.35085e-05
5.50891e-11	-8.31955e-05
5.52175e-11	-8.2881e-05
5.53459e-11	-8.2565e-05
5.54743e-11	-8.22475e-05
5.56027e-11	-8.19285e-05
5.57311e-11	-8.1608e-05
5.58596e-11	-8.1286e-05
5.5988e-11	-8.09625e-05
5.61164e-11	-8.06375e-05
5.62448e-11	-8.03109e-05
5.63732e-11	-7.99829e-05
5.65016e-11	-7.96533e-05
5.663e-11	-7.93221e-05
5.67584e-11	-7.89895e-05
5.68869e-11	-7.86553e-05
5.70153e-11	-7.83196e-05
5.71437e-11	-7.79823e-05
5.72721e-11	-7.76435e-05
5.74005e-11	-7.73032e-05
5.75289e-11	-7.69613e-05
5.76573e-11	-7.66179e-05
5.77857e-11	-7.6273e-05
5.79142e-11	-7.59264e-05
5.80426e-11	-7.55784e-05
5.8171e-11	-7.52287e-05
5.82994e-11	-7.48776e-05
5.84278e-11	-7.45248e-05
5.85562e-11	-7.41705e-05
5.86846e-11	-7.38146e-05
5.8813e-11	-7.34572e-05
5.89415e-11	-7.30982e-05
5.90699e-11	-7.27376e-05
5.91983e-11	-7.23754e-05
5.93267e-11	-7.20117e-05
5.94551e-11	-7.16464e-05
5.95835e-11	-7.12795e-05
5.97119e-11	-7.0911e-05
5.98403e-11	-7.05409e-05
5.99688e-11	-7.01692e-05
6.00972e-11	-6.9796e-05
6.02256e-11	-6.94211e-05
6.0354e-11	-6.90447e-05
6.04824e-11	-6.86666e-05
6.06108e-11	-6.8287e-05
6.07392e-11	-6.79057e-05
6.08676e-11	-6.75228e-05
6.09961e-11	-6.71383e-05
6.11245e-11	-6.67523e-05
6.12529e-11	-6.63645e-05
6.13813e-11	-6.59752e-05
6.15097e-11	-6.55843e-05
6.16381e-11	-6.51917e-05
6.17665e-11	-6.47975e-05
6.1895e-11	-6.44017e-05
6.20234e-11	-6.40043e-05
6.21518e-11	-6.36052e-05
6.22802e-11	-6.32045e-05
6.24086e-11	-6.28022e-05
6.2537e-11	-6.23982e-05
6.26654e-11	-6.19925e-05
6.27938e-11	-6.15853e-05
6.29223e-11	-6.11764e-05
6.30507e-11	-6.07658e-05
6.31791e-11	-6.03536e-05
6.33075e-11	-5.99397e-05
6.34359e-11	-5.95242e-05
6.35643e-11	-5.9107e-05
6.36927e-11	-5.86882e-05
6.38211e-11	-5.82677e-05
6.39496e-11	-5.78455e-05
6.4078e-11	-5.74217e-05
6.42064e-11	-5.69962e-05
6.43348e-11	-5.6569e-05
6.44632e-11	-5.61402e-05
6.45916e-11	-5.57097e-05
6.472e-11	-5.52775e-05
6.48484e-11	-5.48436e-05
6.49769e-11	-5.4408e-05
6.51053e-11	-5.39708e-05
6.52337e-11	-5.35318e-05
6.53621e-11	-5.30912e-05
6.54905e-11	-5.26489e-05
6.56189e-11	-5.22049e-05
6.57473e-11	-5.17591e-05
6.58757e-11	-5.13117e-05
6.60042e-11	-5.08626e-05
6.61326e-11	-5.04118e-05
6.6261e-11	-4.99593e-05
6.63894e-11	-4.9505e-05
6.65178e-11	-4.90491e-05
6.66462e-11	-4.85914e-05
6.67746e-11	-4.81321e-05
6.6903e-11	-4.7671e-05
6.70315e-11	-4.72082e-05
6.71599e-11	-4.67436e-05
6.72883e-11	-4.62774e-05
6.74167e-11	-4.58094e-05
6.75451e-11	-4.53397e-05
6.76735e-11	-4.48683e-05
6.78019e-11	-4.43951e-05
6.79304e-11	-4.39202e-05
6.80588e-11	-4.34435e-05
6.81872e-11	-4.29651e-05
6.83156e-11	-4.2485e-05
6.8444e-11	-4.20031e-05
6.85724e-11	-4.15195e-05
6.87008e-11	-4.10342e-05
6.88292e-11	-4.0547e-05
6.89577e-11	-4.00582e-05
6.90861e-11	-3.95675e-05
6.92145e-11	-3.90752e-05
6.93429e-11	-3.8581e-05
6.94713e-11	-3.80851e-05
6.95997e-11	-3.75874e-05
6.97281e-11	-3.7088e-05
6.98565e-11	-3.65868e-05
6.9985e-11	-3.60838e-05
7.01134e-11	-3.55791e-05
7.02418e-11	-3.50726e-05
7.03702e-11	-3.45643e-05
7.04986e-11	-3.40542e-05
7.0627e-11	-3.35424e-05
7.07554e-11	-3.30287e-05
7.08838e-11	-3.25133e-05
7.10123e-11	-3.19961e-05
7.11407e-11	-3.14771e-05
7.12691e-11	-3.09563e-05
7.13975e-11	-3.04337e-05
7.15259e-11	-2.99094e-05
7.16543e-11	-2.93832e-05
7.17827e-11	-2.88552e-05
7.19111e-11	-2.83254e-05
7.20396e-11	-2.77939e-05
7.2168e-11	-2.72605e-05
7.22964e-11	-2.67253e-05
7.24248e-11	-2.61883e-05
7.25532e-11	-2.56495e-05
7.26816e-11	-2.51088e-05
7.281e-11	-2.45664e-05
7.29384e-11	-2.40221e-05
7.30669e-11	-2.34761e-05
7.31953e-11	-2.29281e-05
7.33237e-11	-2.23784e-05
7.34521e-11	-2.18269e-05
7.35805e-11	-2.12735e-05
7.37089e-11	-2.07183e-05
7.38373e-11	-2.01612e-05
7.39658e-11	-1.96024e-05
7.40942e-11	-1.90417e-05
7.42226e-11	-1.84791e-05
7.4351e-11	-1.79147e-05
7.44794e-11	-1.73485e-05
7.46078e-11	-1.67804e-05
7.47362e-11	-1.62105e-05
7.48646e-11	-1.56387e-05
7.49931e-11	-1.50651e-05
7.51215e-11	-1.44897e-05
7.52499e-11	-1.39123e-05
7.53783e-11	-1.33332e-05
7.55067e-11	-1.27521e-05
7.56351e-11	-1.21693e-05
7.57635e-11	-1.15845e-05
7.58919e-11	-1.09979e-05
7.60204e-11	-1.04094e-05
7.61488e-11	-9.81908e-06
7.62772e-11	-9.22688e-06
7.64056e-11	-8.6328e-06
7.6534e-11	-8.03685e-06
7.66624e-11	-7.43902e-06
7.67908e-11	-6.83932e-06
7.69192e-11	-6.23775e-06
7.70477e-11	-5.63429e-06
7.71761e-11	-5.02896e-06
7.73045e-11	-4.42174e-06
7.74329e-11	-3.81263e-06
7.75613e-11	-3.20165e-06
7.76897e-11	-2.58877e-06
7.78181e-11	-1.974e-06
7.79465e-11	-1.35734e-06
7.8075e-11	-7.38792e-07
7.82034e-11	-1.18345e-07
7.83318e-11	5.03998e-07
7.84602e-11	1.12824e-06
7.85886e-11	1.75438e-06
7.8717e-11	2.38243e-06
7.88454e-11	3.01237e-06
7.89738e-11	3.64422e-06
7.91023e-11	4.27798e-06
7.92307e-11	4.91365e-06
7.93591e-11	5.55123e-06
7.94875e-11	6.19072e-06
7.96159e-11	6.83213e-06
7.97443e-11	7.47545e-06
7.98727e-11	8.12068e-06
8.00012e-11	8.76784e-06
8.01296e-11	9.41692e-06
8.0258e-11	1.00679e-05
8.03864e-11	1.07208e-05
8.05148e-11	1.13757e-05
8.06432e-11	1.20325e-05
8.07716e-11	1.26912e-05
8.09e-11	1.33518e-05
8.10285e-11	1.40144e-05
8.11569e-11	1.46789e-05
8.12853e-11	1.53453e-05
8.14137e-11	1.60137e-05
8.15421e-11	1.6684e-05
8.16705e-11	1.73562e-05
8.17989e-11	1.80304e-05
8.19273e-11	1.87065e-05
8.20558e-11	1.93846e-05
8.21842e-11	2.00646e-05
8.23126e-11	2.07466e-05
8.2441e-11	2.14305e-05
8.25694e-11	2.21164e-05
8.26978e-11	2.28042e-05
8.28262e-11	2.3494e-05
8.29546e-11	2.41857e-05
8.30831e-11	2.48794e-05
8.32115e-11	2.5575e-05
8.33399e-11	2.62726e-05
8.34683e-11	2.69722e-05
8.35967e-11	2.76737e-05
8.37251e-11	2.83772e-05
8.38535e-11	2.90826e-05
8.39819e-11	2.979e-05
8.41104e-11	3.04994e-05
8.42388e-11	3.12108e-05
8.43672e-11	3.19241e-05
8.44956e-11	3.26394e-05
8.4624e-11	3.33566e-05
8.47524e-11	3.40759e-05
8.48808e-11	3.47971e-05
8.50092e-11	3.55203e-05
8.51377e-11	3.62454e-05
8.52661e-11	3.69726e-05
8.53945e-11	3.77017e-05
8.55229e-11	3.84328e-05
8.56513e-11	3.91659e-05
8.57797e-11	3.9901e-05
8.59081e-11	4.06381e-05
8.60366e-11	4.13771e-05
8.6165e-11	4.21182e-05
8.62934e-11	4.28612e-05
8.64218e-11	4.36062e-05
8.65502e-11	4.43533e-05
8.66786e-11	4.51023e-05
8.6807e-11	4.58533e-05
8.69354e-11	4.66063e-05
8.70639e-11	4.73613e-05
8.71923e-11	4.81183e-05
8.73207e-11	4.88773e-05
8.74491e-11	4.96383e-05
8.75775e-11	5.04013e-05
8.77059e-11	5.11663e-05
8.78343e-11	5.19333e-05
8.79627e-11	5.27023e-05
8.80912e-11	5.34733e-05
8.82196e-11	5.42463e-05
8.8348e-11	5.50213e-05
8.84764e-11	5.57984e-05
8.86048e-11	5.65774e-05
8.87332e-11	5.73585e-05
8.88616e-11	5.81416e-05
8.899e-11	5.89267e-05
8.91185e-11	5.97138e-05
8.92469e-11	6.05029e-05
8.93753e-11	6.1294e-05
8.95037e-11	6.20872e-05
8.96321e-11	6.28824e-05
8.97605e-11	6.36796e-05
8.98889e-11	6.44788e-05
9.00173e-11	6.528e-05
9.01458e-11	6.60833e-05
9.02742e-11	6.68886e-05
9.04026e-11	6.76959e-05
9.0531e-11	6.85052e-05
9.06594e-11	6.93166e-05
9.07878e-11	7.013e-05
9.09162e-11	7.09454e-05
9.10446e-11	7.17629e-05
9.11731e-11	7.25823e-05
9.13015e-11	7.34038e-05
9.14299e-11	7.42274e-05
9.15583e-11	7.5053e-05
9.16867e-11	7.58806e-05
9.18151e-11	7.67102e-05
9.19435e-11	7.75419e-05
9.2072e-11	7.83756e-05
9.22004e-11	7.92114e-05
9.23288e-11	8.00492e-05
9.24572e-11	8.0889e-05
9.25856e-11	8.17309e-05
9.2714e-11	8.25748e-05
9.28424e-11	8.34207e-05
9.29708e-11	8.42687e-05
9.30993e-11	8.51187e-05
9.32277e-11	8.59708e-05
9.33561e-11	8.68249e-05
9.34845e-11	8.76811e-05
9.36129e-11	8.85393e-05
9.37413e-11	8.93995e-05
9.38697e-11	9.02618e-05
9.39981e-11	9.11262e-05
9.41266e-11	9.19926e-05
9.4255e-11	9.2861e-05
9.43834e-11	9.37315e-05
9.45118e-11	9.46041e-05
9.46402e-11	9.54787e-05
9.47686e-11	9.63553e-05
9.4897e-11	9.7234e-05
9.50254e-11	9.81147e-05
9.51539e-11	9.89975e-05
9.52823e-11	9.98824e-05
9.54107e-11	0.000100769
9.55391e-11	0.000101658
9.56675e-11	0.000102549
9.57959e-11	0.000103442
9.59243e-11	0.000104337
9.60527e-11	0.000105235
9.61812e-11	0.000106134
9.63096e-11	0.000107035
9.6438e-11	0.000107938
9.65664e-11	0.000108844
9.66948e-11	0.000109751
9.68232e-11	0.000110661
9.69516e-11	0.000111572
9.708e-11	0.000112486
9.72085e-11	0.000113402
9.73369e-11	0.000114319
9.74653e-11	0.000115239
9.75937e-11	0.000116161
9.77221e-11	0.000117085
9.78505e-11	0.000118011
9.79789e-11	0.000118939
9.81074e-11	0.000119869
9.82358e-11	0.000120801
9.83642e-11	0.000121736
9.84926e-11	0.000122672
9.8621e-11	0.00012361
9.87494e-11	0.000124551
9.88778e-11	0.000125493
9.90062e-11	0.000126438
9.91347e-11	0.000127384
9.92631e-11	0.000128333
9.93915e-11	0.000129284
9.95199e-11	0.000130237
9.96483e-11	0.000131192
9.97767e-11	0.000132149
9.99051e-11	0.000133108
1.00034e-10	0.000134069
1.00162e-10	0.000135032
1.0029e-10	0.000135997
1.00419e-10	0.000136964
1.00547e-10	0.000137933
1.00676e-10	0.000138905
1.00804e-10	0.000139878
1.00932e-10	0.000140854
1.01061e-10	0.000141831
1.01189e-10	0.000142811
1.01318e-10	0.000143793
1.01446e-10	0.000144777
1.01574e-10	0.000145762
1.01703e-10	0.00014675
1.01831e-10	0.00014774
1.0196e-10	0.000148732
1.02088e-10	0.000149726
1.02217e-10	0.000150722
1.02345e-10	0.000151721
1.02473e-10	0.000152721
1.02602e-10	0.000153723
1.0273e-10	0.000154728
1.02859e-10	0.000155734
1.02987e-10	0.000156743
1.03115e-10	0.000157753
1.03244e-10	0.000158766
1.03372e-10	0.000159781
1.03501e-10	0.000160797
1.03629e-10	0.000161816
1.03758e-10	0.000162837
1.03886e-10	0.00016386
1.04014e-10	0.000164885
1.04143e-10	0.000165912
1.04271e-10	0.000166941
1.044e-10	0.000167973
1.04528e-10	0.000169006
1.04656e-10	0.000170041
1.04785e-10	0.000171078
1.04913e-10	0.000172118
1.05042e-10	0.000173159
1.0517e-10	0.000174203
1.05298e-10	0.000175248
1.05427e-10	0.000176296
1.05555e-10	0.000177346
1.05684e-10	0.000178398
1.05812e-10	0.000179451
1.05941e-10	0.000180507
1.06069e-10	0.000181565
1.06197e-10	0.000182625
1.06326e-10	0.000183687
1.06454e-10	0.000184751
1.06583e-10	0.000185817
1.06711e-10	0.000186886
1.06839e-10	0.000187956
1.06968e-10	0.000189028
1.07096e-10	0.000190102
1.07225e-10	0.000191179
1.07353e-10	0.000192257
1.07481e-10	0.000193338
1.0761e-10	0.00019442
1.07738e-10	0.000195505
1.07867e-10	0.000196591
1.07995e-10	0.00019768
1.08124e-10	0.00019877
1.08252e-10	0.000199863
1.0838e-10	0.000200958
1.08509e-10	0.000202055
1.08637e-10	0.000203154
1.08766e-10	0.000204254
1.08894e-10	0.000205357
1.09022e-10	0.000206462
1.09151e-10	0.000207569
1.09279e-10	0.000208678
1.09408e-10	0.000209789
1.09536e-10	0.000210902
1.09664e-10	0.000212017
1.09793e-10	0.000213135
1.09921e-10	0.000214254
1.1005e-10	0.000215375
1.10178e-10	0.000216498
1.10307e-10	0.000217623
1.10435e-10	0.000218751
1.10563e-10	0.00021988
1.10692e-10	0.000221011
1.1082e-10	0.000222145
1.10949e-10	0.00022328
1.11077e-10	0.000224417
1.11205e-10	0.000225557
1.11334e-10	0.000226698
1.11462e-10	0.000227842
1.11591e-10	0.000228987
1.11719e-10	0.000230134
1.11848e-10	0.000231284
1.11976e-10	0.000232435
1.12104e-10	0.000233589
1.12233e-10	0.000234744
1.12361e-10	0.000235902
1.1249e-10	0.000237061
1.12618e-10	0.000238223
1.12746e-10	0.000239386
1.12875e-10	0.000240552
1.13003e-10	0.000241719
1.13132e-10	0.000242889
1.1326e-10	0.00024406
1.13388e-10	0.000245234
1.13517e-10	0.000246409
1.13645e-10	0.000247587
1.13774e-10	0.000248766
1.13902e-10	0.000249948
1.14031e-10	0.000251131
1.14159e-10	0.000252317
1.14287e-10	0.000253504
1.14416e-10	0.000254694
1.14544e-10	0.000255885
1.14673e-10	0.000257078
1.14801e-10	0.000258274
1.14929e-10	0.000259471
1.15058e-10	0.00026067
1.15186e-10	0.000261872
1.15315e-10	0.000263075
1.15443e-10	0.00026428
1.15571e-10	0.000265487
1.157e-10	0.000266696
1.15828e-10	0.000267907
1.15957e-10	0.000269121
1.16085e-10	0.000270336
1.16214e-10	0.000271553
1.16342e-10	0.000272771
1.1647e-10	0.000273992
1.16599e-10	0.000275215
1.16727e-10	0.00027644
1.16856e-10	0.000277667
1.16984e-10	0.000278896
1.17112e-10	0.000280126
1.17241e-10	0.000281359
1.17369e-10	0.000282593
1.17498e-10	0.00028383
1.17626e-10	0.000285068
1.17755e-10	0.000286309
1.17883e-10	0.000287551
1.18011e-10	0.000288795
1.1814e-10	0.000290041
1.18268e-10	0.000291289
1.18397e-10	0.000292539
1.18525e-10	0.000293791
1.18653e-10	0.000295045
1.18782e-10	0.000296301
1.1891e-10	0.000297559
1.19039e-10	0.000298818
1.19167e-10	0.00030008
1.19295e-10	0.000301343
1.19424e-10	0.000302609
1.19552e-10	0.000303876
1.19681e-10	0.000305145
1.19809e-10	0.000306416
1.19938e-10	0.000307689
1.20066e-10	0.000308964
1.20194e-10	0.00031024
1.20323e-10	0.000311519
1.20451e-10	0.0003128
1.2058e-10	0.000314082
1.20708e-10	0.000315366
1.20836e-10	0.000316652
1.20965e-10	0.00031794
1.21093e-10	0.00031923
1.21222e-10	0.000320522
1.2135e-10	0.000321816
1.21478e-10	0.000323111
1.21607e-10	0.000324409
1.21735e-10	0.000325708
1.21864e-10	0.000327009
1.21992e-10	0.000328312
1.22121e-10	0.000329617
1.22249e-10	0.000330924
1.22377e-10	0.000332232
1.22506e-10	0.000333543
1.22634e-10	0.000334855
1.22763e-10	0.000336169
1.22891e-10	0.000337485
1.23019e-10	0.000338803
1.23148e-10	0.000340122
1.23276e-10	0.000341444
1.23405e-10	0.000342767
1.23533e-10	0.000344092
1.23661e-10	0.000345419
1.2379e-10	0.000346747
1.23918e-10	0.000348078
1.24047e-10	0.00034941
1.24175e-10	0.000350744
1.24304e-10	0.00035208
1.24432e-10	0.000353418
1.2456e-10	0.000354758
1.24689e-10	0.000356099
1.24817e-10	0.000357442
1.24946e-10	0.000358787
1.25074e-10	0.000360134
1.25202e-10	0.000361482
1.25331e-10	0.000362833
1.25459e-10	0.000364185
1.25588e-10	0.000365539
1.25716e-10	0.000366894
1.25845e-10	0.000368252
1.25973e-10	0.000369611
1.26101e-10	0.000370972
1.2623e-10	0.000372335
1.26358e-10	0.000373699
1.26487e-10	0.000375065
1.26615e-10	0.000376433
1.26743e-10	0.000377803
1.26872e-10	0.000379174
1.27e-10	0.000380548
1.27129e-10	0.000381922
1.27257e-10	0.000383299
1.27385e-10	0.000384677
1.27514e-10	0.000386058
1.27642e-10	0.000387439
1.27771e-10	0.000388823
1.27899e-10	0.000390208
1.28028e-10	0.000391595
1.28156e-10	0.000392984
1.28284e-10	0.000394374
1.28413e-10	0.000395766
1.28541e-10	0.00039716
1.2867e-10	0.000398556
1.28798e-10	0.000399953
1.28926e-10	0.000401352
1.29055e-10	0.000402752
1.29183e-10	0.000404154
1.29312e-10	0.000405558
1.2944e-10	0.000406964
1.29568e-10	0.000408371
1.29697e-10	0.00040978
1.29825e-10	0.000411191
1.29954e-10	0.000412603
1.30082e-10	0.000414017
1.30211e-10	0.000415432
1.30339e-10	0.000416849
1.30467e-10	0.000418268
1.30596e-10	0.000419689
1.30724e-10	0.000421111
1.30853e-10	0.000422534
1.30981e-10	0.00042396
1.31109e-10	0.000425387
1.31238e-10	0.000426815
1.31366e-10	0.000428245
1.31495e-10	0.000429677
1.31623e-10	0.00043111
1.31751e-10	0.000432545
1.3188e-10	0.000433982
1.32008e-10	0.00043542
1.32137e-10	0.00043686
1.32265e-10	0.000438301
1.32394e-10	0.000439744
1.32522e-10	0.000441188
1.3265e-10	0.000442634
1.32779e-10	0.000444082
1.32907e-10	0.000445531
1.33036e-10	0.000446982
1.33164e-10	0.000448434
1.33292e-10	0.000449888
1.33421e-10	0.000451343
1.33549e-10	0.0004528
1.33678e-10	0.000454259
1.33806e-10	0.000455719
1.33935e-10	0.00045718
1.34063e-10	0.000458643
1.34191e-10	0.000460108
1.3432e-10	0.000461574
1.34448e-10	0.000463041
1.34577e-10	0.00046451
1.34705e-10	0.000465981
1.34833e-10	0.000467453
1.34962e-10	0.000468926
1.3509e-10	0.000470401
1.35219e-10	0.000471878
1.35347e-10	0.000473356
1.35475e-10	0.000474835
1.35604e-10	0.000476316
1.35732e-10	0.000477798
1.35861e-10	0.000479282
1.35989e-10	0.000480767
1.36118e-10	0.000482254
1.36246e-10	0.000483742
1.36374e-10	0.000485231
1.36503e-10	0.000486722
1.36631e-10	0.000488215
1.3676e-10	0.000489709
1.36888e-10	0.000491204
1.37016e-10	0.0004927
1.37145e-10	0.000494198
1.37273e-10	0.000495698
1.37402e-10	0.000497199
1.3753e-10	0.000498701
1.37658e-10	0.000500204
1.37787e-10	0.000501709
1.37915e-10	0.000503216
1.38044e-10	0.000504723
1.38172e-10	0.000506232
1.38301e-10	0.000507743
1.38429e-10	0.000509255
1.38557e-10	0.000510768
1.38686e-10	0.000512282
1.38814e-10	0.000513798
1.38943e-10	0.000515315
1.39071e-10	0.000516833
1.39199e-10	0.000518353
1.39328e-10	0.000519874
1.39456e-10	0.000521397
1.39585e-10	0.00052292
1.39713e-10	0.000524445
1.39841e-10	0.000525971
1.3997e-10	0.000527499
1.40098e-10	0.000529028
1.40227e-10	0.000530558
1.40355e-10	0.000532089
1.40484e-10	0.000533622
1.40612e-10	0.000535155
1.4074e-10	0.000536691
1.40869e-10	0.000538227
1.40997e-10	0.000539764
1.41126e-10	0.000541303
1.41254e-10	0.000542843
1.41382e-10	0.000544385
1.41511e-10	0.000545927
1.41639e-10	0.000547471
1.41768e-10	0.000549016
1.41896e-10	0.000550562
1.42025e-10	0.000552109
1.42153e-10	0.000553657
1.42281e-10	0.000555207
1.4241e-10	0.000556758
1.42538e-10	0.00055831
1.42667e-10	0.000559863
1.42795e-10	0.000561417
1.42923e-10	0.000562973
1.43052e-10	0.000564529
1.4318e-10	0.000566087
1.43309e-10	0.000567646
1.43437e-10	0.000569205
1.43565e-10	0.000570767
1.43694e-10	0.000572329
1.43822e-10	0.000573892
1.43951e-10	0.000575456
1.44079e-10	0.000577022
1.44208e-10	0.000578588
1.44336e-10	0.000580156
1.44464e-10	0.000581725
1.44593e-10	0.000583294
1.44721e-10	0.000584865
1.4485e-10	0.000586437
1.44978e-10	0.00058801
1.45106e-10	0.000589584
1.45235e-10	0.000591159
1.45363e-10	0.000592735
1.45492e-10	0.000594312
1.4562e-10	0.00059589
1.45748e-10	0.000597469
1.45877e-10	0.000599049
1.46005e-10	0.00060063
1.46134e-10	0.000602212
1.46262e-10	0.000603795
1.46391e-10	0.000605379
1.46519e-10	0.000606964
1.46647e-10	0.000608549
1.46776e-10	0.000610136
1.46904e-10	0.000611724
1.47033e-10	0.000613313
1.47161e-10	0.000614902
1.47289e-10	0.000616493
1.47418e-10	0.000618084
1.47546e-10	0.000619677
1.47675e-10	0.00062127
1.47803e-10	0.000622864
1.47932e-10	0.000624459
1.4806e-10	0.000626055
1.48188e-10	0.000627652
1.48317e-10	0.000629249
1.48445e-10	0.000630848
1.48574e-10	0.000632447
1.48702e-10	0.000634047
1.4883e-10	0.000635648
1.48959e-10	0.00063725
1.49087e-10	0.000638853
1.49216e-10	0.000640456
1.49344e-10	0.000642061
1.49472e-10	0.000643666
1.49601e-10	0.000645271
1.49729e-10	0.000646878
1.49858e-10	0.000648486
1.49986e-10	0.000650094
1.50115e-10	0.000651703
1.50243e-10	0.000653312
1.50371e-10	0.000654923
1.505e-10	0.000656534
1.50628e-10	0.000658146
1.50757e-10	0.000659759
1.50885e-10	0.000661372
1.51013e-10	0.000662986
1.51142e-10	0.000664601
1.5127e-10	0.000666216
1.51399e-10	0.000667832
1.51527e-10	0.000669449
1.51655e-10	0.000671066
1.51784e-10	0.000672685
1.51912e-10	0.000674303
1.52041e-10	0.000675923
1.52169e-10	0.000677543
1.52298e-10	0.000679163
1.52426e-10	0.000680785
1.52554e-10	0.000682407
1.52683e-10	0.000684029
1.52811e-10	0.000685652
1.5294e-10	0.000687276
1.53068e-10	0.0006889
1.53196e-10	0.000690525
1.53325e-10	0.00069215
1.53453e-10	0.000693776
1.53582e-10	0.000695403
1.5371e-10	0.00069703
1.53838e-10	0.000698657
1.53967e-10	0.000700285
1.54095e-10	0.000701914
1.54224e-10	0.000703543
1.54352e-10	0.000705172
1.54481e-10	0.000706803
1.54609e-10	0.000708433
1.54737e-10	0.000710064
1.54866e-10	0.000711696
1.54994e-10	0.000713327
1.55123e-10	0.00071496
1.55251e-10	0.000716593
1.55379e-10	0.000718226
1.55508e-10	0.000719859
1.55636e-10	0.000721493
1.55765e-10	0.000723128
1.55893e-10	0.000724763
1.56022e-10	0.000726398
1.5615e-10	0.000728033
1.56278e-10	0.000729669
1.56407e-10	0.000731306
1.56535e-10	0.000732942
1.56664e-10	0.000734579
1.56792e-10	0.000736217
1.5692e-10	0.000737854
1.57049e-10	0.000739492
1.57177e-10	0.00074113
1.57306e-10	0.000742769
1.57434e-10	0.000744408
1.57562e-10	0.000746047
1.57691e-10	0.000747686
1.57819e-10	0.000749326
1.57948e-10	0.000750965
1.58076e-10	0.000752606
1.58205e-10	0.000754246
1.58333e-10	0.000755886
1.58461e-10	0.000757527
1.5859e-10	0.000759168
1.58718e-10	0.000760809
1.58847e-10	0.00076245
1.58975e-10	0.000764092
1.59103e-10	0.000765734
1.59232e-10	0.000767375
1.5936e-10	0.000769017
1.59489e-10	0.000770659
1.59617e-10	0.000772302
1.59745e-10	0.000773944
1.59874e-10	0.000775586
1.60002e-10	0.000777229
1.60131e-10	0.000778871
1.60259e-10	0.000780514
1.60388e-10	0.000782157
1.60516e-10	0.000783799
1.60644e-10	0.000785442
1.60773e-10	0.000787085
1.60901e-10	0.000788728
1.6103e-10	0.000790371
1.61158e-10	0.000792014
1.61286e-10	0.000793657
1.61415e-10	0.0007953
1.61543e-10	0.000796943
1.61672e-10	0.000798585
1.618e-10	0.000800228
1.61928e-10	0.000801871
1.62057e-10	0.000803514
1.62185e-10	0.000805156
1.62314e-10	0.000806799
1.62442e-10	0.000808441
1.62571e-10	0.000810084
1.62699e-10	0.000811726
1.62827e-10	0.000813368
1.62956e-10	0.00081501
1.63084e-10	0.000816652
1.63213e-10	0.000818293
1.63341e-10	0.000819935
1.63469e-10	0.000821576
1.63598e-10	0.000823217
1.63726e-10	0.000824858
1.63855e-10	0.000826499
1.63983e-10	0.000828139
1.64112e-10	0.00082978
1.6424e-10	0.00083142
1.64368e-10	0.000833059
1.64497e-10	0.000834699
1.64625e-10	0.000836338
1.64754e-10	0.000837977
1.64882e-10	0.000839616
1.6501e-10	0.000841254
1.65139e-10	0.000842892
1.65267e-10	0.00084453
1.65396e-10	0.000846168
1.65524e-10	0.000847805
1.65652e-10	0.000849441
1.65781e-10	0.000851078
1.65909e-10	0.000852714
1.66038e-10	0.000854349
1.66166e-10	0.000855984
1.66295e-10	0.000857619
1.66423e-10	0.000859254
1.66551e-10	0.000860887
1.6668e-10	0.000862521
1.66808e-10	0.000864154
1.66937e-10	0.000865786
1.67065e-10	0.000867419
1.67193e-10	0.00086905
1.67322e-10	0.000870681
1.6745e-10	0.000872312
1.67579e-10	0.000873942
1.67707e-10	0.000875571
1.67835e-10	0.0008772
1.67964e-10	0.000878829
1.68092e-10	0.000880457
1.68221e-10	0.000882084
1.68349e-10	0.000883711
1.68478e-10	0.000885337
1.68606e-10	0.000886962
1.68734e-10	0.000888587
1.68863e-10	0.000890211
1.68991e-10	0.000891835
1.6912e-10	0.000893458
1.69248e-10	0.00089508
1.69376e-10	0.000896701
1.69505e-10	0.000898322
1.69633e-10	0.000899942
1.69762e-10	0.000901562
1.6989e-10	0.000903181
1.70018e-10	0.000904798
1.70147e-10	0.000906416
1.70275e-10	0.000908032
1.70404e-10	0.000909648
1.70532e-10	0.000911263
1.70661e-10	0.000912877
1.70789e-10	0.00091449
1.70917e-10	0.000916102
1.71046e-10	0.000917714
1.71174e-10	0.000919325
1.71303e-10	0.000920935
1.71431e-10	0.000922544
1.71559e-10	0.000924152
1.71688e-10	0.000925759
1.71816e-10	0.000927365
1.71945e-10	0.000928971
1.72073e-10	0.000930575
1.72202e-10	0.000932179
1.7233e-10	0.000933781
1.72458e-10	0.000935383
1.72587e-10	0.000936984
1.72715e-10	0.000938583
1.72844e-10	0.000940182
1.72972e-10	0.00094178
1.731e-10	0.000943376
1.73229e-10	0.000944972
1.73357e-10	0.000946566
1.73486e-10	0.00094816
1.73614e-10	0.000949752
1.73742e-10	0.000951343
1.73871e-10	0.000952933
1.73999e-10	0.000954522
1.74128e-10	0.00095611
1.74256e-10	0.000957697
1.74385e-10	0.000959282
1.74513e-10	0.000960867
1.74641e-10	0.00096245
1.7477e-10	0.000964032
1.74898e-10	0.000965613
1.75027e-10	0.000967193
1.75155e-10	0.000968771
1.75283e-10	0.000970348
1.75412e-10	0.000971924
1.7554e-10	0.000973498
1.75669e-10	0.000975072
1.75797e-10	0.000976644
1.75925e-10	0.000978214
1.76054e-10	0.000979784
1.76182e-10	0.000981352
1.76311e-10	0.000982918
1.76439e-10	0.000984484
1.76568e-10	0.000986048
1.76696e-10	0.00098761
1.76824e-10	0.000989171
1.76953e-10	0.000990731
1.77081e-10	0.000992289
1.7721e-10	0.000993846
1.77338e-10	0.000995402
1.77466e-10	0.000996956
1.77595e-10	0.000998508
1.77723e-10	0.00100006
1.77852e-10	0.00100161
1.7798e-10	0.00100316
1.78109e-10	0.0010047
1.78237e-10	0.00100625
1.78365e-10	0.00100779
1.78494e-10	0.00100933
1.78622e-10	0.00101087
1.78751e-10	0.00101241
1.78879e-10	0.00101395
1.79007e-10	0.00101548
1.79136e-10	0.00101702
1.79264e-10	0.00101855
1.79393e-10	0.00102008
1.79521e-10	0.00102161
1.79649e-10	0.00102313
1.79778e-10	0.00102466
1.79906e-10	0.00102618
1.80035e-10	0.0010277
1.80163e-10	0.00102922
1.80292e-10	0.00103074
1.8042e-10	0.00103226
1.80548e-10	0.00103377
1.80677e-10	0.00103529
1.80805e-10	0.0010368
1.80934e-10	0.00103831
1.81062e-10	0.00103981
1.8119e-10	0.00104132
1.81319e-10	0.00104282
1.81447e-10	0.00104432
1.81576e-10	0.00104582
1.81704e-10	0.00104732
1.81832e-10	0.00104882
1.81961e-10	0.00105031
1.82089e-10	0.0010518
1.82218e-10	0.00105329
1.82346e-10	0.00105478
1.82475e-10	0.00105627
1.82603e-10	0.00105775
1.82731e-10	0.00105923
1.8286e-10	0.00106071
1.82988e-10	0.00106219
1.83117e-10	0.00106367
1.83245e-10	0.00106514
1.83373e-10	0.00106661
1.83502e-10	0.00106808
1.8363e-10	0.00106955
1.83759e-10	0.00107101
1.83887e-10	0.00107247
1.84015e-10	0.00107393
1.84144e-10	0.00107539
1.84272e-10	0.00107685
1.84401e-10	0.0010783
1.84529e-10	0.00107976
1.84658e-10	0.0010812
1.84786e-10	0.00108265
1.84914e-10	0.0010841
1.85043e-10	0.00108554
1.85171e-10	0.00108698
1.853e-10	0.00108842
1.85428e-10	0.00108985
1.85556e-10	0.00109129
1.85685e-10	0.00109272
1.85813e-10	0.00109415
1.85942e-10	0.00109557
1.8607e-10	0.001097
1.86199e-10	0.00109842
1.86327e-10	0.00109984
1.86455e-10	0.00110125
1.86584e-10	0.00110266
1.86712e-10	0.00110408
1.86841e-10	0.00110549
1.86969e-10	0.00110689
1.87097e-10	0.00110829
1.87226e-10	0.0011097
1.87354e-10	0.00111109
1.87483e-10	0.00111249
1.87611e-10	0.00111388
1.87739e-10	0.00111527
1.87868e-10	0.00111666
1.87996e-10	0.00111805
1.88125e-10	0.00111943
1.88253e-10	0.00112081
1.88382e-10	0.00112219
1.8851e-10	0.00112356
1.88638e-10	0.00112493
1.88767e-10	0.0011263
1.88895e-10	0.00112767
1.89024e-10	0.00112903
1.89152e-10	0.00113039
1.8928e-10	0.00113175
1.89409e-10	0.00113311
1.89537e-10	0.00113446
1.89666e-10	0.00113581
1.89794e-10	0.00113716
1.89922e-10	0.0011385
1.90051e-10	0.00113984
1.90179e-10	0.00114118
1.90308e-10	0.00114251
1.90436e-10	0.00114385
1.90565e-10	0.00114517
1.90693e-10	0.0011465
1.90821e-10	0.00114782
1.9095e-10	0.00114914
1.91078e-10	0.00115046
1.91207e-10	0.00115177
1.91335e-10	0.00115308
1.91463e-10	0.00115439
1.91592e-10	0.0011557
1.9172e-10	0.001157
1.91849e-10	0.0011583
1.91977e-10	0.00115959
1.92105e-10	0.00116088
1.92234e-10	0.00116217
1.92362e-10	0.00116346
1.92491e-10	0.00116474
1.92619e-10	0.00116602
1.92748e-10	0.0011673
1.92876e-10	0.00116857
1.93004e-10	0.00116984
1.93133e-10	0.00117111
1.93261e-10	0.00117237
1.9339e-10	0.00117363
1.93518e-10	0.00117488
1.93646e-10	0.00117614
1.93775e-10	0.00117739
1.93903e-10	0.00117863
1.94032e-10	0.00117987
1.9416e-10	0.00118111
1.94289e-10	0.00118235
1.94417e-10	0.00118358
1.94545e-10	0.00118481
1.94674e-10	0.00118604
1.94802e-10	0.00118726
1.94931e-10	0.00118848
1.95059e-10	0.00118969
1.95187e-10	0.0011909
1.95316e-10	0.00119211
1.95444e-10	0.00119331
1.95573e-10	0.00119451
1.95701e-10	0.00119571
1.95829e-10	0.0011969
1.95958e-10	0.00119809
1.96086e-10	0.00119928
1.96215e-10	0.00120046
1.96343e-10	0.00120164
1.96472e-10	0.00120281
1.966e-10	0.00120399
1.96728e-10	0.00120515
1.96857e-10	0.00120632
1.96985e-10	0.00120748
1.97114e-10	0.00120863
1.97242e-10	0.00120978
1.9737e-10	0.00121093
1.97499e-10	0.00121207
1.97627e-10	0.00121322
1.97756e-10	0.00121435
1.97884e-10	0.00121548
1.98012e-10	0.00121661
1.98141e-10	0.00121774
1.98269e-10	0.00121886
1.98398e-10	0.00121997
1.98526e-10	0.00122109
1.98655e-10	0.00122219
1.98783e-10	0.0012233
1.98911e-10	0.0012244
1.9904e-10	0.0012255
1.99168e-10	0.00122659
1.99297e-10	0.00122768
1.99425e-10	0.00122876
1.99553e-10	0.00122984
1.99682e-10	0.00123092
1.9981e-10	0.00123199
1.99939e-10	0.00123305
2.00067e-10	0.00123412
2.00195e-10	0.00123518
2.00324e-10	0.00123623
2.00452e-10	0.00123728
2.00581e-10	0.00123833
2.00709e-10	0.00123937
2.00838e-10	0.00124041
2.00966e-10	0.00124144
2.01094e-10	0.00124247
2.01223e-10	0.00124349
2.01351e-10	0.00124451
2.0148e-10	0.00124553
2.01608e-10	0.00124654
2.01736e-10	0.00124755
2.01865e-10	0.00124855
2.01993e-10	0.00124954
2.02122e-10	0.00125054
2.0225e-10	0.00125153
2.02379e-10	0.00125251
2.02507e-10	0.00125349
2.02635e-10	0.00125446
2.02764e-10	0.00125544
2.02892e-10	0.0012564
2.03021e-10	0.00125736
2.03149e-10	0.00125832
2.03277e-10	0.00125927
2.03406e-10	0.00126022
2.03534e-10	0.00126116
2.03663e-10	0.0012621
2.03791e-10	0.00126303
2.03919e-10	0.00126396
2.04048e-10	0.00126488
2.04176e-10	0.0012658
2.04305e-10	0.00126671
2.04433e-10	0.00126762
2.04562e-10	0.00126853
2.0469e-10	0.00126943
2.04818e-10	0.00127032
2.04947e-10	0.00127121
2.05075e-10	0.00127209
2.05204e-10	0.00127297
2.05332e-10	0.00127385
2.0546e-10	0.00127472
2.05589e-10	0.00127558
2.05717e-10	0.00127644
2.05846e-10	0.00127729
2.05974e-10	0.00127814
2.06102e-10	0.00127899
2.06231e-10	0.00127983
2.06359e-10	0.00128066
2.06488e-10	0.00128149
2.06616e-10	0.00128231
2.06745e-10	0.00128313
2.06873e-10	0.00128395
2.07001e-10	0.00128475
2.0713e-10	0.00128556
2.07258e-10	0.00128636
2.07387e-10	0.00128715
2.07515e-10	0.00128793
2.07643e-10	0.00128872
2.07772e-10	0.00128949
2.079e-10	0.00129026
2.08029e-10	0.00129103
2.08157e-10	0.00129179
2.08285e-10	0.00129255
2.08414e-10	0.0012933
2.08542e-10	0.00129404
2.08671e-10	0.00129478
2.08799e-10	0.00129551
2.08928e-10	0.00129624
2.09056e-10	0.00129696
2.09184e-10	0.00129768
2.09313e-10	0.00129839
2.09441e-10	0.0012991
2.0957e-10	0.0012998
2.09698e-10	0.00130049
2.09826e-10	0.00130118
2.09955e-10	0.00130186
2.10083e-10	0.00130254
2.10212e-10	0.00130321
2.1034e-10	0.00130388
2.10469e-10	0.00130454
2.10597e-10	0.00130519
2.10725e-10	0.00130584
2.10854e-10	0.00130649
2.10982e-10	0.00130712
2.11111e-10	0.00130775
2.11239e-10	0.00130838
2.11367e-10	0.001309
2.11496e-10	0.00130961
2.11624e-10	0.00131022
2.11753e-10	0.00131082
2.11881e-10	0.00131142
2.12009e-10	0.00131201
2.12138e-10	0.00131259
2.12266e-10	0.00131317
2.12395e-10	0.00131374
2.12523e-10	0.00131431
2.12652e-10	0.00131487
2.1278e-10	0.00131543
2.12908e-10	0.00131597
2.13037e-10	0.00131651
2.13165e-10	0.00131705
2.13294e-10	0.00131758
2.13422e-10	0.0013181
2.1355e-10	0.00131862
2.13679e-10	0.00131913
2.13807e-10	0.00131964
2.13936e-10	0.00132014
2.14064e-10	0.00132063
2.14192e-10	0.00132111
2.14321e-10	0.00132159
2.14449e-10	0.00132207
2.14578e-10	0.00132253
2.14706e-10	0.00132299
2.14835e-10	0.00132345
2.14963e-10	0.0013239
2.15091e-10	0.00132434
2.1522e-10	0.00132477
2.15348e-10	0.0013252
2.15477e-10	0.00132562
2.15605e-10	0.00132604
2.15733e-10	0.00132645
2.15862e-10	0.00132685
2.1599e-10	0.00132725
2.16119e-10	0.00132764
2.16247e-10	0.00132802
2.16376e-10	0.00132839
2.16504e-10	0.00132876
2.16632e-10	0.00132913
2.16761e-10	0.00132948
2.16889e-10	0.00132983
2.17018e-10	0.00133017
2.17146e-10	0.00133051
2.17274e-10	0.00133084
2.17403e-10	0.00133116
2.17531e-10	0.00133148
2.1766e-10	0.00133179
2.17788e-10	0.00133209
2.17916e-10	0.00133238
2.18045e-10	0.00133267
2.18173e-10	0.00133295
2.18302e-10	0.00133323
2.1843e-10	0.00133349
2.18559e-10	0.00133375
2.18687e-10	0.00133401
2.18815e-10	0.00133425
2.18944e-10	0.00133449
2.19072e-10	0.00133473
2.19201e-10	0.00133495
2.19329e-10	0.00133517
2.19457e-10	0.00133538
2.19586e-10	0.00133558
2.19714e-10	0.00133578
2.19843e-10	0.00133597
2.19971e-10	0.00133615
2.20099e-10	0.00133633
2.20228e-10	0.0013365
2.20356e-10	0.00133666
2.20485e-10	0.00133681
2.20613e-10	0.00133696
2.20742e-10	0.0013371
2.2087e-10	0.00133723
2.20998e-10	0.00133735
2.21127e-10	0.00133747
2.21255e-10	0.00133758
2.21384e-10	0.00133768
2.21512e-10	0.00133777
2.2164e-10	0.00133786
2.21769e-10	0.00133794
2.21897e-10	0.00133801
2.22026e-10	0.00133808
2.22154e-10	0.00133814
2.22282e-10	0.00133818
2.22411e-10	0.00133823
2.22539e-10	0.00133826
2.22668e-10	0.00133829
2.22796e-10	0.00133831
2.22925e-10	0.00133832
2.23053e-10	0.00133832
2.23181e-10	0.00133832
2.2331e-10	0.00133831
2.23438e-10	0.00133829
2.23567e-10	0.00133826
2.23695e-10	0.00133823
2.23823e-10	0.00133818
2.23952e-10	0.00133813
2.2408e-10	0.00133807
2.24209e-10	0.00133801
2.24337e-10	0.00133793
2.24466e-10	0.00133785
2.24594e-10	0.00133776
2.24722e-10	0.00133766
2.24851e-10	0.00133756
2.24979e-10	0.00133745
2.25108e-10	0.00133732
2.25236e-10	0.00133719
2.25364e-10	0.00133706
2.25493e-10	0.00133691
2.25621e-10	0.00133676
2.2575e-10	0.00133659
2.25878e-10	0.00133642
2.26006e-10	0.00133625
2.26135e-10	0.00133606
2.26263e-10	0.00133586
2.26392e-10	0.00133566
2.2652e-10	0.00133545
2.26649e-10	0.00133523
2.26777e-10	0.001335
2.26905e-10	0.00133477
2.27034e-10	0.00133452
2.27162e-10	0.00133427
2.27291e-10	0.00133401
2.27419e-10	0.00133374
2.27547e-10	0.00133346
2.27676e-10	0.00133318
2.27804e-10	0.00133288
2.27933e-10	0.00133258
2.28061e-10	0.00133227
2.28189e-10	0.00133195
2.28318e-10	0.00133162
2.28446e-10	0.00133128
2.28575e-10	0.00133094
2.28703e-10	0.00133058
2.28832e-10	0.00133022
2.2896e-10	0.00132985
2.29088e-10	0.00132947
2.29217e-10	0.00132908
2.29345e-10	0.00132868
2.29474e-10	0.00132828
2.29602e-10	0.00132786
2.2973e-10	0.00132744
2.29859e-10	0.001327
2.29987e-10	0.00132656
2.30116e-10	0.00132611
2.30244e-10	0.00132565
2.30372e-10	0.00132519
2.30501e-10	0.00132471
2.30629e-10	0.00132423
2.30758e-10	0.00132373
2.30886e-10	0.00132323
2.31015e-10	0.00132272
2.31143e-10	0.00132219
2.31271e-10	0.00132166
2.314e-10	0.00132113
2.31528e-10	0.00132058
2.31657e-10	0.00132002
2.31785e-10	0.00131945
2.31913e-10	0.00131888
2.32042e-10	0.00131829
2.3217e-10	0.0013177
2.32299e-10	0.0013171
2.32427e-10	0.00131648
2.32556e-10	0.00131586
2.32684e-10	0.00131523
2.32812e-10	0.00131459
2.32941e-10	0.00131394
2.33069e-10	0.00131329
2.33198e-10	0.00131262
2.33326e-10	0.00131194
2.33454e-10	0.00131126
2.33583e-10	0.00131056
2.33711e-10	0.00130986
2.3384e-10	0.00130914
2.33968e-10	0.00130842
2.34096e-10	0.00130768
2.34225e-10	0.00130694
2.34353e-10	0.00130619
2.34482e-10	0.00130543
2.3461e-10	0.00130466
2.34739e-10	0.00130388
2.34867e-10	0.00130309
2.34995e-10	0.00130229
2.35124e-10	0.00130148
2.35252e-10	0.00130066
2.35381e-10	0.00129983
2.35509e-10	0.00129899
2.35637e-10	0.00129814
2.35766e-10	0.00129728
2.35894e-10	0.00129642
2.36023e-10	0.00129554
2.36151e-10	0.00129465
2.36279e-10	0.00129375
2.36408e-10	0.00129285
2.36536e-10	0.00129193
2.36665e-10	0.001291
2.36793e-10	0.00129007
2.36922e-10	0.00128912
2.3705e-10	0.00128817
2.37178e-10	0.0012872
2.37307e-10	0.00128622
2.37435e-10	0.00128524
2.37564e-10	0.00128424
2.37692e-10	0.00128323
2.3782e-10	0.00128222
2.37949e-10	0.00128119
2.38077e-10	0.00128016
2.38206e-10	0.00127911
2.38334e-10	0.00127805
2.38462e-10	0.00127699
2.38591e-10	0.00127591
2.38719e-10	0.00127482
2.38848e-10	0.00127373
2.38976e-10	0.00127262
2.39105e-10	0.0012715
2.39233e-10	0.00127037
2.39361e-10	0.00126923
2.3949e-10	0.00126809
2.39618e-10	0.00126693
2.39747e-10	0.00126576
2.39875e-10	0.00126458
2.40003e-10	0.00126339
2.40132e-10	0.00126219
2.4026e-10	0.00126098
2.40389e-10	0.00125975
2.40517e-10	0.00125852
2.40646e-10	0.00125728
2.40774e-10	0.00125603
2.40902e-10	0.00125476
2.41031e-10	0.00125349
2.41159e-10	0.00125221
2.41288e-10	0.00125091
2.41416e-10	0.00124961
2.41544e-10	0.00124829
2.41673e-10	0.00124696
2.41801e-10	0.00124562
2.4193e-10	0.00124428
2.42058e-10	0.00124292
2.42186e-10	0.00124155
2.42315e-10	0.00124017
2.42443e-10	0.00123878
2.42572e-10	0.00123737
2.427e-10	0.00123596
2.42829e-10	0.00123454
2.42957e-10	0.0012331
2.43085e-10	0.00123166
2.43214e-10	0.0012302
2.43342e-10	0.00122873
2.43471e-10	0.00122726
2.43599e-10	0.00122577
2.43727e-10	0.00122427
2.43856e-10	0.00122275
2.43984e-10	0.00122123
2.44113e-10	0.0012197
2.44241e-10	0.00121816
2.44369e-10	0.0012166
2.44498e-10	0.00121503
2.44626e-10	0.00121346
2.44755e-10	0.00121187
2.44883e-10	0.00121027
2.45012e-10	0.00120866
2.4514e-10	0.00120703
2.45268e-10	0.0012054
2.45397e-10	0.00120376
2.45525e-10	0.0012021
2.45654e-10	0.00120043
2.45782e-10	0.00119875
2.4591e-10	0.00119707
2.46039e-10	0.00119536
2.46167e-10	0.00119365
2.46296e-10	0.00119193
2.46424e-10	0.00119019
2.46553e-10	0.00118845
2.46681e-10	0.00118669
2.46809e-10	0.00118492
2.46938e-10	0.00118314
2.47066e-10	0.00118134
2.47195e-10	0.00117954
2.47323e-10	0.00117773
2.47451e-10	0.0011759
2.4758e-10	0.00117406
2.47708e-10	0.00117221
2.47837e-10	0.00117035
2.47965e-10	0.00116847
2.48093e-10	0.00116659
2.48222e-10	0.00116469
2.4835e-10	0.00116278
2.48479e-10	0.00116086
2.48607e-10	0.00115893
2.48736e-10	0.00115699
2.48864e-10	0.00115503
2.48992e-10	0.00115307
2.49121e-10	0.00115109
2.49249e-10	0.0011491
2.49378e-10	0.00114709
2.49506e-10	0.00114508
2.49634e-10	0.00114305
2.49763e-10	0.00114101
2.49891e-10	0.00113896
2.5002e-10	0.0011369
2.50148e-10	0.00113483
2.50276e-10	0.00113274
2.50405e-10	0.00113064
2.50533e-10	0.00112853
2.50662e-10	0.00112641
2.5079e-10	0.00112428
2.50919e-10	0.00112213
2.51047e-10	0.00111997
2.51175e-10	0.0011178
2.51304e-10	0.00111562
2.51432e-10	0.00111343
2.51561e-10	0.00111122
2.51689e-10	0.001109
2.51817e-10	0.00110677
2.51946e-10	0.00110453
2.52074e-10	0.00110227
2.52203e-10	0.0011
2.52331e-10	0.00109772
2.52459e-10	0.00109543
2.52588e-10	0.00109312
2.52716e-10	0.00109081
2.52845e-10	0.00108848
2.52973e-10	0.00108614
2.53102e-10	0.00108378
2.5323e-10	0.00108141
2.53358e-10	0.00107904
2.53487e-10	0.00107664
2.53615e-10	0.00107424
2.53744e-10	0.00107182
2.53872e-10	0.00106939
2.54e-10	0.00106695
2.54129e-10	0.0010645
2.54257e-10	0.00106203
2.54386e-10	0.00105955
2.54514e-10	0.00105706
2.54643e-10	0.00105456
2.54771e-10	0.00105204
2.54899e-10	0.00104951
2.55028e-10	0.00104697
2.55156e-10	0.00104441
2.55285e-10	0.00104185
2.55413e-10	0.00103927
2.55541e-10	0.00103667
2.5567e-10	0.00103407
2.55798e-10	0.00103145
2.55927e-10	0.00102882
2.56055e-10	0.00102617
2.56183e-10	0.00102352
2.56312e-10	0.00102085
2.5644e-10	0.00101816
2.56569e-10	0.00101547
2.56697e-10	0.00101276
2.56826e-10	0.00101004
2.56954e-10	0.0010073
2.57082e-10	0.00100456
2.57211e-10	0.0010018
2.57339e-10	0.000999023
2.57468e-10	0.000996237
2.57596e-10	0.000993438
2.57724e-10	0.000990625
2.57853e-10	0.0009878
2.57981e-10	0.000984962
2.5811e-10	0.00098211
2.58238e-10	0.000979246
2.58366e-10	0.000976368
2.58495e-10	0.000973477
2.58623e-10	0.000970573
2.58752e-10	0.000967656
2.5888e-10	0.000964726
2.59009e-10	0.000961782
2.59137e-10	0.000958825
2.59265e-10	0.000955855
2.59394e-10	0.000952872
2.59522e-10	0.000949875
2.59651e-10	0.000946865
2.59779e-10	0.000943842
2.59907e-10	0.000940806
2.60036e-10	0.000937756
2.60164e-10	0.000934692
2.60293e-10	0.000931616
2.60421e-10	0.000928526
2.60549e-10	0.000925422
2.60678e-10	0.000922306
2.60806e-10	0.000919175
2.60935e-10	0.000916032
2.61063e-10	0.000912874
2.61192e-10	0.000909704
2.6132e-10	0.000906519
2.61448e-10	0.000903322
2.61577e-10	0.00090011
2.61705e-10	0.000896885
2.61834e-10	0.000893647
2.61962e-10	0.000890395
2.6209e-10	0.000887129
2.62219e-10	0.00088385
2.62347e-10	0.000880557
2.62476e-10	0.000877251
2.62604e-10	0.00087393
2.62733e-10	0.000870596
2.62861e-10	0.000867249
2.62989e-10	0.000863887
2.63118e-10	0.000860512
2.63246e-10	0.000857123
2.63375e-10	0.000853721
2.63503e-10	0.000850304
2.63631e-10	0.000846874
2.6376e-10	0.00084343
2.63888e-10	0.000839972
2.64017e-10	0.000836501
2.64145e-10	0.000833015
2.64273e-10	0.000829516
2.64402e-10	0.000826002
2.6453e-10	0.000822475
2.64659e-10	0.000818934
2.64787e-10	0.000815379
2.64916e-10	0.000811809
2.65044e-10	0.000808226
2.65172e-10	0.000804629
2.65301e-10	0.000801018
2.65429e-10	0.000797393
2.65558e-10	0.000793754
2.65686e-10	0.000790101
2.65814e-10	0.000786434
2.65943e-10	0.000782752
2.66071e-10	0.000779057
2.662e-10	0.000775348
2.66328e-10	0.000771624
2.66456e-10	0.000767886
2.66585e-10	0.000764134
2.66713e-10	0.000760368
2.66842e-10	0.000756588
2.6697e-10	0.000752794
2.67099e-10	0.000748985
2.67227e-10	0.000745162
2.67355e-10	0.000741325
2.67484e-10	0.000737473
2.67612e-10	0.000733608
2.67741e-10	0.000729728
2.67869e-10	0.000725834
2.67997e-10	0.000721925
2.68126e-10	0.000718002
2.68254e-10	0.000714065
2.68383e-10	0.000710113
2.68511e-10	0.000706147
2.68639e-10	0.000702167
2.68768e-10	0.000698172
2.68896e-10	0.000694163
2.69025e-10	0.00069014
2.69153e-10	0.000686102
2.69282e-10	0.000682049
2.6941e-10	0.000677982
2.69538e-10	0.000673901
2.69667e-10	0.000669805
2.69795e-10	0.000665694
2.69924e-10	0.00066157
2.70052e-10	0.00065743
2.7018e-10	0.000653276
2.70309e-10	0.000649108
2.70437e-10	0.000644924
2.70566e-10	0.000640727
2.70694e-10	0.000636514
2.70823e-10	0.000632287
2.70951e-10	0.000628046
2.71079e-10	0.00062379
2.71208e-10	0.000619519
2.71336e-10	0.000615233
2.71465e-10	0.000610933
2.71593e-10	0.000606618
2.71721e-10	0.000602289
2.7185e-10	0.000597944
2.71978e-10	0.000593585
2.72107e-10	0.000589211
2.72235e-10	0.000584823
2.72363e-10	0.000580419
2.72492e-10	0.000576001
2.7262e-10	0.000571569
2.72749e-10	0.000567121
2.72877e-10	0.000562658
2.73006e-10	0.000558181
2.73134e-10	0.000553689
2.73262e-10	0.000549182
2.73391e-10	0.00054466
2.73519e-10	0.000540123
2.73648e-10	0.000535571
2.73776e-10	0.000531005
2.73904e-10	0.000526423
2.74033e-10	0.000521827
2.74161e-10	0.000517216
2.7429e-10	0.000512589
2.74418e-10	0.000507948
2.74546e-10	0.000503292
2.74675e-10	0.000498621
2.74803e-10	0.000493935
2.74932e-10	0.000489233
2.7506e-10	0.000484517
2.75189e-10	0.000479786
2.75317e-10	0.00047504
2.75445e-10	0.000470278
2.75574e-10	0.000465502
2.75702e-10	0.00046071
2.75831e-10	0.000455904
2.75959e-10	0.000451082
2.76087e-10	0.000446245
2.76216e-10	0.000441394
2.76344e-10	0.000436527
2.76473e-10	0.000431644
2.76601e-10	0.000426747
2.7673e-10	0.000421835
2.76858e-10	0.000416907
2.76986e-10	0.000411964
2.77115e-10	0.000407006
2.77243e-10	0.000402033
2.77372e-10	0.000397045
2.775e-10	0.000392041
2.77628e-10	0.000387022
2.77757e-10	0.000381988
2.77885e-10	0.000376939
2.78014e-10	0.000371874
2.78142e-10	0.000366794
2.7827e-10	0.000361699
2.78399e-10	0.000356589
2.78527e-10	0.000351463
2.78656e-10	0.000346322
2.78784e-10	0.000341166
2.78913e-10	0.000335994
2.79041e-10	0.000330807
2.79169e-10	0.000325605
2.79298e-10	0.000320387
2.79426e-10	0.000315154
2.79555e-10	0.000309905
2.79683e-10	0.000304642
2.79811e-10	0.000299362
2.7994e-10	0.000294068
2.80068e-10	0.000288758
2.80197e-10	0.000283432
2.80325e-10	0.000278091
2.80453e-10	0.000272735
2.80582e-10	0.000267363
2.8071e-10	0.000261976
2.80839e-10	0.000256573
2.80967e-10	0.000251155
2.81096e-10	0.000245722
2.81224e-10	0.000240273
2.81352e-10	0.000234808
2.81481e-10	0.000229328
2.81609e-10	0.000223832
2.81738e-10	0.000218321
2.81866e-10	0.000212794
2.81994e-10	0.000207252
2.82123e-10	0.000201695
2.82251e-10	0.000196121
2.8238e-10	0.000190532
2.82508e-10	0.000184928
2.82636e-10	0.000179308
2.82765e-10	0.000173673
2.82893e-10	0.000168021
2.83022e-10	0.000162355
2.8315e-10	0.000156672
2.83279e-10	0.000150974
2.83407e-10	0.000145261
2.83535e-10	0.000139532
2.83664e-10	0.000133787
2.83792e-10	0.000128027
2.83921e-10	0.00012225
2.84049e-10	0.000116459
2.84177e-10	0.000110651
2.84306e-10	0.000104828
2.84434e-10	9.89897e-05
2.84563e-10	9.31353e-05
2.84691e-10	8.72653e-05
2.8482e-10	8.13796e-05
2.84948e-10	7.54782e-05
2.85076e-10	6.9561e-05
2.85205e-10	6.36282e-05
2.85333e-10	5.76797e-05
2.85462e-10	5.17154e-05
2.8559e-10	4.57355e-05
2.85718e-10	3.97398e-05
2.85847e-10	3.37283e-05
2.85975e-10	2.77012e-05
2.86104e-10	2.16583e-05
2.86232e-10	1.55996e-05
2.8636e-10	9.52522e-06
2.86489e-10	3.43506e-06
2.86617e-10	-2.67087e-06
2.86746e-10	-8.79257e-06
2.86874e-10	-1.493e-05
2.87003e-10	-2.10833e-05
2.87131e-10	-2.72523e-05
2.87259e-10	-3.34371e-05
2.87388e-10	-3.96377e-05
2.87516e-10	-4.58542e-05
2.87645e-10	-5.20864e-05
2.87773e-10	-5.83344e-05
2.87901e-10	-6.45982e-05
2.8803e-10	-7.08778e-05
2.88158e-10	-7.71733e-05
2.88287e-10	-8.34846e-05
2.88415e-10	-8.98117e-05
2.88543e-10	-9.61546e-05
2.88672e-10	-0.000102513
2.888e-10	-0.000108888
2.88929e-10	-0.000115278
2.89057e-10	-0.000121685
2.89186e-10	-0.000128107
2.89314e-10	-0.000134545
2.89442e-10	-0.000140999
2.89571e-10	-0.000147468
2.89699e-10	-0.000153954
2.89828e-10	-0.000160455
2.89956e-10	-0.000166973
2.90084e-10	-0.000173506
2.90213e-10	-0.000180055
2.90341e-10	-0.00018662
2.9047e-10	-0.000193201
2.90598e-10	-0.000199797
2.90726e-10	-0.00020641
2.90855e-10	-0.000213038
2.90983e-10	-0.000219682
2.91112e-10	-0.000226343
2.9124e-10	-0.000233019
2.91369e-10	-0.000239711
2.91497e-10	-0.000246419
2.91625e-10	-0.000253142
2.91754e-10	-0.000259882
2.91882e-10	-0.000266638
2.92011e-10	-0.000273409
2.92139e-10	-0.000280197
2.92267e-10	-0.000287
2.92396e-10	-0.000293819
2.92524e-10	-0.000300654
2.92653e-10	-0.000307505
2.92781e-10	-0.000314372
2.9291e-10	-0.000321255
2.93038e-10	-0.000328154
2.93166e-10	-0.000335068
2.93295e-10	-0.000341999
2.93423e-10	-0.000348945
2.93552e-10	-0.000355908
2.9368e-10	-0.000362886
2.93808e-10	-0.00036988
2.93937e-10	-0.000376891
2.94065e-10	-0.000383917
2.94194e-10	-0.000390959
2.94322e-10	-0.000398016
2.9445e-10	-0.00040509
2.94579e-10	-0.00041218
2.94707e-10	-0.000419285
2.94836e-10	-0.000426407
2.94964e-10	-0.000433544
2.95093e-10	-0.000440698
2.95221e-10	-0.000447867
2.95349e-10	-0.000455052
2.95478e-10	-0.000462253
2.95606e-10	-0.00046947
2.95735e-10	-0.000476703
2.95863e-10	-0.000483952
2.95991e-10	-0.000491217
2.9612e-10	-0.000498497
2.96248e-10	-0.000505794
2.96377e-10	-0.000513106
2.96505e-10	-0.000520435
2.96633e-10	-0.000527779
2.96762e-10	-0.000535139
2.9689e-10	-0.000542515
2.97019e-10	-0.000549907
2.97147e-10	-0.000557315
2.97276e-10	-0.000564738
2.97404e-10	-0.000572178
2.97532e-10	-0.000579633
2.97661e-10	-0.000587105
2.97789e-10	-0.000594592
2.97918e-10	-0.000602095
2.98046e-10	-0.000609614
2.98174e-10	-0.000617149
2.98303e-10	-0.000624699
2.98431e-10	-0.000632266
2.9856e-10	-0.000639848
2.98688e-10	-0.000647446
2.98816e-10	-0.000655061
2.98945e-10	-0.00066269
2.99073e-10	-0.000670336
2.99202e-10	-0.000677998
2.9933e-10	-0.000685675
2.99459e-10	-0.000693369
2.99587e-10	-0.000701078
2.99715e-10	-0.000708803
2.99844e-10	-0.000716544
2.99972e-10	-0.0007243
3.00101e-10	-0.000732073
3.00229e-10	-0.000739861
3.00357e-10	-0.000747665
3.00486e-10	-0.000755485
3.00614e-10	-0.00076332
3.00743e-10	-0.000771171
3.00871e-10	-0.000779039
3.01e-10	-0.000786922
3.01128e-10	-0.00079482
3.01256e-10	-0.000802735
3.01385e-10	-0.000810665
3.01513e-10	-0.000818611
3.01642e-10	-0.000826573
3.0177e-10	-0.00083455
3.01898e-10	-0.000842543
3.02027e-10	-0.000850552
3.02155e-10	-0.000858577
3.02284e-10	-0.000866618
3.02412e-10	-0.000874674
3.0254e-10	-0.000882745
3.02669e-10	-0.000890833
3.02797e-10	-0.000898936
3.02926e-10	-0.000907055
3.03054e-10	-0.00091519
3.03183e-10	-0.00092334
3.03311e-10	-0.000931506
3.03439e-10	-0.000939688
3.03568e-10	-0.000947885
3.03696e-10	-0.000956098
3.03825e-10	-0.000964326
3.03953e-10	-0.00097257
3.04081e-10	-0.00098083
3.0421e-10	-0.000989106
3.04338e-10	-0.000997397
3.04467e-10	-0.0010057
3.04595e-10	-0.00101403
3.04723e-10	-0.00102236
3.04852e-10	-0.00103072
3.0498e-10	-0.00103909
3.05109e-10	-0.00104747
3.05237e-10	-0.00105587
3.05366e-10	-0.00106429
3.05494e-10	-0.00107272
3.05622e-10	-0.00108116
3.05751e-10	-0.00108963
3.05879e-10	-0.0010981
3.06008e-10	-0.0011066
3.06136e-10	-0.0011151
3.06264e-10	-0.00112363
3.06393e-10	-0.00113217
3.06521e-10	-0.00114072
3.0665e-10	-0.00114929
3.06778e-10	-0.00115788
3.06907e-10	-0.00116648
3.07035e-10	-0.0011751
3.07163e-10	-0.00118373
3.07292e-10	-0.00119238
3.0742e-10	-0.00120104
3.07549e-10	-0.00120972
3.07677e-10	-0.00121841
3.07805e-10	-0.00122712
3.07934e-10	-0.00123584
3.08062e-10	-0.00124458
3.08191e-10	-0.00125334
3.08319e-10	-0.00126211
3.08447e-10	-0.00127089
3.08576e-10	-0.0012797
3.08704e-10	-0.00128851
3.08833e-10	-0.00129734
3.08961e-10	-0.00130619
3.0909e-10	-0.00131505
3.09218e-10	-0.00132393
3.09346e-10	-0.00133282
3.09475e-10	-0.00134173
3.09603e-10	-0.00135065
3.09732e-10	-0.00135959
3.0986e-10	-0.00136854
3.09988e-10	-0.00137751
3.10117e-10	-0.00138649
3.10245e-10	-0.00139549
3.10374e-10	-0.0014045
3.10502e-10	-0.00141353
3.1063e-10	-0.00142258
3.10759e-10	-0.00143164
3.10887e-10	-0.00144071
3.11016e-10	-0.0014498
3.11144e-10	-0.0014589
3.11273e-10	-0.00146802
3.11401e-10	-0.00147715
3.11529e-10	-0.0014863
3.11658e-10	-0.00149547
3.11786e-10	-0.00150465
3.11915e-10	-0.00151384
3.12043e-10	-0.00152305
3.12171e-10	-0.00153227
3.123e-10	-0.00154151
3.12428e-10	-0.00155076
3.12557e-10	-0.00156003
3.12685e-10	-0.00156931
3.12813e-10	-0.00157861
3.12942e-10	-0.00158792
3.1307e-10	-0.00159725
3.13199e-10	-0.00160659
3.13327e-10	-0.00161595
3.13456e-10	-0.00162532
3.13584e-10	-0.00163471
3.13712e-10	-0.00164411
3.13841e-10	-0.00165352
3.13969e-10	-0.00166296
3.14098e-10	-0.0016724
3.14226e-10	-0.00168186
3.14354e-10	-0.00169133
3.14483e-10	-0.00170082
3.14611e-10	-0.00171033
3.1474e-10	-0.00171985
3.14868e-10	-0.00172938
3.14997e-10	-0.00173893
3.15125e-10	-0.00174849
3.15253e-10	-0.00175806
3.15382e-10	-0.00176766
3.1551e-10	-0.00177726
3.15639e-10	-0.00178688
3.15767e-10	-0.00179651
3.15895e-10	-0.00180616
3.16024e-10	-0.00181583
3.16152e-10	-0.0018255
3.16281e-10	-0.0018352
3.16409e-10	-0.0018449
3.16537e-10	-0.00185462
3.16666e-10	-0.00186436
3.16794e-10	-0.00187411
3.16923e-10	-0.00188387
3.17051e-10	-0.00189365
3.1718e-10	-0.00190344
3.17308e-10	-0.00191324
3.17436e-10	-0.00192306
3.17565e-10	-0.0019329
3.17693e-10	-0.00194275
3.17822e-10	-0.00195261
3.1795e-10	-0.00196249
3.18078e-10	-0.00197238
3.18207e-10	-0.00198228
3.18335e-10	-0.0019922
3.18464e-10	-0.00200213
3.18592e-10	-0.00201208
3.1872e-10	-0.00202204
3.18849e-10	-0.00203202
3.18977e-10	-0.00204201
3.19106e-10	-0.00205201
3.19234e-10	-0.00206202
3.19363e-10	-0.00207205
3.19491e-10	-0.0020821
3.19619e-10	-0.00209216
3.19748e-10	-0.00210223
3.19876e-10	-0.00211231
3.20005e-10	-0.00212241
3.20133e-10	-0.00213253
3.20261e-10	-0.00214265
3.2039e-10	-0.00215279
3.20518e-10	-0.00216295
3.20647e-10	-0.00217312
3.20775e-10	-0.0021833
3.20903e-10	-0.00219349
3.21032e-10	-0.0022037
3.2116e-10	-0.00221392
3.21289e-10	-0.00222416
3.21417e-10	-0.00223441
3.21546e-10	-0.00224467
3.21674e-10	-0.00225495
3.21802e-10	-0.00226524
3.21931e-10	-0.00227554
3.22059e-10	-0.00228586
3.22188e-10	-0.00229619
3.22316e-10	-0.00230653
3.22444e-10	-0.00231689
3.22573e-10	-0.00232725
3.22701e-10	-0.00233764
3.2283e-10	-0.00234803
3.22958e-10	-0.00235844
3.23087e-10	-0.00236887
3.23215e-10	-0.0023793
3.23343e-10	-0.00238975
3.23472e-10	-0.00240021
3.236e-10	-0.00241069
3.23729e-10	-0.00242117
3.23857e-10	-0.00243167
3.23985e-10	-0.00244219
3.24114e-10	-0.00245271
3.24242e-10	-0.00246325
3.24371e-10	-0.00247381
3.24499e-10	-0.00248437
3.24627e-10	-0.00249495
3.24756e-10	-0.00250554
3.24884e-10	-0.00251615
3.25013e-10	-0.00252676
3.25141e-10	-0.00253739
3.2527e-10	-0.00254803
3.25398e-10	-0.00255869
3.25526e-10	-0.00256936
3.25655e-10	-0.00258004
3.25783e-10	-0.00259073
3.25912e-10	-0.00260143
3.2604e-10	-0.00261215
3.26168e-10	-0.00262288
3.26297e-10	-0.00263362
3.26425e-10	-0.00264438
3.26554e-10	-0.00265515
3.26682e-10	-0.00266593
3.2681e-10	-0.00267672
3.26939e-10	-0.00268752
3.27067e-10	-0.00269834
3.27196e-10	-0.00270917
3.27324e-10	-0.00272001
3.27453e-10	-0.00273086
3.27581e-10	-0.00274173
3.27709e-10	-0.00275261
3.27838e-10	-0.0027635
3.27966e-10	-0.0027744
3.28095e-10	-0.00278531
3.28223e-10	-0.00279624
3.28351e-10	-0.00280718
3.2848e-10	-0.00281813
3.28608e-10	-0.00282909
3.28737e-10	-0.00284006
3.28865e-10	-0.00285105
3.28993e-10	-0.00286205
3.29122e-10	-0.00287306
3.2925e-10	-0.00288408
3.29379e-10	-0.00289511
3.29507e-10	-0.00290616
3.29636e-10	-0.00291721
3.29764e-10	-0.00292828
3.29892e-10	-0.00293936
3.30021e-10	-0.00295045
3.30149e-10	-0.00296155
3.30278e-10	-0.00297267
3.30406e-10	-0.00298379
3.30534e-10	-0.00299493
3.30663e-10	-0.00300608
3.30791e-10	-0.00301724
3.3092e-10	-0.00302841
3.31048e-10	-0.00303959
3.31177e-10	-0.00305078
3.31305e-10	-0.00306199
3.31433e-10	-0.0030732
3.31562e-10	-0.00308443
3.3169e-10	-0.00309567
3.31819e-10	-0.00310692
3.31947e-10	-0.00311818
3.32075e-10	-0.00312945
3.32204e-10	-0.00314073
3.32332e-10	-0.00315202
3.32461e-10	-0.00316333
3.32589e-10	-0.00317464
3.32717e-10	-0.00318597
3.32846e-10	-0.0031973
3.32974e-10	-0.00320865
3.33103e-10	-0.00322001
3.33231e-10	-0.00323138
3.3336e-10	-0.00324276
3.33488e-10	-0.00325414
3.33616e-10	-0.00326554
3.33745e-10	-0.00327696
3.33873e-10	-0.00328838
3.34002e-10	-0.00329981
3.3413e-10	-0.00331125
3.34258e-10	-0.0033227
3.34387e-10	-0.00333417
3.34515e-10	-0.00334564
3.34644e-10	-0.00335712
3.34772e-10	-0.00336861
3.349e-10	-0.00338012
3.35029e-10	-0.00339163
3.35157e-10	-0.00340316
3.35286e-10	-0.00341469
3.35414e-10	-0.00342623
3.35543e-10	-0.00343779
3.35671e-10	-0.00344935
3.35799e-10	-0.00346093
3.35928e-10	-0.00347251
3.36056e-10	-0.0034841
3.36185e-10	-0.00349571
3.36313e-10	-0.00350732
3.36441e-10	-0.00351894
3.3657e-10	-0.00353057
3.36698e-10	-0.00354221
3.36827e-10	-0.00355387
3.36955e-10	-0.00356553
3.37083e-10	-0.0035772
3.37212e-10	-0.00358888
3.3734e-10	-0.00360057
3.37469e-10	-0.00361226
3.37597e-10	-0.00362397
3.37726e-10	-0.00363569
3.37854e-10	-0.00364742
3.37982e-10	-0.00365915
3.38111e-10	-0.0036709
3.38239e-10	-0.00368265
3.38368e-10	-0.00369441
3.38496e-10	-0.00370618
3.38624e-10	-0.00371796
3.38753e-10	-0.00372975
3.38881e-10	-0.00374155
3.3901e-10	-0.00375336
3.39138e-10	-0.00376518
3.39267e-10	-0.003777
3.39395e-10	-0.00378883
3.39523e-10	-0.00380068
3.39652e-10	-0.00381253
3.3978e-10	-0.00382439
3.39909e-10	-0.00383625
3.40037e-10	-0.00384813
3.40165e-10	-0.00386002
3.40294e-10	-0.00387191
3.40422e-10	-0.00388381
3.40551e-10	-0.00389572
3.40679e-10	-0.00390764
3.40807e-10	-0.00391956
3.40936e-10	-0.0039315
3.41064e-10	-0.00394344
3.41193e-10	-0.00395539
3.41321e-10	-0.00396735
3.4145e-10	-0.00397932
3.41578e-10	-0.00399129
3.41706e-10	-0.00400327
3.41835e-10	-0.00401526
3.41963e-10	-0.00402726
3.42092e-10	-0.00403927
3.4222e-10	-0.00405128
3.42348e-10	-0.0040633
3.42477e-10	-0.00407533
3.42605e-10	-0.00408737
3.42734e-10	-0.00409941
3.42862e-10	-0.00411146
3.4299e-10	-0.00412352
3.43119e-10	-0.00413558
3.43247e-10	-0.00414766
3.43376e-10	-0.00415974
3.43504e-10	-0.00417183
3.43633e-10	-0.00418392
3.43761e-10	-0.00419602
3.43889e-10	-0.00420813
3.44018e-10	-0.00422025
3.44146e-10	-0.00423237
3.44275e-10	-0.0042445
3.44403e-10	-0.00425663
3.44531e-10	-0.00426878
3.4466e-10	-0.00428093
3.44788e-10	-0.00429308
3.44917e-10	-0.00430525
3.45045e-10	-0.00431742
3.45174e-10	-0.00432959
3.45302e-10	-0.00434178
3.4543e-10	-0.00435396
3.45559e-10	-0.00436616
3.45687e-10	-0.00437836
3.45816e-10	-0.00439057
3.45944e-10	-0.00440279
3.46072e-10	-0.00441501
3.46201e-10	-0.00442723
3.46329e-10	-0.00443946
3.46458e-10	-0.0044517
3.46586e-10	-0.00446395
3.46714e-10	-0.0044762
3.46843e-10	-0.00448846
3.46971e-10	-0.00450072
3.471e-10	-0.00451299
3.47228e-10	-0.00452526
3.47357e-10	-0.00453754
3.47485e-10	-0.00454982
3.47613e-10	-0.00456211
3.47742e-10	-0.00457441
3.4787e-10	-0.00458671
3.47999e-10	-0.00459902
3.48127e-10	-0.00461133
3.48255e-10	-0.00462365
3.48384e-10	-0.00463597
3.48512e-10	-0.0046483
3.48641e-10	-0.00466063
3.48769e-10	-0.00467297
3.48897e-10	-0.00468531
3.49026e-10	-0.00469766
3.49154e-10	-0.00471001
3.49283e-10	-0.00472237
3.49411e-10	-0.00473473
3.4954e-10	-0.00474709
3.49668e-10	-0.00475947
3.49796e-10	-0.00477184
3.49925e-10	-0.00478422
3.50053e-10	-0.00479661
3.50182e-10	-0.00480899
3.5031e-10	-0.00482139
3.50438e-10	-0.00483379
3.50567e-10	-0.00484619
3.50695e-10	-0.00485859
3.50824e-10	-0.004871
3.50952e-10	-0.00488342
3.5108e-10	-0.00489584
3.51209e-10	-0.00490826
3.51337e-10	-0.00492069
3.51466e-10	-0.00493311
3.51594e-10	-0.00494555
3.51723e-10	-0.00495799
3.51851e-10	-0.00497043
3.51979e-10	-0.00498287
3.52108e-10	-0.00499532
3.52236e-10	-0.00500777
3.52365e-10	-0.00502023
3.52493e-10	-0.00503268
3.52621e-10	-0.00504514
3.5275e-10	-0.00505761
3.52878e-10	-0.00507008
3.53007e-10	-0.00508255
3.53135e-10	-0.00509502
3.53264e-10	-0.0051075
3.53392e-10	-0.00511998
3.5352e-10	-0.00513246
3.53649e-10	-0.00514495
3.53777e-10	-0.00515743
3.53906e-10	-0.00516993
3.54034e-10	-0.00518242
3.54162e-10	-0.00519491
3.54291e-10	-0.00520741
3.54419e-10	-0.00521991
3.54548e-10	-0.00523242
3.54676e-10	-0.00524492
3.54804e-10	-0.00525743
3.54933e-10	-0.00526994
3.55061e-10	-0.00528245
3.5519e-10	-0.00529497
3.55318e-10	-0.00530748
3.55447e-10	-0.00532
3.55575e-10	-0.00533252
3.55703e-10	-0.00534504
3.55832e-10	-0.00535756
3.5596e-10	-0.00537009
3.56089e-10	-0.00538261
3.56217e-10	-0.00539514
3.56345e-10	-0.00540767
3.56474e-10	-0.0054202
3.56602e-10	-0.00543273
3.56731e-10	-0.00544526
3.56859e-10	-0.0054578
3.56987e-10	-0.00547033
3.57116e-10	-0.00548287
3.57244e-10	-0.00549541
3.57373e-10	-0.00550795
3.57501e-10	-0.00552048
3.5763e-10	-0.00553302
3.57758e-10	-0.00554557
3.57886e-10	-0.00555811
3.58015e-10	-0.00557065
3.58143e-10	-0.00558319
3.58272e-10	-0.00559573
3.584e-10	-0.00560828
3.58528e-10	-0.00562082
3.58657e-10	-0.00563336
3.58785e-10	-0.00564591
3.58914e-10	-0.00565845
3.59042e-10	-0.00567099
3.5917e-10	-0.00568354
3.59299e-10	-0.00569608
3.59427e-10	-0.00570863
3.59556e-10	-0.00572117
3.59684e-10	-0.00573371
3.59813e-10	-0.00574625
3.59941e-10	-0.0057588
3.60069e-10	-0.00577134
3.60198e-10	-0.00578388
3.60326e-10	-0.00579642
3.60455e-10	-0.00580896
3.60583e-10	-0.0058215
3.60711e-10	-0.00583404
3.6084e-10	-0.00584657
3.60968e-10	-0.00585911
3.61097e-10	-0.00587164
3.61225e-10	-0.00588418
3.61354e-10	-0.00589671
3.61482e-10	-0.00590924
3.6161e-10	-0.00592177
3.61739e-10	-0.0059343
3.61867e-10	-0.00594683
3.61996e-10	-0.00595935
3.62124e-10	-0.00597187
3.62252e-10	-0.0059844
3.62381e-10	-0.00599692
3.62509e-10	-0.00600943
3.62638e-10	-0.00602195
3.62766e-10	-0.00603446
3.62894e-10	-0.00604698
3.63023e-10	-0.00605949
3.63151e-10	-0.00607199
3.6328e-10	-0.0060845
3.63408e-10	-0.006097
3.63537e-10	-0.0061095
3.63665e-10	-0.006122
3.63793e-10	-0.0061345
3.63922e-10	-0.00614699
3.6405e-10	-0.00615948
3.64179e-10	-0.00617196
3.64307e-10	-0.00618445
3.64435e-10	-0.00619693
3.64564e-10	-0.00620941
3.64692e-10	-0.00622188
3.64821e-10	-0.00623435
3.64949e-10	-0.00624682
3.65077e-10	-0.00625929
3.65206e-10	-0.00627175
3.65334e-10	-0.00628421
3.65463e-10	-0.00629666
3.65591e-10	-0.00630911
3.6572e-10	-0.00632156
3.65848e-10	-0.006334
3.65976e-10	-0.00634644
3.66105e-10	-0.00635887
3.66233e-10	-0.0063713
3.66362e-10	-0.00638373
3.6649e-10	-0.00639615
3.66618e-10	-0.00640857
3.66747e-10	-0.00642099
3.66875e-10	-0.0064334
3.67004e-10	-0.0064458
3.67132e-10	-0.0064582
3.6726e-10	-0.0064706
3.67389e-10	-0.00648299
3.67517e-10	-0.00649537
3.67646e-10	-0.00650775
3.67774e-10	-0.00652013
3.67903e-10	-0.0065325
3.68031e-10	-0.00654487
3.68159e-10	-0.00655723
3.68288e-10	-0.00656958
3.68416e-10	-0.00658193
3.68545e-10	-0.00659428
3.68673e-10	-0.00660662
3.68801e-10	-0.00661895
3.6893e-10	-0.00663128
3.69058e-10	-0.0066436
3.69187e-10	-0.00665591
3.69315e-10	-0.00666822
3.69444e-10	-0.00668053
3.69572e-10	-0.00669282
3.697e-10	-0.00670512
3.69829e-10	-0.0067174
3.69957e-10	-0.00672968
3.70086e-10	-0.00674195
3.70214e-10	-0.00675422
3.70342e-10	-0.00676648
3.70471e-10	-0.00677873
3.70599e-10	-0.00679097
3.70728e-10	-0.00680321
3.70856e-10	-0.00681544
3.70984e-10	-0.00682767
3.71113e-10	-0.00683988
3.71241e-10	-0.0068521
3.7137e-10	-0.0068643
3.71498e-10	-0.00687649
3.71627e-10	-0.00688868
3.71755e-10	-0.00690086
3.71883e-10	-0.00691304
3.72012e-10	-0.0069252
3.7214e-10	-0.00693736
3.72269e-10	-0.00694951
3.72397e-10	-0.00696165
3.72525e-10	-0.00697378
3.72654e-10	-0.00698591
3.72782e-10	-0.00699802
3.72911e-10	-0.00701013
3.73039e-10	-0.00702223
3.73167e-10	-0.00703433
3.73296e-10	-0.00704641
3.73424e-10	-0.00705848
3.73553e-10	-0.00707055
3.73681e-10	-0.00708261
3.7381e-10	-0.00709466
3.73938e-10	-0.00710669
3.74066e-10	-0.00711873
3.74195e-10	-0.00713075
3.74323e-10	-0.00714276
3.74452e-10	-0.00715476
3.7458e-10	-0.00716675
3.74708e-10	-0.00717874
3.74837e-10	-0.00719071
3.74965e-10	-0.00720268
3.75094e-10	-0.00721463
3.75222e-10	-0.00722657
3.75351e-10	-0.00723851
3.75479e-10	-0.00725043
3.75607e-10	-0.00726235
3.75736e-10	-0.00727425
3.75864e-10	-0.00728615
3.75993e-10	-0.00729803
3.76121e-10	-0.0073099
3.76249e-10	-0.00732177
3.76378e-10	-0.00733362
3.76506e-10	-0.00734546
3.76635e-10	-0.00735729
3.76763e-10	-0.00736911
3.76891e-10	-0.00738092
3.7702e-10	-0.00739271
3.77148e-10	-0.0074045
3.77277e-10	-0.00741627
3.77405e-10	-0.00742804
3.77534e-10	-0.00743979
3.77662e-10	-0.00745153
3.7779e-10	-0.00746326
3.77919e-10	-0.00747497
3.78047e-10	-0.00748668
3.78176e-10	-0.00749837
3.78304e-10	-0.00751005
3.78432e-10	-0.00752172
3.78561e-10	-0.00753338
3.78689e-10	-0.00754502
3.78818e-10	-0.00755666
3.78946e-10	-0.00756828
3.79074e-10	-0.00757988
3.79203e-10	-0.00759148
3.79331e-10	-0.00760306
3.7946e-10	-0.00761463
3.79588e-10	-0.00762618
3.79717e-10	-0.00763773
3.79845e-10	-0.00764926
3.79973e-10	-0.00766077
3.80102e-10	-0.00767227
3.8023e-10	-0.00768376
3.80359e-10	-0.00769524
3.80487e-10	-0.0077067
3.80615e-10	-0.00771815
3.80744e-10	-0.00772959
3.80872e-10	-0.00774101
3.81001e-10	-0.00775242
3.81129e-10	-0.00776381
3.81257e-10	-0.00777519
3.81386e-10	-0.00778655
3.81514e-10	-0.0077979
3.81643e-10	-0.00780924
3.81771e-10	-0.00782056
3.819e-10	-0.00783187
3.82028e-10	-0.00784316
3.82156e-10	-0.00785444
3.82285e-10	-0.0078657
3.82413e-10	-0.00787695
3.82542e-10	-0.00788818
3.8267e-10	-0.0078994
3.82798e-10	-0.0079106
3.82927e-10	-0.00792179
3.83055e-10	-0.00793296
3.83184e-10	-0.00794411
3.83312e-10	-0.00795525
3.83441e-10	-0.00796638
3.83569e-10	-0.00797748
3.83697e-10	-0.00798858
3.83826e-10	-0.00799965
3.83954e-10	-0.00801071
3.84083e-10	-0.00802176
3.84211e-10	-0.00803278
3.84339e-10	-0.00804379
3.84468e-10	-0.00805479
3.84596e-10	-0.00806577
3.84725e-10	-0.00807673
3.84853e-10	-0.00808767
3.84981e-10	-0.0080986
3.8511e-10	-0.00810951
3.85238e-10	-0.0081204
3.85367e-10	-0.00813128
3.85495e-10	-0.00814213
3.85624e-10	-0.00815297
3.85752e-10	-0.0081638
3.8588e-10	-0.0081746
3.86009e-10	-0.00818539
3.86137e-10	-0.00819616
3.86266e-10	-0.00820691
3.86394e-10	-0.00821765
3.86522e-10	-0.00822836
3.86651e-10	-0.00823906
3.86779e-10	-0.00824974
3.86908e-10	-0.0082604
3.87036e-10	-0.00827104
3.87164e-10	-0.00828167
3.87293e-10	-0.00829227
3.87421e-10	-0.00830286
3.8755e-10	-0.00831343
3.87678e-10	-0.00832397
3.87807e-10	-0.0083345
3.87935e-10	-0.00834501
3.88063e-10	-0.0083555
3.88192e-10	-0.00836597
3.8832e-10	-0.00837643
3.88449e-10	-0.00838686
3.88577e-10	-0.00839727
3.88705e-10	-0.00840766
3.88834e-10	-0.00841803
3.88962e-10	-0.00842839
3.89091e-10	-0.00843872
3.89219e-10	-0.00844903
3.89347e-10	-0.00845932
3.89476e-10	-0.00846959
3.89604e-10	-0.00847984
3.89733e-10	-0.00849007
3.89861e-10	-0.00850028
3.8999e-10	-0.00851047
3.90118e-10	-0.00852064
3.90246e-10	-0.00853078
3.90375e-10	-0.00854091
3.90503e-10	-0.00855101
3.90632e-10	-0.00856109
3.9076e-10	-0.00857115
3.90888e-10	-0.00858119
3.91017e-10	-0.00859121
3.91145e-10	-0.00860121
3.91274e-10	-0.00861118
3.91402e-10	-0.00862113
3.91531e-10	-0.00863106
3.91659e-10	-0.00864097
3.91787e-10	-0.00865085
3.91916e-10	-0.00866072
3.92044e-10	-0.00867056
3.92173e-10	-0.00868037
3.92301e-10	-0.00869017
3.92429e-10	-0.00869994
3.92558e-10	-0.00870969
3.92686e-10	-0.00871941
3.92815e-10	-0.00872912
3.92943e-10	-0.0087388
3.93071e-10	-0.00874845
3.932e-10	-0.00875808
3.93328e-10	-0.00876769
3.93457e-10	-0.00877728
3.93585e-10	-0.00878684
3.93714e-10	-0.00879638
3.93842e-10	-0.00880589
3.9397e-10	-0.00881538
3.94099e-10	-0.00882485
3.94227e-10	-0.00883429
3.94356e-10	-0.0088437
3.94484e-10	-0.0088531
3.94612e-10	-0.00886246
3.94741e-10	-0.0088718
3.94869e-10	-0.00888112
3.94998e-10	-0.00889042
3.95126e-10	-0.00889968
3.95254e-10	-0.00890893
3.95383e-10	-0.00891814
3.95511e-10	-0.00892733
3.9564e-10	-0.0089365
3.95768e-10	-0.00894564
3.95897e-10	-0.00895476
3.96025e-10	-0.00896385
3.96153e-10	-0.00897291
3.96282e-10	-0.00898195
3.9641e-10	-0.00899096
3.96539e-10	-0.00899994
3.96667e-10	-0.0090089
3.96795e-10	-0.00901783
3.96924e-10	-0.00902674
3.97052e-10	-0.00903562
3.97181e-10	-0.00904447
3.97309e-10	-0.00905329
3.97437e-10	-0.00906209
3.97566e-10	-0.00907086
3.97694e-10	-0.0090796
3.97823e-10	-0.00908832
3.97951e-10	-0.00909701
3.9808e-10	-0.00910567
3.98208e-10	-0.0091143
3.98336e-10	-0.00912291
3.98465e-10	-0.00913149
3.98593e-10	-0.00914004
3.98722e-10	-0.00914856
3.9885e-10	-0.00915705
3.98978e-10	-0.00916552
3.99107e-10	-0.00917395
3.99235e-10	-0.00918236
3.99364e-10	-0.00919074
3.99492e-10	-0.00919909
3.99621e-10	-0.00920741
3.99749e-10	-0.00921571
3.99877e-10	-0.00922397
4.00006e-10	-0.0092322
4.00134e-10	-0.00924041
4.00263e-10	-0.00924859
4.00391e-10	-0.00925673
4.00519e-10	-0.00926485
4.00648e-10	-0.00927293
4.00776e-10	-0.00928099
4.00905e-10	-0.00928902
4.01033e-10	-0.00929702
4.01161e-10	-0.00930498
4.0129e-10	-0.00931292
4.01418e-10	-0.00932083
4.01547e-10	-0.0093287
4.01675e-10	-0.00933655
4.01804e-10	-0.00934436
4.01932e-10	-0.00935214
4.0206e-10	-0.00935989
4.02189e-10	-0.00936761
4.02317e-10	-0.0093753
4.02446e-10	-0.00938296
4.02574e-10	-0.00939059
4.02702e-10	-0.00939819
4.02831e-10	-0.00940575
4.02959e-10	-0.00941328
4.03088e-10	-0.00942078
4.03216e-10	-0.00942825
4.03344e-10	-0.00943569
4.03473e-10	-0.00944309
4.03601e-10	-0.00945046
4.0373e-10	-0.0094578
4.03858e-10	-0.00946511
4.03987e-10	-0.00947238
4.04115e-10	-0.00947962
4.04243e-10	-0.00948683
4.04372e-10	-0.009494
4.045e-10	-0.00950115
4.04629e-10	-0.00950825
4.04757e-10	-0.00951533
4.04885e-10	-0.00952237
4.05014e-10	-0.00952938
4.05142e-10	-0.00953635
4.05271e-10	-0.0095433
4.05399e-10	-0.0095502
4.05528e-10	-0.00955707
4.05656e-10	-0.00956391
4.05784e-10	-0.00957072
4.05913e-10	-0.00957749
4.06041e-10	-0.00958422
4.0617e-10	-0.00959092
4.06298e-10	-0.00959759
4.06426e-10	-0.00960422
4.06555e-10	-0.00961082
4.06683e-10	-0.00961738
4.06812e-10	-0.00962391
4.0694e-10	-0.0096304
4.07068e-10	-0.00963685
4.07197e-10	-0.00964327
4.07325e-10	-0.00964966
4.07454e-10	-0.00965601
4.07582e-10	-0.00966232
4.07711e-10	-0.0096686
4.07839e-10	-0.00967484
4.07967e-10	-0.00968104
4.08096e-10	-0.00968721
4.08224e-10	-0.00969334
4.08353e-10	-0.00969944
4.08481e-10	-0.0097055
4.08609e-10	-0.00971152
4.08738e-10	-0.0097175
4.08866e-10	-0.00972345
4.08995e-10	-0.00972936
4.09123e-10	-0.00973523
4.09251e-10	-0.00974107
4.0938e-10	-0.00974687
4.09508e-10	-0.00975263
4.09637e-10	-0.00975835
4.09765e-10	-0.00976404
4.09894e-10	-0.00976969
4.10022e-10	-0.0097753
4.1015e-10	-0.00978087
4.10279e-10	-0.0097864
4.10407e-10	-0.0097919
4.10536e-10	-0.00979735
4.10664e-10	-0.00980277
4.10792e-10	-0.00980815
4.10921e-10	-0.00981349
4.11049e-10	-0.00981879
4.11178e-10	-0.00982405
4.11306e-10	-0.00982928
4.11434e-10	-0.00983446
4.11563e-10	-0.0098396
4.11691e-10	-0.00984471
4.1182e-10	-0.00984977
4.11948e-10	-0.0098548
4.12077e-10	-0.00985978
4.12205e-10	-0.00986473
4.12333e-10	-0.00986963
4.12462e-10	-0.0098745
4.1259e-10	-0.00987932
4.12719e-10	-0.00988411
4.12847e-10	-0.00988885
4.12975e-10	-0.00989355
4.13104e-10	-0.00989822
4.13232e-10	-0.00990284
4.13361e-10	-0.00990742
4.13489e-10	-0.00991196
4.13618e-10	-0.00991645
4.13746e-10	-0.00992091
4.13874e-10	-0.00992532
4.14003e-10	-0.0099297
4.14131e-10	-0.00993403
4.1426e-10	-0.00993832
4.14388e-10	-0.00994256
4.14516e-10	-0.00994677
4.14645e-10	-0.00995093
4.14773e-10	-0.00995505
4.14902e-10	-0.00995913
4.1503e-10	-0.00996317
4.15158e-10	-0.00996716
4.15287e-10	-0.00997111
4.15415e-10	-0.00997502
4.15544e-10	-0.00997888
4.15672e-10	-0.0099827
4.15801e-10	-0.00998648
4.15929e-10	-0.00999021
4.16057e-10	-0.00999391
4.16186e-10	-0.00999755
4.16314e-10	-0.0100012
4.16443e-10	-0.0100047
4.16571e-10	-0.0100082
4.16699e-10	-0.0100117
4.16828e-10	-0.0100151
4.16956e-10	-0.0100185
4.17085e-10	-0.0100219
4.17213e-10	-0.0100251
4.17341e-10	-0.0100284
4.1747e-10	-0.0100316
4.17598e-10	-0.0100348
4.17727e-10	-0.0100379
4.17855e-10	-0.0100409
4.17984e-10	-0.010044
4.18112e-10	-0.0100469
4.1824e-10	-0.0100499
4.18369e-10	-0.0100528
4.18497e-10	-0.0100556
4.18626e-10	-0.0100584
4.18754e-10	-0.0100612
4.18882e-10	-0.0100639
4.19011e-10	-0.0100665
4.19139e-10	-0.0100691
4.19268e-10	-0.0100717
4.19396e-10	-0.0100742
4.19524e-10	-0.0100767
4.19653e-10	-0.0100791
4.19781e-10	-0.0100815
4.1991e-10	-0.0100838
4.20038e-10	-0.0100861
4.20167e-10	-0.0100883
4.20295e-10	-0.0100905
4.20423e-10	-0.0100927
4.20552e-10	-0.0100948
4.2068e-10	-0.0100968
4.20809e-10	-0.0100988
4.20937e-10	-0.0101008
4.21065e-10	-0.0101027
4.21194e-10	-0.0101045
4.21322e-10	-0.0101063
4.21451e-10	-0.0101081
4.21579e-10	-0.0101098
4.21708e-10	-0.0101115
4.21836e-10	-0.0101131
4.21964e-10	-0.0101146
4.22093e-10	-0.0101162
4.22221e-10	-0.0101176
4.2235e-10	-0.010119
4.22478e-10	-0.0101204
4.22606e-10	-0.0101217
4.22735e-10	-0.010123
4.22863e-10	-0.0101242
4.22992e-10	-0.0101254
4.2312e-10	-0.0101265
4.23248e-10	-0.0101276
4.23377e-10	-0.0101286
4.23505e-10	-0.0101295
4.23634e-10	-0.0101305
4.23762e-10	-0.0101313
4.23891e-10	-0.0101321
4.24019e-10	-0.0101329
4.24147e-10	-0.0101336
4.24276e-10	-0.0101343
4.24404e-10	-0.0101349
4.24533e-10	-0.0101355
4.24661e-10	-0.010136
4.24789e-10	-0.0101364
4.24918e-10	-0.0101368
4.25046e-10	-0.0101372
4.25175e-10	-0.0101375
4.25303e-10	-0.0101378
4.25431e-10	-0.010138
4.2556e-10	-0.0101381
4.25688e-10	-0.0101382
4.25817e-10	-0.0101382
4.25945e-10	-0.0101382
4.26074e-10	-0.0101382
4.26202e-10	-0.0101381
4.2633e-10	-0.0101379
4.26459e-10	-0.0101377
4.26587e-10	-0.0101374
4.26716e-10	-0.0101371
4.26844e-10	-0.0101367
4.26972e-10	-0.0101362
4.27101e-10	-0.0101358
4.27229e-10	-0.0101352
4.27358e-10	-0.0101346
4.27486e-10	-0.010134
4.27614e-10	-0.0101333
4.27743e-10	-0.0101325
4.27871e-10	-0.0101317
4.28e-10	-0.0101308
4.28128e-10	-0.0101299
4.28257e-10	-0.010129
4.28385e-10	-0.0101279
4.28513e-10	-0.0101268
4.28642e-10	-0.0101257
4.2877e-10	-0.0101245
4.28899e-10	-0.0101233
4.29027e-10	-0.010122
4.29155e-10	-0.0101206
4.29284e-10	-0.0101192
4.29412e-10	-0.0101177
4.29541e-10	-0.0101162
4.29669e-10	-0.0101146
4.29798e-10	-0.010113
4.29926e-10	-0.0101113
4.30054e-10	-0.0101095
4.30183e-10	-0.0101077
4.30311e-10	-0.0101059
4.3044e-10	-0.0101039
4.30568e-10	-0.010102
4.30696e-10	-0.0100999
4.30825e-10	-0.0100978
4.30953e-10	-0.0100957
4.31082e-10	-0.0100935
4.3121e-10	-0.0100912
4.31338e-10	-0.0100889
4.31467e-10	-0.0100865
4.31595e-10	-0.0100841
4.31724e-10	-0.0100816
4.31852e-10	-0.0100791
4.31981e-10	-0.0100765
4.32109e-10	-0.0100738
4.32237e-10	-0.0100711
4.32366e-10	-0.0100683
4.32494e-10	-0.0100655
4.32623e-10	-0.0100626
4.32751e-10	-0.0100596
4.32879e-10	-0.0100566
4.33008e-10	-0.0100535
4.33136e-10	-0.0100504
4.33265e-10	-0.0100472
4.33393e-10	-0.0100439
4.33521e-10	-0.0100406
4.3365e-10	-0.0100373
4.33778e-10	-0.0100338
4.33907e-10	-0.0100304
4.34035e-10	-0.0100268
4.34164e-10	-0.0100232
4.34292e-10	-0.0100195
4.3442e-10	-0.0100158
4.34549e-10	-0.010012
4.34677e-10	-0.0100082
4.34806e-10	-0.0100043
4.34934e-10	-0.0100003
4.35062e-10	-0.00999627
4.35191e-10	-0.00999218
4.35319e-10	-0.00998803
4.35448e-10	-0.00998382
4.35576e-10	-0.00997955
4.35705e-10	-0.00997522
4.35833e-10	-0.00997082
4.35961e-10	-0.00996637
4.3609e-10	-0.00996185
4.36218e-10	-0.00995727
4.36347e-10	-0.00995263
4.36475e-10	-0.00994793
4.36603e-10	-0.00994317
4.36732e-10	-0.00993834
4.3686e-10	-0.00993345
4.36989e-10	-0.0099285
4.37117e-10	-0.00992349
4.37245e-10	-0.00991842
4.37374e-10	-0.00991328
4.37502e-10	-0.00990808
4.37631e-10	-0.00990282
4.37759e-10	-0.00989749
4.37888e-10	-0.0098921
4.38016e-10	-0.00988665
4.38144e-10	-0.00988114
4.38273e-10	-0.00987556
4.38401e-10	-0.00986992
4.3853e-10	-0.00986421
4.38658e-10	-0.00985844
4.38786e-10	-0.00985261
4.38915e-10	-0.00984672
4.39043e-10	-0.00984076
4.39172e-10	-0.00983473
4.393e-10	-0.00982864
4.39428e-10	-0.00982249
4.39557e-10	-0.00981627
4.39685e-10	-0.00980999
4.39814e-10	-0.00980365
4.39942e-10	-0.00979724
4.40071e-10	-0.00979076
4.40199e-10	-0.00978422
4.40327e-10	-0.00977761
4.40456e-10	-0.00977094
4.40584e-10	-0.00976421
4.40713e-10	-0.00975741
4.40841e-10	-0.00975054
4.40969e-10	-0.00974361
4.41098e-10	-0.00973661
4.41226e-10	-0.00972954
4.41355e-10	-0.00972241
4.41483e-10	-0.00971522
4.41611e-10	-0.00970796
4.4174e-10	-0.00970063
4.41868e-10	-0.00969324
4.41997e-10	-0.00968578
4.42125e-10	-0.00967825
4.42254e-10	-0.00967065
4.42382e-10	-0.00966299
4.4251e-10	-0.00965527
4.42639e-10	-0.00964747
4.42767e-10	-0.00963961
4.42896e-10	-0.00963168
4.43024e-10	-0.00962369
4.43152e-10	-0.00961563
4.43281e-10	-0.0096075
4.43409e-10	-0.0095993
4.43538e-10	-0.00959103
4.43666e-10	-0.0095827
4.43795e-10	-0.0095743
4.43923e-10	-0.00956583
4.44051e-10	-0.00955729
4.4418e-10	-0.00954869
4.44308e-10	-0.00954001
4.44437e-10	-0.00953127
4.44565e-10	-0.00952246
4.44693e-10	-0.00951358
4.44822e-10	-0.00950464
4.4495e-10	-0.00949562
4.45079e-10	-0.00948653
4.45207e-10	-0.00947738
4.45335e-10	-0.00946816
4.45464e-10	-0.00945887
4.45592e-10	-0.0094495
4.45721e-10	-0.00944007
4.45849e-10	-0.00943057
4.45978e-10	-0.009421
4.46106e-10	-0.00941136
4.46234e-10	-0.00940165
4.46363e-10	-0.00939187
4.46491e-10	-0.00938203
4.4662e-10	-0.00937211
4.46748e-10	-0.00936212
4.46876e-10	-0.00935206
4.47005e-10	-0.00934193
4.47133e-10	-0.00933173
4.47262e-10	-0.00932145
4.4739e-10	-0.00931111
4.47518e-10	-0.0093007
4.47647e-10	-0.00929022
4.47775e-10	-0.00927966
4.47904e-10	-0.00926904
4.48032e-10	-0.00925834
4.48161e-10	-0.00924757
4.48289e-10	-0.00923673
4.48417e-10	-0.00922582
4.48546e-10	-0.00921484
4.48674e-10	-0.00920379
4.48803e-10	-0.00919266
4.48931e-10	-0.00918147
4.49059e-10	-0.0091702
4.49188e-10	-0.00915885
4.49316e-10	-0.00914744
4.49445e-10	-0.00913596
4.49573e-10	-0.0091244
4.49701e-10	-0.00911277
4.4983e-10	-0.00910107
4.49958e-10	-0.00908929
4.50087e-10	-0.00907744
4.50215e-10	-0.00906552
4.50344e-10	-0.00905353
4.50472e-10	-0.00904146
4.506e-10	-0.00902932
4.50729e-10	-0.00901711
4.50857e-10	-0.00900482
4.50986e-10	-0.00899246
4.51114e-10	-0.00898003
4.51242e-10	-0.00896753
4.51371e-10	-0.00895495
4.51499e-10	-0.00894229
4.51628e-10	-0.00892956
4.51756e-10	-0.00891676
4.51885e-10	-0.00890389
4.52013e-10	-0.00889094
4.52141e-10	-0.00887792
4.5227e-10	-0.00886482
4.52398e-10	-0.00885165
4.52527e-10	-0.0088384
4.52655e-10	-0.00882508
4.52783e-10	-0.00881168
4.52912e-10	-0.00879821
4.5304e-10	-0.00878467
4.53169e-10	-0.00877105
4.53297e-10	-0.00875735
4.53425e-10	-0.00874358
4.53554e-10	-0.00872974
4.53682e-10	-0.00871582
4.53811e-10	-0.00870182
4.53939e-10	-0.00868775
4.54068e-10	-0.0086736
4.54196e-10	-0.00865938
4.54324e-10	-0.00864508
4.54453e-10	-0.00863071
4.54581e-10	-0.00861626
4.5471e-10	-0.00860174
4.54838e-10	-0.00858714
4.54966e-10	-0.00857246
4.55095e-10	-0.0085577
4.55223e-10	-0.00854287
4.55352e-10	-0.00852797
4.5548e-10	-0.00851298
4.55608e-10	-0.00849793
4.55737e-10	-0.00848279
4.55865e-10	-0.00846758
4.55994e-10	-0.00845229
4.56122e-10	-0.00843692
4.56251e-10	-0.00842148
4.56379e-10	-0.00840596
4.56507e-10	-0.00839036
4.56636e-10	-0.00837469
4.56764e-10	-0.00835894
4.56893e-10	-0.00834311
4.57021e-10	-0.0083272
4.57149e-10	-0.00831122
4.57278e-10	-0.00829516
4.57406e-10	-0.00827902
4.57535e-10	-0.0082628
4.57663e-10	-0.0082465
4.57791e-10	-0.00823013
4.5792e-10	-0.00821368
4.58048e-10	-0.00819715
4.58177e-10	-0.00818054
4.58305e-10	-0.00816386
4.58434e-10	-0.00814709
4.58562e-10	-0.00813025
4.5869e-10	-0.00811333
4.58819e-10	-0.00809633
4.58947e-10	-0.00807925
4.59076e-10	-0.0080621
4.59204e-10	-0.00804486
4.59332e-10	-0.00802755
4.59461e-10	-0.00801016
4.59589e-10	-0.00799268
4.59718e-10	-0.00797513
4.59846e-10	-0.0079575
4.59975e-10	-0.00793979
4.60103e-10	-0.007922
4.60231e-10	-0.00790413
4.6036e-10	-0.00788619
4.60488e-10	-0.00786816
4.60617e-10	-0.00785005
4.60745e-10	-0.00783186
4.60873e-10	-0.0078136
4.61002e-10	-0.00779525
4.6113e-10	-0.00777682
4.61259e-10	-0.00775832
4.61387e-10	-0.00773973
4.61515e-10	-0.00772106
4.61644e-10	-0.00770232
4.61772e-10	-0.00768349
4.61901e-10	-0.00766458
4.62029e-10	-0.00764559
4.62158e-10	-0.00762653
4.62286e-10	-0.00760738
4.62414e-10	-0.00758815
4.62543e-10	-0.00756884
4.62671e-10	-0.00754944
4.628e-10	-0.00752997
4.62928e-10	-0.00751042
4.63056e-10	-0.00749078
4.63185e-10	-0.00747107
4.63313e-10	-0.00745127
4.63442e-10	-0.0074314
4.6357e-10	-0.00741144
4.63698e-10	-0.0073914
4.63827e-10	-0.00737127
4.63955e-10	-0.00735107
4.64084e-10	-0.00733079
4.64212e-10	-0.00731042
4.64341e-10	-0.00728997
4.64469e-10	-0.00726944
4.64597e-10	-0.00724883
4.64726e-10	-0.00722814
4.64854e-10	-0.00720736
4.64983e-10	-0.00718651
4.65111e-10	-0.00716557
4.65239e-10	-0.00714454
4.65368e-10	-0.00712344
4.65496e-10	-0.00710225
4.65625e-10	-0.00708099
4.65753e-10	-0.00705963
4.65881e-10	-0.0070382
4.6601e-10	-0.00701669
4.66138e-10	-0.00699509
4.66267e-10	-0.00697341
4.66395e-10	-0.00695164
4.66524e-10	-0.0069298
4.66652e-10	-0.00690787
4.6678e-10	-0.00688585
4.66909e-10	-0.00686376
4.67037e-10	-0.00684158
4.67166e-10	-0.00681932
4.67294e-10	-0.00679698
4.67422e-10	-0.00677455
4.67551e-10	-0.00675204
4.67679e-10	-0.00672944
4.67808e-10	-0.00670677
4.67936e-10	-0.00668401
4.68065e-10	-0.00666116
4.68193e-10	-0.00663823
4.68321e-10	-0.00661522
4.6845e-10	-0.00659213
4.68578e-10	-0.00656895
4.68707e-10	-0.00654569
4.68835e-10	-0.00652234
4.68963e-10	-0.00649891
4.69092e-10	-0.00647539
4.6922e-10	-0.0064518
4.69349e-10	-0.00642811
4.69477e-10	-0.00640435
4.69605e-10	-0.0063805
4.69734e-10	-0.00635656
4.69862e-10	-0.00633255
4.69991e-10	-0.00630844
4.70119e-10	-0.00628425
4.70248e-10	-0.00625998
4.70376e-10	-0.00623563
4.70504e-10	-0.00621119
4.70633e-10	-0.00618666
4.70761e-10	-0.00616205
4.7089e-10	-0.00613736
4.71018e-10	-0.00611258
4.71146e-10	-0.00608771
4.71275e-10	-0.00606276
4.71403e-10	-0.00603773
4.71532e-10	-0.00601261
4.7166e-10	-0.00598741
4.71788e-10	-0.00596212
4.71917e-10	-0.00593675
4.72045e-10	-0.00591129
4.72174e-10	-0.00588575
4.72302e-10	-0.00586012
4.72431e-10	-0.0058344
4.72559e-10	-0.0058086
4.72687e-10	-0.00578272
4.72816e-10	-0.00575675
4.72944e-10	-0.0057307
4.73073e-10	-0.00570455
4.73201e-10	-0.00567833
4.73329e-10	-0.00565202
4.73458e-10	-0.00562562
4.73586e-10	-0.00559914
4.73715e-10	-0.00557257
4.73843e-10	-0.00554591
4.73972e-10	-0.00551917
4.741e-10	-0.00549235
4.74228e-10	-0.00546544
4.74357e-10	-0.00543844
4.74485e-10	-0.00541136
4.74614e-10	-0.00538419
4.74742e-10	-0.00535693
4.7487e-10	-0.00532959
4.74999e-10	-0.00530217
4.75127e-10	-0.00527465
4.75256e-10	-0.00524705
4.75384e-10	-0.00521937
4.75512e-10	-0.0051916
4.75641e-10	-0.00516374
4.75769e-10	-0.00513579
4.75898e-10	-0.00510776
4.76026e-10	-0.00507965
4.76155e-10	-0.00505144
4.76283e-10	-0.00502316
4.76411e-10	-0.00499478
4.7654e-10	-0.00496632
4.76668e-10	-0.00493777
4.76797e-10	-0.00490913
4.76925e-10	-0.00488041
4.77053e-10	-0.0048516
4.77182e-10	-0.00482271
4.7731e-10	-0.00479373
4.77439e-10	-0.00476466
4.77567e-10	-0.0047355
4.77695e-10	-0.00470626
4.77824e-10	-0.00467693
4.77952e-10	-0.00464752
4.78081e-10	-0.00461802
4.78209e-10	-0.00458843
4.78338e-10	-0.00455875
4.78466e-10	-0.00452899
4.78594e-10	-0.00449914
4.78723e-10	-0.0044692
4.78851e-10	-0.00443918
4.7898e-10	-0.00440907
4.79108e-10	-0.00437887
4.79236e-10	-0.00434858
4.79365e-10	-0.00431821
4.79493e-10	-0.00428775
4.79622e-10	-0.00425721
4.7975e-10	-0.00422657
4.79878e-10	-0.00419585
4.80007e-10	-0.00416505
4.80135e-10	-0.00413415
4.80264e-10	-0.00410317
4.80392e-10	-0.0040721
4.80521e-10	-0.00404094
4.80649e-10	-0.0040097
4.80777e-10	-0.00397837
4.80906e-10	-0.00394695
4.81034e-10	-0.00391544
4.81163e-10	-0.00388385
4.81291e-10	-0.00385217
4.81419e-10	-0.0038204
4.81548e-10	-0.00378855
4.81676e-10	-0.0037566
4.81805e-10	-0.00372457
4.81933e-10	-0.00369245
4.82062e-10	-0.00366025
4.8219e-10	-0.00362796
4.82318e-10	-0.00359558
4.82447e-10	-0.00356311
4.82575e-10	-0.00353055
4.82704e-10	-0.00349791
4.82832e-10	-0.00346518
4.8296e-10	-0.00343236
4.83089e-10	-0.00339946
4.83217e-10	-0.00336646
4.83346e-10	-0.00333338
4.83474e-10	-0.00330021
4.83602e-10	-0.00326696
4.83731e-10	-0.00323361
4.83859e-10	-0.00320018
4.83988e-10	-0.00316666
4.84116e-10	-0.00313305
4.84245e-10	-0.00309936
4.84373e-10	-0.00306558
4.84501e-10	-0.00303171
4.8463e-10	-0.00299775
4.84758e-10	-0.00296371
4.84887e-10	-0.00292957
4.85015e-10	-0.00289535
4.85143e-10	-0.00286104
4.85272e-10	-0.00282665
4.854e-10	-0.00279216
4.85529e-10	-0.00275759
4.85657e-10	-0.00272293
4.85785e-10	-0.00268819
4.85914e-10	-0.00265335
4.86042e-10	-0.00261843
4.86171e-10	-0.00258342
4.86299e-10	-0.00254832
4.86428e-10	-0.00251313
4.86556e-10	-0.00247786
4.86684e-10	-0.0024425
4.86813e-10	-0.00240705
4.86941e-10	-0.00237151
4.8707e-10	-0.00233589
4.87198e-10	-0.00230018
4.87326e-10	-0.00226438
4.87455e-10	-0.00222849
4.87583e-10	-0.00219252
4.87712e-10	-0.00215645
4.8784e-10	-0.0021203
4.87968e-10	-0.00208406
4.88097e-10	-0.00204774
4.88225e-10	-0.00201132
4.88354e-10	-0.00197482
4.88482e-10	-0.00193823
4.88611e-10	-0.00190156
4.88739e-10	-0.00186479
4.88867e-10	-0.00182794
4.88996e-10	-0.001791
4.89124e-10	-0.00175398
4.89253e-10	-0.00171686
4.89381e-10	-0.00167966
4.89509e-10	-0.00164237
4.89638e-10	-0.00160499
4.89766e-10	-0.00156753
4.89895e-10	-0.00152997
4.90023e-10	-0.00149233
4.90152e-10	-0.00145461
4.9028e-10	-0.00141679
4.90408e-10	-0.00137889
4.90537e-10	-0.0013409
4.90665e-10	-0.00130282
4.90794e-10	-0.00126466
4.90922e-10	-0.00122641
4.9105e-10	-0.00118807
4.91179e-10	-0.00114964
4.91307e-10	-0.00111112
4.91436e-10	-0.00107252
4.91564e-10	-0.00103383
4.91692e-10	-0.000995057
4.91821e-10	-0.000956194
4.91949e-10	-0.000917243
4.92078e-10	-0.000878205
4.92206e-10	-0.00083908
4.92335e-10	-0.000799868
4.92463e-10	-0.000760568
4.92591e-10	-0.000721181
4.9272e-10	-0.000681708
4.92848e-10	-0.000642147
4.92977e-10	-0.000602499
4.93105e-10	-0.000562764
4.93233e-10	-0.000522942
4.93362e-10	-0.000483033
4.9349e-10	-0.000443037
4.93619e-10	-0.000402954
4.93747e-10	-0.000362784
4.93875e-10	-0.000322528
4.94004e-10	-0.000282184
4.94132e-10	-0.000241754
4.94261e-10	-0.000201237
4.94389e-10	-0.000160633
4.94518e-10	-0.000119943
4.94646e-10	-7.91659e-05
4.94774e-10	-3.83021e-05
4.94903e-10	2.64824e-06
4.95031e-10	4.36852e-05
4.9516e-10	8.48087e-05
4.95288e-10	0.000126019
4.95416e-10	0.000167315
4.95545e-10	0.000208698
4.95673e-10	0.000250167
4.95802e-10	0.000291723
4.9593e-10	0.000333365
4.96058e-10	0.000375093
4.96187e-10	0.000416908
4.96315e-10	0.000458809
4.96444e-10	0.000500796
4.96572e-10	0.000542869
4.96701e-10	0.000585028
4.96829e-10	0.000627273
4.96957e-10	0.000669604
4.97086e-10	0.000712021
4.97214e-10	0.000754524
4.97343e-10	0.000797113
4.97471e-10	0.000839788
4.97599e-10	0.000882548
4.97728e-10	0.000925395
4.97856e-10	0.000968327
4.97985e-10	0.00101134
4.98113e-10	0.00105445
4.98242e-10	0.00109764
4.9837e-10	0.00114091
4.98498e-10	0.00118427
4.98627e-10	0.00122772
4.98755e-10	0.00127125
4.98884e-10	0.00131486
4.99012e-10	0.00135856
4.9914e-10	0.00140235
4.99269e-10	0.00144622
4.99397e-10	0.00149018
4.99526e-10	0.00153422
4.99654e-10	0.00157834
4.99782e-10	0.00162256
4.99911e-10	0.00166685
5.00039e-10	0.00171123
5.00168e-10	0.0017557
5.00296e-10	0.00180025
5.00425e-10	0.00184488
5.00553e-10	0.0018896
5.00681e-10	0.00193441
5.0081e-10	0.0019793
5.00938e-10	0.00202427
5.01067e-10	0.00206933
5.01195e-10	0.00211447
5.01323e-10	0.0021597
5.01452e-10	0.00220501
5.0158e-10	0.0022504
5.01709e-10	0.00229588
5.01837e-10	0.00234144
5.01965e-10	0.00238709
5.02094e-10	0.00243282
5.02222e-10	0.00247863
5.02351e-10	0.00252453
5.02479e-10	0.00257051
5.02608e-10	0.00261658
5.02736e-10	0.00266273
5.02864e-10	0.00270896
5.02993e-10	0.00275527
5.03121e-10	0.00280167
5.0325e-10	0.00284816
5.03378e-10	0.00289472
5.03506e-10	0.00294137
5.03635e-10	0.0029881
5.03763e-10	0.00303492
5.03892e-10	0.00308181
5.0402e-10	0.00312879
5.04149e-10	0.00317586
5.04277e-10	0.003223
5.04405e-10	0.00327023
5.04534e-10	0.00331754
5.04662e-10	0.00336493
5.04791e-10	0.00341241
5.04919e-10	0.00345997
5.05047e-10	0.00350761
5.05176e-10	0.00355533
5.05304e-10	0.00360313
5.05433e-10	0.00365102
5.05561e-10	0.00369899
5.05689e-10	0.00374704
5.05818e-10	0.00379517
5.05946e-10	0.00384338
5.06075e-10	0.00389168
5.06203e-10	0.00394005
5.06332e-10	0.00398851
5.0646e-10	0.00403705
5.06588e-10	0.00408567
5.06717e-10	0.00413437
5.06845e-10	0.00418315
5.06974e-10	0.00423202
5.07102e-10	0.00428096
5.0723e-10	0.00432999
5.07359e-10	0.00437909
5.07487e-10	0.00442828
5.07616e-10	0.00447755
5.07744e-10	0.00452689
5.07872e-10	0.00457632
5.08001e-10	0.00462583
5.08129e-10	0.00467542
5.08258e-10	0.00472509
5.08386e-10	0.00477483
5.08515e-10	0.00482466
5.08643e-10	0.00487457
5.08771e-10	0.00492456
5.089e-10	0.00497463
5.09028e-10	0.00502477
5.09157e-10	0.005075
5.09285e-10	0.0051253
5.09413e-10	0.00517569
5.09542e-10	0.00522615
5.0967e-10	0.00527669
5.09799e-10	0.00532732
5.09927e-10	0.00537802
5.10055e-10	0.0054288
5.10184e-10	0.00547965
5.10312e-10	0.00553059
5.10441e-10	0.00558161
5.10569e-10	0.0056327
5.10698e-10	0.00568387
5.10826e-10	0.00573512
5.10954e-10	0.00578645
5.11083e-10	0.00583785
5.11211e-10	0.00588933
5.1134e-10	0.0059409
5.11468e-10	0.00599253
5.11596e-10	0.00604425
5.11725e-10	0.00609604
5.11853e-10	0.00614791
5.11982e-10	0.00619986
5.1211e-10	0.00625188
5.12239e-10	0.00630398
5.12367e-10	0.00635616
5.12495e-10	0.00640842
5.12624e-10	0.00646075
5.12752e-10	0.00651316
5.12881e-10	0.00656564
5.13009e-10	0.0066182
5.13137e-10	0.00667084
5.13266e-10	0.00672355
5.13394e-10	0.00677634
5.13523e-10	0.0068292
5.13651e-10	0.00688214
5.13779e-10	0.00693515
5.13908e-10	0.00698824
5.14036e-10	0.00704141
5.14165e-10	0.00709465
5.14293e-10	0.00714796
5.14422e-10	0.00720135
5.1455e-10	0.00725482
5.14678e-10	0.00730836
5.14807e-10	0.00736197
5.14935e-10	0.00741566
5.15064e-10	0.00746943
5.15192e-10	0.00752326
5.1532e-10	0.00757717
5.15449e-10	0.00763116
5.15577e-10	0.00768522
5.15706e-10	0.00773935
5.15834e-10	0.00779356
5.15962e-10	0.00784784
5.16091e-10	0.00790219
5.16219e-10	0.00795661
5.16348e-10	0.00801111
5.16476e-10	0.00806568
5.16605e-10	0.00812033
5.16733e-10	0.00817504
5.16861e-10	0.00822983
5.1699e-10	0.00828469
5.17118e-10	0.00833963
5.17247e-10	0.00839463
5.17375e-10	0.00844971
5.17503e-10	0.00850486
5.17632e-10	0.00856008
5.1776e-10	0.00861537
5.17889e-10	0.00867073
5.18017e-10	0.00872617
5.18145e-10	0.00878168
5.18274e-10	0.00883725
5.18402e-10	0.0088929
5.18531e-10	0.00894862
5.18659e-10	0.0090044
5.18788e-10	0.00906026
5.18916e-10	0.00911619
5.19044e-10	0.00917219
5.19173e-10	0.00922826
5.19301e-10	0.0092844
5.1943e-10	0.00934061
5.19558e-10	0.00939688
5.19686e-10	0.00945323
5.19815e-10	0.00950965
5.19943e-10	0.00956613
5.20072e-10	0.00962269
5.202e-10	0.00967931
5.20329e-10	0.009736
5.20457e-10	0.00979276
5.20585e-10	0.00984959
5.20714e-10	0.00990648
5.20842e-10	0.00996344
5.20971e-10	0.0100205
5.21099e-10	0.0100776
5.21227e-10	0.0101347
5.21356e-10	0.010192
5.21484e-10	0.0102493
5.21613e-10	0.0103066
5.21741e-10	0.0103641
5.21869e-10	0.0104216
5.21998e-10	0.0104791
5.22126e-10	0.0105368
5.22255e-10	0.0105945
5.22383e-10	0.0106522
5.22512e-10	0.0107101
5.2264e-10	0.010768
5.22768e-10	0.0108259
5.22897e-10	0.010884
5.23025e-10	0.0109421
5.23154e-10	0.0110002
5.23282e-10	0.0110584
5.2341e-10	0.0111167
5.23539e-10	0.0111751
5.23667e-10	0.0112335
5.23796e-10	0.011292
5.23924e-10	0.0113505
5.24052e-10	0.0114091
5.24181e-10	0.0114678
5.24309e-10	0.0115265
5.24438e-10	0.0115853
5.24566e-10	0.0116442
5.24695e-10	0.0117031
5.24823e-10	0.0117621
5.24951e-10	0.0118212
5.2508e-10	0.0118803
5.25208e-10	0.0119395
5.25337e-10	0.0119987
5.25465e-10	0.012058
5.25593e-10	0.0121174
5.25722e-10	0.0121768
5.2585e-10	0.0122363
5.25979e-10	0.0122958
5.26107e-10	0.0123554
5.26235e-10	0.0124151
5.26364e-10	0.0124748
5.26492e-10	0.0125346
5.26621e-10	0.0125944
5.26749e-10	0.0126543
5.26878e-10	0.0127143
5.27006e-10	0.0127743
5.27134e-10	0.0128344
5.27263e-10	0.0128946
5.27391e-10	0.0129548
5.2752e-10	0.013015
5.27648e-10	0.0130754
5.27776e-10	0.0131358
5.27905e-10	0.0131962
5.28033e-10	0.0132567
5.28162e-10	0.0133172
5.2829e-10	0.0133779
5.28419e-10	0.0134385
5.28547e-10	0.0134993
5.28675e-10	0.01356
5.28804e-10	0.0136209
5.28932e-10	0.0136818
5.29061e-10	0.0137427
5.29189e-10	0.0138038
5.29317e-10	0.0138648
5.29446e-10	0.0139259
5.29574e-10	0.0139871
5.29703e-10	0.0140484
5.29831e-10	0.0141097
5.29959e-10	0.014171
5.30088e-10	0.0142324
5.30216e-10	0.0142939
5.30345e-10	0.0143554
5.30473e-10	0.0144169
5.30602e-10	0.0144786
5.3073e-10	0.0145402
5.30858e-10	0.014602
5.30987e-10	0.0146637
5.31115e-10	0.0147256
5.31244e-10	0.0147875
5.31372e-10	0.0148494
5.315e-10	0.0149114
5.31629e-10	0.0149734
5.31757e-10	0.0150355
5.31886e-10	0.0150977
5.32014e-10	0.0151599
5.32142e-10	0.0152221
5.32271e-10	0.0152844
5.32399e-10	0.0153468
5.32528e-10	0.0154092
5.32656e-10	0.0154716
5.32785e-10	0.0155342
5.32913e-10	0.0155967
5.33041e-10	0.0156593
5.3317e-10	0.015722
5.33298e-10	0.0157847
5.33427e-10	0.0158474
5.33555e-10	0.0159102
5.33683e-10	0.0159731
5.33812e-10	0.016036
5.3394e-10	0.016099
5.34069e-10	0.016162
5.34197e-10	0.016225
5.34326e-10	0.0162881
5.34454e-10	0.0163512
5.34582e-10	0.0164144
5.34711e-10	0.0164777
5.34839e-10	0.016541
5.34968e-10	0.0166043
5.35096e-10	0.0166677
5.35224e-10	0.0167311
5.35353e-10	0.0167946
5.35481e-10	0.0168581
5.3561e-10	0.0169216
5.35738e-10	0.0169852
5.35866e-10	0.0170489
5.35995e-10	0.0171126
5.36123e-10	0.0171763
5.36252e-10	0.0172401
5.3638e-10	0.017304
5.36509e-10	0.0173678
5.36637e-10	0.0174317
5.36765e-10	0.0174957
5.36894e-10	0.0175597
5.37022e-10	0.0176238
5.37151e-10	0.0176878
5.37279e-10	0.017752
5.37407e-10	0.0178162
5.37536e-10	0.0178804
5.37664e-10	0.0179446
5.37793e-10	0.0180089
5.37921e-10	0.0180733
5.38049e-10	0.0181377
5.38178e-10	0.0182021
5.38306e-10	0.0182665
5.38435e-10	0.018331
5.38563e-10	0.0183956
5.38692e-10	0.0184602
5.3882e-10	0.0185248
5.38948e-10	0.0185895
5.39077e-10	0.0186542
5.39205e-10	0.0187189
5.39334e-10	0.0187837
5.39462e-10	0.0188485
5.3959e-10	0.0189133
5.39719e-10	0.0189782
5.39847e-10	0.0190432
5.39976e-10	0.0191081
5.40104e-10	0.0191731
5.40232e-10	0.0192382
5.40361e-10	0.0193032
5.40489e-10	0.0193684
5.40618e-10	0.0194335
5.40746e-10	0.0194987
5.40875e-10	0.0195639
5.41003e-10	0.0196292
5.41131e-10	0.0196945
5.4126e-10	0.0197598
5.41388e-10	0.0198251
5.41517e-10	0.0198905
5.41645e-10	0.019956
5.41773e-10	0.0200214
5.41902e-10	0.0200869
5.4203e-10	0.0201524
5.42159e-10	0.020218
5.42287e-10	0.0202836
5.42416e-10	0.0203492
5.42544e-10	0.0204149
5.42672e-10	0.0204806
5.42801e-10	0.0205463
5.42929e-10	0.020612
5.43058e-10	0.0206778
5.43186e-10	0.0207436
5.43314e-10	0.0208095
5.43443e-10	0.0208753
5.43571e-10	0.0209412
5.437e-10	0.0210072
5.43828e-10	0.0210731
5.43956e-10	0.0211391
5.44085e-10	0.0212051
5.44213e-10	0.0212712
5.44342e-10	0.0213372
5.4447e-10	0.0214033
5.44599e-10	0.0214695
5.44727e-10	0.0215356
5.44855e-10	0.0216018
5.44984e-10	0.021668
5.45112e-10	0.0217343
5.45241e-10	0.0218005
5.45369e-10	0.0218668
5.45497e-10	0.0219331
5.45626e-10	0.0219995
5.45754e-10	0.0220658
5.45883e-10	0.0221322
5.46011e-10	0.0221986
5.46139e-10	0.0222651
5.46268e-10	0.0223315
5.46396e-10	0.022398
5.46525e-10	0.0224645
5.46653e-10	0.022531
5.46782e-10	0.0225976
5.4691e-10	0.0226642
5.47038e-10	0.0227308
5.47167e-10	0.0227974
5.47295e-10	0.022864
5.47424e-10	0.0229307
5.47552e-10	0.0229974
5.4768e-10	0.0230641
5.47809e-10	0.0231308
5.47937e-10	0.0231975
5.48066e-10	0.0232643
5.48194e-10	0.0233311
5.48322e-10	0.0233979
5.48451e-10	0.0234647
5.48579e-10	0.0235315
5.48708e-10	0.0235984
5.48836e-10	0.0236653
5.48965e-10	0.0237322
5.49093e-10	0.0237991
5.49221e-10	0.023866
5.4935e-10	0.0239329
5.49478e-10	0.0239999
5.49607e-10	0.0240669
5.49735e-10	0.0241339
5.49863e-10	0.0242009
5.49992e-10	0.0242679
5.5012e-10	0.0243349
5.50249e-10	0.024402
5.50377e-10	0.024469
5.50506e-10	0.0245361
5.50634e-10	0.0246032
5.50762e-10	0.0246703
5.50891e-10	0.0247374
5.51019e-10	0.0248046
5.51148e-10	0.0248717
5.51276e-10	0.0249389
5.51404e-10	0.025006
5.51533e-10	0.0250732
5.51661e-10	0.0251404
5.5179e-10	0.0252076
5.51918e-10	0.0252748
5.52046e-10	0.025342
5.52175e-10	0.0254092
5.52303e-10	0.0254765
5.52432e-10	0.0255437
5.5256e-10	0.025611
5.52689e-10	0.0256783
5.52817e-10	0.0257455
5.52945e-10	0.0258128
5.53074e-10	0.0258801
5.53202e-10	0.0259474
5.53331e-10	0.0260147
5.53459e-10	0.026082
5.53587e-10	0.0261493
5.53716e-10	0.0262166
5.53844e-10	0.026284
5.53973e-10	0.0263513
5.54101e-10	0.0264186
5.54229e-10	0.026486
5.54358e-10	0.0265533
5.54486e-10	0.0266207
5.54615e-10	0.026688
5.54743e-10	0.0267554
5.54872e-10	0.0268227
5.55e-10	0.0268901
5.55128e-10	0.0269575
5.55257e-10	0.0270248
5.55385e-10	0.0270922
5.55514e-10	0.0271596
5.55642e-10	0.0272269
5.5577e-10	0.0272943
5.55899e-10	0.0273617
5.56027e-10	0.027429
5.56156e-10	0.0274964
5.56284e-10	0.0275638
5.56412e-10	0.0276311
5.56541e-10	0.0276985
5.56669e-10	0.0277659
5.56798e-10	0.0278332
5.56926e-10	0.0279006
5.57055e-10	0.0279679
5.57183e-10	0.0280353
5.57311e-10	0.0281026
5.5744e-10	0.02817
5.57568e-10	0.0282373
5.57697e-10	0.0283047
5.57825e-10	0.028372
5.57953e-10	0.0284393
5.58082e-10	0.0285066
5.5821e-10	0.0285739
5.58339e-10	0.0286412
5.58467e-10	0.0287085
5.58596e-10	0.0287758
5.58724e-10	0.0288431
5.58852e-10	0.0289104
5.58981e-10	0.0289777
5.59109e-10	0.0290449
5.59238e-10	0.0291122
5.59366e-10	0.0291794
5.59494e-10	0.0292467
5.59623e-10	0.0293139
5.59751e-10	0.0293811
5.5988e-10	0.0294483
5.60008e-10	0.0295155
5.60136e-10	0.0295827
5.60265e-10	0.0296498
5.60393e-10	0.029717
5.60522e-10	0.0297841
5.6065e-10	0.0298513
5.60779e-10	0.0299184
5.60907e-10	0.0299855
5.61035e-10	0.0300526
5.61164e-10	0.0301197
5.61292e-10	0.0301867
5.61421e-10	0.0302538
5.61549e-10	0.0303208
5.61677e-10	0.0303878
5.61806e-10	0.0304548
5.61934e-10	0.0305218
5.62063e-10	0.0305887
5.62191e-10	0.0306557
5.62319e-10	0.0307226
5.62448e-10	0.0307895
5.62576e-10	0.0308564
5.62705e-10	0.0309233
5.62833e-10	0.0309902
5.62962e-10	0.031057
5.6309e-10	0.0311238
5.63218e-10	0.0311906
5.63347e-10	0.0312574
5.63475e-10	0.0313241
5.63604e-10	0.0313909
5.63732e-10	0.0314576
5.6386e-10	0.0315243
5.63989e-10	0.0315909
5.64117e-10	0.0316576
5.64246e-10	0.0317242
5.64374e-10	0.0317908
5.64503e-10	0.0318574
5.64631e-10	0.0319239
5.64759e-10	0.0319905
5.64888e-10	0.032057
5.65016e-10	0.0321234
5.65145e-10	0.0321899
5.65273e-10	0.0322563
5.65401e-10	0.0323227
5.6553e-10	0.0323891
5.65658e-10	0.0324554
5.65787e-10	0.0325217
5.65915e-10	0.032588
5.66043e-10	0.0326543
5.66172e-10	0.0327205
5.663e-10	0.0327867
5.66429e-10	0.0328529
5.66557e-10	0.032919
5.66686e-10	0.0329851
5.66814e-10	0.0330512
5.66942e-10	0.0331172
5.67071e-10	0.0331832
5.67199e-10	0.0332492
5.67328e-10	0.0333152
5.67456e-10	0.0333811
5.67584e-10	0.033447
5.67713e-10	0.0335128
5.67841e-10	0.0335786
5.6797e-10	0.0336444
5.68098e-10	0.0337102
5.68226e-10	0.0337759
5.68355e-10	0.0338415
5.68483e-10	0.0339072
5.68612e-10	0.0339728
5.6874e-10	0.0340384
5.68869e-10	0.0341039
5.68997e-10	0.0341694
5.69125e-10	0.0342348
5.69254e-10	0.0343002
5.69382e-10	0.0343656
5.69511e-10	0.034431
5.69639e-10	0.0344962
5.69767e-10	0.0345615
5.69896e-10	0.0346267
5.70024e-10	0.0346919
5.70153e-10	0.034757
5.70281e-10	0.0348221
5.70409e-10	0.0348872
5.70538e-10	0.0349522
5.70666e-10	0.0350171
5.70795e-10	0.0350821
5.70923e-10	0.0351469
5.71052e-10	0.0352118
5.7118e-10	0.0352766
5.71308e-10	0.0353413
5.71437e-10	0.035406
5.71565e-10	0.0354707
5.71694e-10	0.0355353
5.71822e-10	0.0355998
5.7195e-10	0.0356643
5.72079e-10	0.0357288
5.72207e-10	0.0357932
5.72336e-10	0.0358576
5.72464e-10	0.0359219
5.72593e-10	0.0359862
5.72721e-10	0.0360504
5.72849e-10	0.0361146
5.72978e-10	0.0361787
5.73106e-10	0.0362428
5.73235e-10	0.0363068
5.73363e-10	0.0363708
5.73491e-10	0.0364347
5.7362e-10	0.0364986
5.73748e-10	0.0365624
5.73877e-10	0.0366261
5.74005e-10	0.0366898
5.74133e-10	0.0367535
5.74262e-10	0.0368171
5.7439e-10	0.0368806
5.74519e-10	0.0369441
5.74647e-10	0.0370076
5.74776e-10	0.0370709
5.74904e-10	0.0371343
5.75032e-10	0.0371975
5.75161e-10	0.0372607
5.75289e-10	0.0373239
5.75418e-10	0.037387
5.75546e-10	0.03745
5.75674e-10	0.037513
5.75803e-10	0.0375759
5.75931e-10	0.0376387
5.7606e-10	0.0377015
5.76188e-10	0.0377642
5.76316e-10	0.0378269
5.76445e-10	0.0378895
5.76573e-10	0.0379521
5.76702e-10	0.0380145
5.7683e-10	0.038077
5.76959e-10	0.0381393
5.77087e-10	0.0382016
5.77215e-10	0.0382638
5.77344e-10	0.038326
5.77472e-10	0.0383881
5.77601e-10	0.0384501
5.77729e-10	0.0385121
5.77857e-10	0.038574
5.77986e-10	0.0386358
5.78114e-10	0.0386976
5.78243e-10	0.0387593
5.78371e-10	0.0388209
5.78499e-10	0.0388825
5.78628e-10	0.038944
5.78756e-10	0.0390054
5.78885e-10	0.0390668
5.79013e-10	0.039128
5.79142e-10	0.0391893
5.7927e-10	0.0392504
5.79398e-10	0.0393115
5.79527e-10	0.0393725
5.79655e-10	0.0394334
5.79784e-10	0.0394942
5.79912e-10	0.039555
5.8004e-10	0.0396157
5.80169e-10	0.0396763
5.80297e-10	0.0397369
5.80426e-10	0.0397974
5.80554e-10	0.0398578
5.80683e-10	0.0399181
5.80811e-10	0.0399784
5.80939e-10	0.0400385
5.81068e-10	0.0400986
5.81196e-10	0.0401587
5.81325e-10	0.0402186
5.81453e-10	0.0402785
5.81581e-10	0.0403383
5.8171e-10	0.040398
5.81838e-10	0.0404576
5.81967e-10	0.0405171
5.82095e-10	0.0405766
5.82223e-10	0.040636
5.82352e-10	0.0406953
5.8248e-10	0.0407545
5.82609e-10	0.0408136
5.82737e-10	0.0408727
5.82866e-10	0.0409316
5.82994e-10	0.0409905
5.83122e-10	0.0410493
5.83251e-10	0.041108
5.83379e-10	0.0411667
5.83508e-10	0.0412252
5.83636e-10	0.0412837
5.83764e-10	0.041342
5.83893e-10	0.0414003
5.84021e-10	0.0414585
5.8415e-10	0.0415166
5.84278e-10	0.0415746
5.84406e-10	0.0416326
5.84535e-10	0.0416904
5.84663e-10	0.0417481
5.84792e-10	0.0418058
5.8492e-10	0.0418634
5.85049e-10	0.0419208
5.85177e-10	0.0419782
5.85305e-10	0.0420355
5.85434e-10	0.0420927
5.85562e-10	0.0421498
5.85691e-10	0.0422068
5.85819e-10	0.0422637
5.85947e-10	0.0423206
5.86076e-10	0.0423773
5.86204e-10	0.0424339
5.86333e-10	0.0424905
5.86461e-10	0.0425469
5.86589e-10	0.0426033
5.86718e-10	0.0426595
5.86846e-10	0.0427157
5.86975e-10	0.0427717
5.87103e-10	0.0428277
5.87232e-10	0.0428835
5.8736e-10	0.0429393
5.87488e-10	0.0429949
5.87617e-10	0.0430505
5.87745e-10	0.0431059
5.87874e-10	0.0431613
5.88002e-10	0.0432165
5.8813e-10	0.0432717
5.88259e-10	0.0433267
5.88387e-10	0.0433816
5.88516e-10	0.0434365
5.88644e-10	0.0434912
5.88773e-10	0.0435458
5.88901e-10	0.0436004
5.89029e-10	0.0436548
5.89158e-10	0.0437091
5.89286e-10	0.0437633
5.89415e-10	0.0438174
5.89543e-10	0.0438714
5.89671e-10	0.0439253
5.898e-10	0.043979
5.89928e-10	0.0440327
5.90057e-10	0.0440862
5.90185e-10	0.0441397
5.90313e-10	0.044193
5.90442e-10	0.0442462
5.9057e-10	0.0442994
5.90699e-10	0.0443524
5.90827e-10	0.0444052
5.90956e-10	0.044458
5.91084e-10	0.0445107
5.91212e-10	0.0445632
5.91341e-10	0.0446157
5.91469e-10	0.044668
5.91598e-10	0.0447202
5.91726e-10	0.0447723
5.91854e-10	0.0448243
5.91983e-10	0.0448761
5.92111e-10	0.0449279
5.9224e-10	0.0449795
5.92368e-10	0.045031
5.92496e-10	0.0450824
5.92625e-10	0.0451336
5.92753e-10	0.0451848
5.92882e-10	0.0452358
5.9301e-10	0.0452867
5.93139e-10	0.0453375
5.93267e-10	0.0453882
5.93395e-10	0.0454387
5.93524e-10	0.0454891
5.93652e-10	0.0455394
5.93781e-10	0.0455896
5.93909e-10	0.0456397
5.94037e-10	0.0456896
5.94166e-10	0.0457394
5.94294e-10	0.0457891
5.94423e-10	0.0458386
5.94551e-10	0.0458881
5.94679e-10	0.0459374
5.94808e-10	0.0459865
5.94936e-10	0.0460356
5.95065e-10	0.0460845
5.95193e-10	0.0461333
5.95322e-10	0.046182
5.9545e-10	0.0462305
5.95578e-10	0.0462789
5.95707e-10	0.0463272
5.95835e-10	0.0463753
5.95964e-10	0.0464233
5.96092e-10	0.0464712
5.9622e-10	0.046519
5.96349e-10	0.0465666
5.96477e-10	0.0466141
5.96606e-10	0.0466614
5.96734e-10	0.0467086
5.96863e-10	0.0467557
5.96991e-10	0.0468027
5.97119e-10	0.0468495
5.97248e-10	0.0468961
5.97376e-10	0.0469427
5.97505e-10	0.0469891
5.97633e-10	0.0470353
5.97761e-10	0.0470815
5.9789e-10	0.0471275
5.98018e-10	0.0471733
5.98147e-10	0.047219
5.98275e-10	0.0472646
5.98403e-10	0.04731
5.98532e-10	0.0473553
5.9866e-10	0.0474004
5.98789e-10	0.0474454
5.98917e-10	0.0474903
5.99046e-10	0.047535
5.99174e-10	0.0475796
5.99302e-10	0.047624
5.99431e-10	0.0476683
5.99559e-10	0.0477125
5.99688e-10	0.0477565
5.99816e-10	0.0478003
5.99944e-10	0.047844
6.00073e-10	0.0478876
6.00201e-10	0.047931
6.0033e-10	0.0479743
6.00458e-10	0.0480174
6.00586e-10	0.0480604
6.00715e-10	0.0481032
6.00843e-10	0.0481459
6.00972e-10	0.0481884
6.011e-10	0.0482307
6.01229e-10	0.048273
6.01357e-10	0.048315
6.01485e-10	0.048357
6.01614e-10	0.0483987
6.01742e-10	0.0484403
6.01871e-10	0.0484818
6.01999e-10	0.0485231
6.02127e-10	0.0485642
6.02256e-10	0.0486052
6.02384e-10	0.0486461
6.02513e-10	0.0486868
6.02641e-10	0.0487273
6.0277e-10	0.0487677
6.02898e-10	0.0488079
6.03026e-10	0.0488479
6.03155e-10	0.0488878
6.03283e-10	0.0489276
6.03412e-10	0.0489672
6.0354e-10	0.0490066
6.03668e-10	0.0490458
6.03797e-10	0.0490849
6.03925e-10	0.0491239
6.04054e-10	0.0491627
6.04182e-10	0.0492013
6.0431e-10	0.0492397
6.04439e-10	0.049278
6.04567e-10	0.0493161
6.04696e-10	0.0493541
6.04824e-10	0.0493919
6.04953e-10	0.0494295
6.05081e-10	0.049467
6.05209e-10	0.0495043
6.05338e-10	0.0495414
6.05466e-10	0.0495784
6.05595e-10	0.0496152
6.05723e-10	0.0496518
6.05851e-10	0.0496883
6.0598e-10	0.0497246
6.06108e-10	0.0497607
6.06237e-10	0.0497967
6.06365e-10	0.0498325
6.06493e-10	0.0498681
6.06622e-10	0.0499035
6.0675e-10	0.0499388
6.06879e-10	0.0499739
6.07007e-10	0.0500088
6.07136e-10	0.0500436
6.07264e-10	0.0500782
6.07392e-10	0.0501126
6.07521e-10	0.0501468
6.07649e-10	0.0501809
6.07778e-10	0.0502148
6.07906e-10	0.0502485
6.08034e-10	0.050282
6.08163e-10	0.0503153
6.08291e-10	0.0503485
6.0842e-10	0.0503815
6.08548e-10	0.0504143
6.08676e-10	0.050447
6.08805e-10	0.0504794
6.08933e-10	0.0505117
6.09062e-10	0.0505438
6.0919e-10	0.0505757
6.09319e-10	0.0506075
6.09447e-10	0.050639
6.09575e-10	0.0506704
6.09704e-10	0.0507016
6.09832e-10	0.0507326
6.09961e-10	0.0507634
6.10089e-10	0.050794
6.10217e-10	0.0508245
6.10346e-10	0.0508548
6.10474e-10	0.0508848
6.10603e-10	0.0509147
6.10731e-10	0.0509444
6.1086e-10	0.050974
6.10988e-10	0.0510033
6.11116e-10	0.0510324
6.11245e-10	0.0510614
6.11373e-10	0.0510902
6.11502e-10	0.0511187
6.1163e-10	0.0511471
6.11758e-10	0.0511753
6.11887e-10	0.0512033
6.12015e-10	0.0512312
6.12144e-10	0.0512588
6.12272e-10	0.0512862
6.124e-10	0.0513134
6.12529e-10	0.0513405
6.12657e-10	0.0513673
6.12786e-10	0.051394
6.12914e-10	0.0514205
6.13043e-10	0.0514467
6.13171e-10	0.0514728
6.13299e-10	0.0514987
6.13428e-10	0.0515243
6.13556e-10	0.0515498
6.13685e-10	0.0515751
6.13813e-10	0.0516002
6.13941e-10	0.0516251
6.1407e-10	0.0516497
6.14198e-10	0.0516742
6.14327e-10	0.0516985
6.14455e-10	0.0517226
6.14583e-10	0.0517465
6.14712e-10	0.0517702
6.1484e-10	0.0517936
6.14969e-10	0.0518169
6.15097e-10	0.05184
6.15226e-10	0.0518629
6.15354e-10	0.0518855
6.15482e-10	0.051908
6.15611e-10	0.0519303
6.15739e-10	0.0519523
6.15868e-10	0.0519742
6.15996e-10	0.0519958
6.16124e-10	0.0520172
6.16253e-10	0.0520384
6.16381e-10	0.0520595
6.1651e-10	0.0520803
6.16638e-10	0.0521009
6.16766e-10	0.0521213
6.16895e-10	0.0521414
6.17023e-10	0.0521614
6.17152e-10	0.0521812
6.1728e-10	0.0522007
6.17409e-10	0.0522201
6.17537e-10	0.0522392
6.17665e-10	0.0522581
6.17794e-10	0.0522768
6.17922e-10	0.0522953
6.18051e-10	0.0523136
6.18179e-10	0.0523316
6.18307e-10	0.0523495
6.18436e-10	0.0523671
6.18564e-10	0.0523845
6.18693e-10	0.0524017
6.18821e-10	0.0524187
6.1895e-10	0.0524354
6.19078e-10	0.052452
6.19206e-10	0.0524683
6.19335e-10	0.0524844
6.19463e-10	0.0525003
6.19592e-10	0.052516
6.1972e-10	0.0525314
6.19848e-10	0.0525466
6.19977e-10	0.0525616
6.20105e-10	0.0525764
6.20234e-10	0.052591
6.20362e-10	0.0526053
6.2049e-10	0.0526195
6.20619e-10	0.0526333
6.20747e-10	0.052647
6.20876e-10	0.0526605
6.21004e-10	0.0526737
6.21133e-10	0.0526867
6.21261e-10	0.0526995
6.21389e-10	0.052712
6.21518e-10	0.0527243
6.21646e-10	0.0527364
6.21775e-10	0.0527483
6.21903e-10	0.0527599
6.22031e-10	0.0527713
6.2216e-10	0.0527825
6.22288e-10	0.0527934
6.22417e-10	0.0528042
6.22545e-10	0.0528147
6.22673e-10	0.0528249
6.22802e-10	0.0528349
6.2293e-10	0.0528447
6.23059e-10	0.0528543
6.23187e-10	0.0528636
6.23316e-10	0.0528727
6.23444e-10	0.0528816
6.23572e-10	0.0528902
6.23701e-10	0.0528986
6.23829e-10	0.0529068
6.23958e-10	0.0529147
6.24086e-10	0.0529224
6.24214e-10	0.0529299
6.24343e-10	0.0529371
6.24471e-10	0.0529441
6.246e-10	0.0529508
6.24728e-10	0.0529573
6.24856e-10	0.0529636
6.24985e-10	0.0529696
6.25113e-10	0.0529754
6.25242e-10	0.0529809
6.2537e-10	0.0529862
6.25499e-10	0.0529913
6.25627e-10	0.0529961
6.25755e-10	0.0530007
6.25884e-10	0.0530051
6.26012e-10	0.0530092
6.26141e-10	0.053013
6.26269e-10	0.0530166
6.26397e-10	0.05302
6.26526e-10	0.0530231
6.26654e-10	0.053026
6.26783e-10	0.0530286
6.26911e-10	0.053031
6.2704e-10	0.0530332
6.27168e-10	0.0530351
6.27296e-10	0.0530367
6.27425e-10	0.0530381
6.27553e-10	0.0530393
6.27682e-10	0.0530402
6.2781e-10	0.0530409
6.27938e-10	0.0530413
6.28067e-10	0.0530414
6.28195e-10	0.0530413
6.28324e-10	0.053041
6.28452e-10	0.0530404
6.2858e-10	0.0530396
6.28709e-10	0.0530385
6.28837e-10	0.0530371
6.28966e-10	0.0530355
6.29094e-10	0.0530337
6.29223e-10	0.0530316
6.29351e-10	0.0530292
6.29479e-10	0.0530266
6.29608e-10	0.0530237
6.29736e-10	0.0530206
6.29865e-10	0.0530172
6.29993e-10	0.0530136
6.30121e-10	0.0530097
6.3025e-10	0.0530055
6.30378e-10	0.0530011
6.30507e-10	0.0529964
6.30635e-10	0.0529915
6.30763e-10	0.0529863
6.30892e-10	0.0529809
6.3102e-10	0.0529752
6.31149e-10	0.0529692
6.31277e-10	0.052963
6.31406e-10	0.0529565
6.31534e-10	0.0529498
6.31662e-10	0.0529428
6.31791e-10	0.0529355
6.31919e-10	0.052928
6.32048e-10	0.0529202
6.32176e-10	0.0529121
6.32304e-10	0.0529038
6.32433e-10	0.0528952
6.32561e-10	0.0528864
6.3269e-10	0.0528773
6.32818e-10	0.0528679
6.32947e-10	0.0528582
6.33075e-10	0.0528483
6.33203e-10	0.0528381
6.33332e-10	0.0528277
6.3346e-10	0.052817
6.33589e-10	0.052806
6.33717e-10	0.0527947
6.33845e-10	0.0527832
6.33974e-10	0.0527714
6.34102e-10	0.0527594
6.34231e-10	0.052747
6.34359e-10	0.0527344
6.34487e-10	0.0527216
6.34616e-10	0.0527084
6.34744e-10	0.052695
6.34873e-10	0.0526813
6.35001e-10	0.0526674
6.3513e-10	0.0526531
6.35258e-10	0.0526386
6.35386e-10	0.0526239
6.35515e-10	0.0526088
6.35643e-10	0.0525935
6.35772e-10	0.0525779
6.359e-10	0.052562
6.36028e-10	0.0525459
6.36157e-10	0.0525294
6.36285e-10	0.0525127
6.36414e-10	0.0524957
6.36542e-10	0.0524785
6.3667e-10	0.0524609
6.36799e-10	0.0524431
6.36927e-10	0.052425
6.37056e-10	0.0524067
6.37184e-10	0.052388
6.37313e-10	0.0523691
6.37441e-10	0.0523499
6.37569e-10	0.0523304
6.37698e-10	0.0523106
6.37826e-10	0.0522906
6.37955e-10	0.0522702
6.38083e-10	0.0522496
6.38211e-10	0.0522287
6.3834e-10	0.0522075
6.38468e-10	0.052186
6.38597e-10	0.0521643
6.38725e-10	0.0521423
6.38853e-10	0.0521199
6.38982e-10	0.0520973
6.3911e-10	0.0520744
6.39239e-10	0.0520513
6.39367e-10	0.0520278
6.39496e-10	0.0520041
6.39624e-10	0.05198
6.39752e-10	0.0519557
6.39881e-10	0.0519311
6.40009e-10	0.0519062
6.40138e-10	0.051881
6.40266e-10	0.0518555
6.40394e-10	0.0518298
6.40523e-10	0.0518037
6.40651e-10	0.0517774
6.4078e-10	0.0517508
6.40908e-10	0.0517238
6.41037e-10	0.0516966
6.41165e-10	0.0516691
6.41293e-10	0.0516413
6.41422e-10	0.0516132
6.4155e-10	0.0515849
6.41679e-10	0.0515562
6.41807e-10	0.0515272
6.41935e-10	0.051498
6.42064e-10	0.0514684
6.42192e-10	0.0514386
6.42321e-10	0.0514084
6.42449e-10	0.051378
6.42577e-10	0.0513473
6.42706e-10	0.0513162
6.42834e-10	0.0512849
6.42963e-10	0.0512533
6.43091e-10	0.0512214
6.4322e-10	0.0511892
6.43348e-10	0.0511567
6.43476e-10	0.0511239
6.43605e-10	0.0510908
6.43733e-10	0.0510573
6.43862e-10	0.0510237
6.4399e-10	0.0509896
6.44118e-10	0.0509553
6.44247e-10	0.0509207
6.44375e-10	0.0508858
6.44504e-10	0.0508506
6.44632e-10	0.0508151
6.4476e-10	0.0507793
6.44889e-10	0.0507432
6.45017e-10	0.0507068
6.45146e-10	0.0506701
6.45274e-10	0.0506331
6.45403e-10	0.0505958
6.45531e-10	0.0505582
6.45659e-10	0.0505203
6.45788e-10	0.050482
6.45916e-10	0.0504435
6.46045e-10	0.0504047
6.46173e-10	0.0503655
6.46301e-10	0.0503261
6.4643e-10	0.0502863
6.46558e-10	0.0502463
6.46687e-10	0.0502059
6.46815e-10	0.0501652
6.46943e-10	0.0501243
6.47072e-10	0.050083
6.472e-10	0.0500414
6.47329e-10	0.0499995
6.47457e-10	0.0499573
6.47586e-10	0.0499148
6.47714e-10	0.049872
6.47842e-10	0.0498288
6.47971e-10	0.0497854
6.48099e-10	0.0497416
6.48228e-10	0.0496976
6.48356e-10	0.0496532
6.48484e-10	0.0496085
6.48613e-10	0.0495635
6.48741e-10	0.0495182
6.4887e-10	0.0494726
6.48998e-10	0.0494267
6.49127e-10	0.0493804
6.49255e-10	0.0493339
6.49383e-10	0.049287
6.49512e-10	0.0492398
6.4964e-10	0.0491923
6.49769e-10	0.0491445
6.49897e-10	0.0490964
6.50025e-10	0.0490479
6.50154e-10	0.0489992
6.50282e-10	0.0489501
6.50411e-10	0.0489007
6.50539e-10	0.0488511
6.50667e-10	0.048801
6.50796e-10	0.0487507
6.50924e-10	0.0487001
6.51053e-10	0.0486491
6.51181e-10	0.0485978
6.5131e-10	0.0485462
6.51438e-10	0.0484943
6.51566e-10	0.0484421
6.51695e-10	0.0483895
6.51823e-10	0.0483366
6.51952e-10	0.0482835
6.5208e-10	0.0482299
6.52208e-10	0.0481761
6.52337e-10	0.048122
6.52465e-10	0.0480675
6.52594e-10	0.0480127
6.52722e-10	0.0479576
6.5285e-10	0.0479022
6.52979e-10	0.0478464
6.53107e-10	0.0477903
6.53236e-10	0.047734
6.53364e-10	0.0476772
6.53493e-10	0.0476202
6.53621e-10	0.0475628
6.53749e-10	0.0475052
6.53878e-10	0.0474471
6.54006e-10	0.0473888
6.54135e-10	0.0473302
6.54263e-10	0.0472712
6.54391e-10	0.0472119
6.5452e-10	0.0471523
6.54648e-10	0.0470923
6.54777e-10	0.047032
6.54905e-10	0.0469714
6.55033e-10	0.0469105
6.55162e-10	0.0468493
6.5529e-10	0.0467877
6.55419e-10	0.0467258
6.55547e-10	0.0466635
6.55676e-10	0.046601
6.55804e-10	0.0465381
6.55932e-10	0.0464749
6.56061e-10	0.0464114
6.56189e-10	0.0463475
6.56318e-10	0.0462833
6.56446e-10	0.0462188
6.56574e-10	0.0461539
6.56703e-10	0.0460887
6.56831e-10	0.0460232
6.5696e-10	0.0459574
6.57088e-10	0.0458912
6.57217e-10	0.0458247
6.57345e-10	0.0457579
6.57473e-10	0.0456908
6.57602e-10	0.0456233
6.5773e-10	0.0455555
6.57859e-10	0.0454873
6.57987e-10	0.0454188
6.58115e-10	0.04535
6.58244e-10	0.0452809
6.58372e-10	0.0452114
6.58501e-10	0.0451416
6.58629e-10	0.0450715
6.58757e-10	0.045001
6.58886e-10	0.0449302
6.59014e-10	0.0448591
6.59143e-10	0.0447876
6.59271e-10	0.0447158
6.594e-10	0.0446437
6.59528e-10	0.0445712
6.59656e-10	0.0444984
6.59785e-10	0.0444252
6.59913e-10	0.0443518
6.60042e-10	0.044278
6.6017e-10	0.0442038
6.60298e-10	0.0441294
6.60427e-10	0.0440546
6.60555e-10	0.0439794
6.60684e-10	0.0439039
6.60812e-10	0.0438281
6.6094e-10	0.043752
6.61069e-10	0.0436755
6.61197e-10	0.0435986
6.61326e-10	0.0435215
6.61454e-10	0.043444
6.61583e-10	0.0433662
6.61711e-10	0.043288
6.61839e-10	0.0432095
6.61968e-10	0.0431306
6.62096e-10	0.0430514
6.62225e-10	0.0429719
6.62353e-10	0.0428921
6.62481e-10	0.0428119
6.6261e-10	0.0427313
6.62738e-10	0.0426505
6.62867e-10	0.0425692
6.62995e-10	0.0424877
6.63124e-10	0.0424058
6.63252e-10	0.0423236
6.6338e-10	0.042241
6.63509e-10	0.0421581
6.63637e-10	0.0420749
6.63766e-10	0.0419913
6.63894e-10	0.0419073
6.64022e-10	0.0418231
6.64151e-10	0.0417385
6.64279e-10	0.0416535
6.64408e-10	0.0415682
6.64536e-10	0.0414826
6.64664e-10	0.0413966
6.64793e-10	0.0413103
6.64921e-10	0.0412236
6.6505e-10	0.0411366
6.65178e-10	0.0410493
6.65307e-10	0.0409616
6.65435e-10	0.0408736
6.65563e-10	0.0407852
6.65692e-10	0.0406965
6.6582e-10	0.0406075
6.65949e-10	0.0405181
6.66077e-10	0.0404284
6.66205e-10	0.0403383
6.66334e-10	0.0402479
6.66462e-10	0.0401571
6.66591e-10	0.040066
6.66719e-10	0.0399745
6.66847e-10	0.0398828
6.66976e-10	0.0397906
6.67104e-10	0.0396981
6.67233e-10	0.0396053
6.67361e-10	0.0395121
6.6749e-10	0.0394186
6.67618e-10	0.0393248
6.67746e-10	0.0392306
6.67875e-10	0.039136
6.68003e-10	0.0390411
6.68132e-10	0.0389459
6.6826e-10	0.0388503
6.68388e-10	0.0387544
6.68517e-10	0.0386581
6.68645e-10	0.0385615
6.68774e-10	0.0384646
6.68902e-10	0.0383673
6.6903e-10	0.0382696
6.69159e-10	0.0381716
6.69287e-10	0.0380733
6.69416e-10	0.0379746
6.69544e-10	0.0378756
6.69673e-10	0.0377762
6.69801e-10	0.0376764
6.69929e-10	0.0375764
6.70058e-10	0.037476
6.70186e-10	0.0373752
6.70315e-10	0.0372741
6.70443e-10	0.0371726
6.70571e-10	0.0370708
6.707e-10	0.0369687
6.70828e-10	0.0368662
6.70957e-10	0.0367633
6.71085e-10	0.0366601
6.71214e-10	0.0365566
6.71342e-10	0.0364527
6.7147e-10	0.0363485
6.71599e-10	0.0362439
6.71727e-10	0.036139
6.71856e-10	0.0360337
6.71984e-10	0.0359281
6.72112e-10	0.0358221
6.72241e-10	0.0357158
6.72369e-10	0.0356091
6.72498e-10	0.0355021
6.72626e-10	0.0353948
6.72754e-10	0.035287
6.72883e-10	0.035179
6.73011e-10	0.0350706
6.7314e-10	0.0349618
6.73268e-10	0.0348527
6.73397e-10	0.0347433
6.73525e-10	0.0346335
6.73653e-10	0.0345233
6.73782e-10	0.0344128
6.7391e-10	0.034302
6.74039e-10	0.0341908
6.74167e-10	0.0340793
6.74295e-10	0.0339674
6.74424e-10	0.0338552
6.74552e-10	0.0337426
6.74681e-10	0.0336296
6.74809e-10	0.0335164
6.74937e-10	0.0334027
6.75066e-10	0.0332888
6.75194e-10	0.0331744
6.75323e-10	0.0330597
6.75451e-10	0.0329447
6.7558e-10	0.0328294
6.75708e-10	0.0327136
6.75836e-10	0.0325976
6.75965e-10	0.0324811
6.76093e-10	0.0323644
6.76222e-10	0.0322473
6.7635e-10	0.0321298
6.76478e-10	0.032012
6.76607e-10	0.0318938
6.76735e-10	0.0317753
6.76864e-10	0.0316564
6.76992e-10	0.0315372
6.7712e-10	0.0314177
6.77249e-10	0.0312978
6.77377e-10	0.0311775
6.77506e-10	0.0310569
6.77634e-10	0.030936
6.77763e-10	0.0308146
6.77891e-10	0.030693
6.78019e-10	0.030571
6.78148e-10	0.0304486
6.78276e-10	0.0303259
6.78405e-10	0.0302029
6.78533e-10	0.0300795
6.78661e-10	0.0299558
6.7879e-10	0.0298317
6.78918e-10	0.0297072
6.79047e-10	0.0295824
6.79175e-10	0.0294573
6.79304e-10	0.0293318
6.79432e-10	0.029206
6.7956e-10	0.0290798
6.79689e-10	0.0289533
6.79817e-10	0.0288264
6.79946e-10	0.0286991
6.80074e-10	0.0285716
6.80202e-10	0.0284436
6.80331e-10	0.0283154
6.80459e-10	0.0281867
6.80588e-10	0.0280578
6.80716e-10	0.0279285
6.80844e-10	0.0277988
6.80973e-10	0.0276688
6.81101e-10	0.0275384
6.8123e-10	0.0274077
6.81358e-10	0.0272766
6.81487e-10	0.0271452
6.81615e-10	0.0270135
6.81743e-10	0.0268814
6.81872e-10	0.0267489
6.82e-10	0.0266161
6.82129e-10	0.026483
6.82257e-10	0.0263495
6.82385e-10	0.0262156
6.82514e-10	0.0260815
6.82642e-10	0.0259469
6.82771e-10	0.025812
6.82899e-10	0.0256768
6.83027e-10	0.0255412
6.83156e-10	0.0254053
6.83284e-10	0.025269
6.83413e-10	0.0251324
6.83541e-10	0.0249955
6.8367e-10	0.0248582
6.83798e-10	0.0247205
6.83926e-10	0.0245825
6.84055e-10	0.0244442
6.84183e-10	0.0243055
6.84312e-10	0.0241664
6.8444e-10	0.024027
6.84568e-10	0.0238873
6.84697e-10	0.0237472
6.84825e-10	0.0236068
6.84954e-10	0.023466
6.85082e-10	0.0233249
6.8521e-10	0.0231835
6.85339e-10	0.0230416
6.85467e-10	0.0228995
6.85596e-10	0.022757
6.85724e-10	0.0226142
6.85853e-10	0.022471
6.85981e-10	0.0223275
6.86109e-10	0.0221836
6.86238e-10	0.0220394
6.86366e-10	0.0218948
6.86495e-10	0.0217499
6.86623e-10	0.0216046
6.86751e-10	0.0214591
6.8688e-10	0.0213131
6.87008e-10	0.0211668
6.87137e-10	0.0210202
6.87265e-10	0.0208732
6.87394e-10	0.0207259
6.87522e-10	0.0205783
6.8765e-10	0.0204303
6.87779e-10	0.020282
6.87907e-10	0.0201333
6.88036e-10	0.0199842
6.88164e-10	0.0198349
6.88292e-10	0.0196852
6.88421e-10	0.0195351
6.88549e-10	0.0193847
6.88678e-10	0.019234
6.88806e-10	0.0190829
6.88934e-10	0.0189315
6.89063e-10	0.0187798
6.89191e-10	0.0186277
6.8932e-10	0.0184752
6.89448e-10	0.0183225
6.89577e-10	0.0181693
6.89705e-10	0.0180159
6.89833e-10	0.0178621
6.89962e-10	0.017708
6.9009e-10	0.0175535
6.90219e-10	0.0173987
6.90347e-10	0.0172435
6.90475e-10	0.017088
6.90604e-10	0.0169322
6.90732e-10	0.016776
6.90861e-10	0.0166195
6.90989e-10	0.0164627
6.91117e-10	0.0163055
6.91246e-10	0.016148
6.91374e-10	0.0159901
6.91503e-10	0.0158319
6.91631e-10	0.0156734
6.9176e-10	0.0155145
6.91888e-10	0.0153553
6.92016e-10	0.0151957
6.92145e-10	0.0150359
6.92273e-10	0.0148756
6.92402e-10	0.0147151
6.9253e-10	0.0145542
6.92658e-10	0.014393
6.92787e-10	0.0142314
6.92915e-10	0.0140695
6.93044e-10	0.0139073
6.93172e-10	0.0137447
6.93301e-10	0.0135819
6.93429e-10	0.0134186
6.93557e-10	0.0132551
6.93686e-10	0.0130912
6.93814e-10	0.0129269
6.93943e-10	0.0127624
6.94071e-10	0.0125975
6.94199e-10	0.0124323
6.94328e-10	0.0122667
6.94456e-10	0.0121008
6.94585e-10	0.0119346
6.94713e-10	0.011768
6.94841e-10	0.0116011
6.9497e-10	0.0114339
6.95098e-10	0.0112664
6.95227e-10	0.0110985
6.95355e-10	0.0109303
6.95484e-10	0.0107618
6.95612e-10	0.0105929
6.9574e-10	0.0104237
6.95869e-10	0.0102542
6.95997e-10	0.0100843
6.96126e-10	0.00991414
6.96254e-10	0.00974363
6.96382e-10	0.0095728
6.96511e-10	0.00940164
6.96639e-10	0.00923014
6.96768e-10	0.00905833
6.96896e-10	0.00888618
6.97024e-10	0.00871371
6.97153e-10	0.00854092
6.97281e-10	0.00836779
6.9741e-10	0.00819435
6.97538e-10	0.00802057
6.97667e-10	0.00784648
6.97795e-10	0.00767206
6.97923e-10	0.00749731
6.98052e-10	0.00732224
6.9818e-10	0.00714685
6.98309e-10	0.00697113
6.98437e-10	0.00679509
6.98565e-10	0.00661873
6.98694e-10	0.00644205
6.98822e-10	0.00626504
6.98951e-10	0.00608772
6.99079e-10	0.00591007
6.99207e-10	0.0057321
6.99336e-10	0.00555381
6.99464e-10	0.0053752
6.99593e-10	0.00519627
6.99721e-10	0.00501702
6.9985e-10	0.00483746
6.99978e-10	0.00465757
7.00106e-10	0.00447736
7.00235e-10	0.00429684
7.00363e-10	0.004116
7.00492e-10	0.00393484
7.0062e-10	0.00375337
7.00748e-10	0.00357158
7.00877e-10	0.00338947
7.01005e-10	0.00320704
7.01134e-10	0.0030243
7.01262e-10	0.00284125
7.01391e-10	0.00265788
7.01519e-10	0.0024742
7.01647e-10	0.0022902
7.01776e-10	0.00210589
7.01904e-10	0.00192126
7.02033e-10	0.00173632
7.02161e-10	0.00155107
7.02289e-10	0.00136551
7.02418e-10	0.00117964
7.02546e-10	0.00099345
7.02675e-10	0.000806953
7.02803e-10	0.000620146
7.02931e-10	0.000433029
7.0306e-10	0.000245602
7.03188e-10	5.78651e-05
7.03317e-10	-0.00013018
7.03445e-10	-0.000318534
7.03574e-10	-0.000507197
7.03702e-10	-0.000696167
7.0383e-10	-0.000885444
7.03959e-10	-0.00107503
7.04087e-10	-0.00126492
7.04216e-10	-0.00145512
7.04344e-10	-0.00164562
7.04472e-10	-0.00183643
7.04601e-10	-0.00202754
7.04729e-10	-0.00221895
7.04858e-10	-0.00241068
7.04986e-10	-0.0026027
7.05114e-10	-0.00279503
7.05243e-10	-0.00298766
7.05371e-10	-0.00318059
7.055e-10	-0.00337382
7.05628e-10	-0.00356736
7.05757e-10	-0.0037612
7.05885e-10	-0.00395533
7.06013e-10	-0.00414977
7.06142e-10	-0.0043445
7.0627e-10	-0.00453954
7.06399e-10	-0.00473487
7.06527e-10	-0.00493051
7.06655e-10	-0.00512644
7.06784e-10	-0.00532266
7.06912e-10	-0.00551919
7.07041e-10	-0.00571601
7.07169e-10	-0.00591312
7.07297e-10	-0.00611053
7.07426e-10	-0.00630824
7.07554e-10	-0.00650624
7.07683e-10	-0.00670453
7.07811e-10	-0.00690312
7.0794e-10	-0.007102
7.08068e-10	-0.00730118
7.08196e-10	-0.00750064
7.08325e-10	-0.0077004
7.08453e-10	-0.00790044
7.08582e-10	-0.00810078
7.0871e-10	-0.00830141
7.08838e-10	-0.00850233
7.08967e-10	-0.00870354
7.09095e-10	-0.00890503
7.09224e-10	-0.00910681
7.09352e-10	-0.00930889
7.09481e-10	-0.00951124
7.09609e-10	-0.00971389
7.09737e-10	-0.00991682
7.09866e-10	-0.01012
7.09994e-10	-0.0103235
7.10123e-10	-0.0105273
7.10251e-10	-0.0107314
7.10379e-10	-0.0109357
7.10508e-10	-0.0111404
7.10636e-10	-0.0113453
7.10765e-10	-0.0115505
7.10893e-10	-0.011756
7.11021e-10	-0.0119617
7.1115e-10	-0.0121678
7.11278e-10	-0.0123741
7.11407e-10	-0.0125807
7.11535e-10	-0.0127876
7.11664e-10	-0.0129947
7.11792e-10	-0.0132022
7.1192e-10	-0.0134099
7.12049e-10	-0.0136179
7.12177e-10	-0.0138261
7.12306e-10	-0.0140347
7.12434e-10	-0.0142435
7.12562e-10	-0.0144526
7.12691e-10	-0.0146619
7.12819e-10	-0.0148716
7.12948e-10	-0.0150815
7.13076e-10	-0.0152916
7.13204e-10	-0.0155021
7.13333e-10	-0.0157128
7.13461e-10	-0.0159238
7.1359e-10	-0.0161351
7.13718e-10	-0.0163466
7.13847e-10	-0.0165584
7.13975e-10	-0.0167705
7.14103e-10	-0.0169828
7.14232e-10	-0.0171954
7.1436e-10	-0.0174083
7.14489e-10	-0.0176214
7.14617e-10	-0.0178348
7.14745e-10	-0.0180484
7.14874e-10	-0.0182624
7.15002e-10	-0.0184765
7.15131e-10	-0.018691
7.15259e-10	-0.0189057
7.15387e-10	-0.0191207
7.15516e-10	-0.0193359
7.15644e-10	-0.0195514
7.15773e-10	-0.0197672
7.15901e-10	-0.0199832
7.1603e-10	-0.0201994
7.16158e-10	-0.020416
7.16286e-10	-0.0206327
7.16415e-10	-0.0208498
7.16543e-10	-0.0210671
7.16672e-10	-0.0212846
7.168e-10	-0.0215024
7.16928e-10	-0.0217205
7.17057e-10	-0.0219388
7.17185e-10	-0.0221573
7.17314e-10	-0.0223762
7.17442e-10	-0.0225952
7.17571e-10	-0.0228145
7.17699e-10	-0.0230341
7.17827e-10	-0.0232539
7.17956e-10	-0.023474
7.18084e-10	-0.0236943
7.18213e-10	-0.0239148
7.18341e-10	-0.0241357
7.18469e-10	-0.0243567
7.18598e-10	-0.024578
7.18726e-10	-0.0247995
7.18855e-10	-0.0250213
7.18983e-10	-0.0252433
7.19111e-10	-0.0254656
7.1924e-10	-0.0256881
7.19368e-10	-0.0259109
7.19497e-10	-0.0261339
7.19625e-10	-0.0263571
7.19754e-10	-0.0265806
7.19882e-10	-0.0268043
7.2001e-10	-0.0270282
7.20139e-10	-0.0272524
7.20267e-10	-0.0274768
7.20396e-10	-0.0277015
7.20524e-10	-0.0279264
7.20652e-10	-0.0281515
7.20781e-10	-0.0283769
7.20909e-10	-0.0286025
7.21038e-10	-0.0288283
7.21166e-10	-0.0290543
7.21294e-10	-0.0292806
7.21423e-10	-0.0295071
7.21551e-10	-0.0297339
7.2168e-10	-0.0299609
7.21808e-10	-0.0301881
7.21937e-10	-0.0304155
7.22065e-10	-0.0306431
7.22193e-10	-0.030871
7.22322e-10	-0.0310991
7.2245e-10	-0.0313274
7.22579e-10	-0.031556
7.22707e-10	-0.0317848
7.22835e-10	-0.0320138
7.22964e-10	-0.032243
7.23092e-10	-0.0324724
7.23221e-10	-0.0327021
7.23349e-10	-0.032932
7.23478e-10	-0.0331621
7.23606e-10	-0.0333924
7.23734e-10	-0.0336229
7.23863e-10	-0.0338536
7.23991e-10	-0.0340846
7.2412e-10	-0.0343158
7.24248e-10	-0.0345472
7.24376e-10	-0.0347788
7.24505e-10	-0.0350106
7.24633e-10	-0.0352426
7.24762e-10	-0.0354748
7.2489e-10	-0.0357073
7.25018e-10	-0.0359399
7.25147e-10	-0.0361728
7.25275e-10	-0.0364059
7.25404e-10	-0.0366391
7.25532e-10	-0.0368726
7.25661e-10	-0.0371063
7.25789e-10	-0.0373402
7.25917e-10	-0.0375743
7.26046e-10	-0.0378086
7.26174e-10	-0.0380431
7.26303e-10	-0.0382778
7.26431e-10	-0.0385127
7.26559e-10	-0.0387478
7.26688e-10	-0.0389831
7.26816e-10	-0.0392186
7.26945e-10	-0.0394543
7.27073e-10	-0.0396902
7.27201e-10	-0.0399262
7.2733e-10	-0.0401625
7.27458e-10	-0.040399
7.27587e-10	-0.0406357
7.27715e-10	-0.0408725
7.27844e-10	-0.0411096
7.27972e-10	-0.0413468
7.281e-10	-0.0415842
7.28229e-10	-0.0418218
7.28357e-10	-0.0420597
7.28486e-10	-0.0422976
7.28614e-10	-0.0425358
7.28742e-10	-0.0427742
7.28871e-10	-0.0430127
7.28999e-10	-0.0432515
7.29128e-10	-0.0434904
7.29256e-10	-0.0437295
7.29384e-10	-0.0439688
7.29513e-10	-0.0442082
7.29641e-10	-0.0444479
7.2977e-10	-0.0446877
7.29898e-10	-0.0449277
7.30027e-10	-0.0451678
7.30155e-10	-0.0454082
7.30283e-10	-0.0456487
7.30412e-10	-0.0458894
7.3054e-10	-0.0461303
7.30669e-10	-0.0463713
7.30797e-10	-0.0466125
7.30925e-10	-0.0468539
7.31054e-10	-0.0470955
7.31182e-10	-0.0473372
7.31311e-10	-0.0475791
7.31439e-10	-0.0478212
7.31568e-10	-0.0480634
7.31696e-10	-0.0483058
7.31824e-10	-0.0485483
7.31953e-10	-0.0487911
7.32081e-10	-0.049034
7.3221e-10	-0.049277
7.32338e-10	-0.0495202
7.32466e-10	-0.0497636
7.32595e-10	-0.0500071
7.32723e-10	-0.0502508
7.32852e-10	-0.0504946
7.3298e-10	-0.0507386
7.33108e-10	-0.0509828
7.33237e-10	-0.0512271
7.33365e-10	-0.0514715
7.33494e-10	-0.0517162
7.33622e-10	-0.0519609
7.33751e-10	-0.0522058
7.33879e-10	-0.0524509
7.34007e-10	-0.0526961
7.34136e-10	-0.0529415
7.34264e-10	-0.053187
7.34393e-10	-0.0534327
7.34521e-10	-0.0536785
7.34649e-10	-0.0539244
7.34778e-10	-0.0541705
7.34906e-10	-0.0544167
7.35035e-10	-0.0546631
7.35163e-10	-0.0549096
7.35291e-10	-0.0551563
7.3542e-10	-0.0554031
7.35548e-10	-0.05565
7.35677e-10	-0.0558971
7.35805e-10	-0.0561443
7.35934e-10	-0.0563916
7.36062e-10	-0.0566391
7.3619e-10	-0.0568867
7.36319e-10	-0.0571344
7.36447e-10	-0.0573823
7.36576e-10	-0.0576303
7.36704e-10	-0.0578784
7.36832e-10	-0.0581267
7.36961e-10	-0.0583751
7.37089e-10	-0.0586236
7.37218e-10	-0.0588722
7.37346e-10	-0.059121
7.37474e-10	-0.0593699
7.37603e-10	-0.0596189
7.37731e-10	-0.059868
7.3786e-10	-0.0601172
7.37988e-10	-0.0603666
7.38117e-10	-0.0606161
7.38245e-10	-0.0608657
7.38373e-10	-0.0611154
7.38502e-10	-0.0613652
7.3863e-10	-0.0616152
7.38759e-10	-0.0618652
7.38887e-10	-0.0621154
7.39015e-10	-0.0623657
7.39144e-10	-0.0626161
7.39272e-10	-0.0628666
7.39401e-10	-0.0631172
7.39529e-10	-0.0633679
7.39658e-10	-0.0636187
7.39786e-10	-0.0638697
7.39914e-10	-0.0641207
7.40043e-10	-0.0643718
7.40171e-10	-0.0646231
7.403e-10	-0.0648744
7.40428e-10	-0.0651258
7.40556e-10	-0.0653774
7.40685e-10	-0.065629
7.40813e-10	-0.0658807
7.40942e-10	-0.0661326
7.4107e-10	-0.0663845
7.41198e-10	-0.0666365
7.41327e-10	-0.0668886
7.41455e-10	-0.0671408
7.41584e-10	-0.0673931
7.41712e-10	-0.0676455
7.41841e-10	-0.067898
7.41969e-10	-0.0681505
7.42097e-10	-0.0684032
7.42226e-10	-0.0686559
7.42354e-10	-0.0689087
7.42483e-10	-0.0691616
7.42611e-10	-0.0694146
7.42739e-10	-0.0696676
7.42868e-10	-0.0699208
7.42996e-10	-0.070174
7.43125e-10	-0.0704273
7.43253e-10	-0.0706806
7.43381e-10	-0.0709341
7.4351e-10	-0.0711876
7.43638e-10	-0.0714412
7.43767e-10	-0.0716949
7.43895e-10	-0.0719486
7.44024e-10	-0.0722024
7.44152e-10	-0.0724563
7.4428e-10	-0.0727102
7.44409e-10	-0.0729643
7.44537e-10	-0.0732183
7.44666e-10	-0.0734725
7.44794e-10	-0.0737267
7.44922e-10	-0.0739809
7.45051e-10	-0.0742353
7.45179e-10	-0.0744897
7.45308e-10	-0.0747441
7.45436e-10	-0.0749986
7.45564e-10	-0.0752532
7.45693e-10	-0.0755078
7.45821e-10	-0.0757625
7.4595e-10	-0.0760172
7.46078e-10	-0.076272
7.46207e-10	-0.0765268
7.46335e-10	-0.0767817
7.46463e-10	-0.0770366
7.46592e-10	-0.0772916
7.4672e-10	-0.0775467
7.46849e-10	-0.0778017
7.46977e-10	-0.0780568
7.47105e-10	-0.078312
7.47234e-10	-0.0785672
7.47362e-10	-0.0788225
7.47491e-10	-0.0790777
7.47619e-10	-0.0793331
7.47748e-10	-0.0795884
7.47876e-10	-0.0798438
7.48004e-10	-0.0800993
7.48133e-10	-0.0803547
7.48261e-10	-0.0806102
7.4839e-10	-0.0808658
7.48518e-10	-0.0811213
7.48646e-10	-0.0813769
7.48775e-10	-0.0816326
7.48903e-10	-0.0818882
7.49032e-10	-0.0821439
7.4916e-10	-0.0823996
7.49288e-10	-0.0826553
7.49417e-10	-0.0829111
7.49545e-10	-0.0831668
7.49674e-10	-0.0834226
7.49802e-10	-0.0836784
7.49931e-10	-0.0839343
7.50059e-10	-0.0841901
7.50187e-10	-0.084446
7.50316e-10	-0.0847018
7.50444e-10	-0.0849577
7.50573e-10	-0.0852136
7.50701e-10	-0.0854695
7.50829e-10	-0.0857255
7.50958e-10	-0.0859814
7.51086e-10	-0.0862373
7.51215e-10	-0.0864933
7.51343e-10	-0.0867492
7.51471e-10	-0.0870052
7.516e-10	-0.0872611
7.51728e-10	-0.0875171
7.51857e-10	-0.087773
7.51985e-10	-0.088029
7.52114e-10	-0.0882849
7.52242e-10	-0.0885409
7.5237e-10	-0.0887968
7.52499e-10	-0.0890528
7.52627e-10	-0.0893087
7.52756e-10	-0.0895646
7.52884e-10	-0.0898206
7.53012e-10	-0.0900765
7.53141e-10	-0.0903324
7.53269e-10	-0.0905882
7.53398e-10	-0.0908441
7.53526e-10	-0.0910999
7.53654e-10	-0.0913558
7.53783e-10	-0.0916116
7.53911e-10	-0.0918674
7.5404e-10	-0.0921232
7.54168e-10	-0.0923789
7.54297e-10	-0.0926347
7.54425e-10	-0.0928904
7.54553e-10	-0.093146
7.54682e-10	-0.0934017
7.5481e-10	-0.0936573
7.54939e-10	-0.0939129
7.55067e-10	-0.0941685
7.55195e-10	-0.094424
7.55324e-10	-0.0946795
7.55452e-10	-0.094935
7.55581e-10	-0.0951904
7.55709e-10	-0.0954458
7.55838e-10	-0.0957012
7.55966e-10	-0.0959565
7.56094e-10	-0.0962118
7.56223e-10	-0.096467
7.56351e-10	-0.0967222
7.5648e-10	-0.0969774
7.56608e-10	-0.0972325
7.56736e-10	-0.0974876
7.56865e-10	-0.0977426
7.56993e-10	-0.0979975
7.57122e-10	-0.0982524
7.5725e-10	-0.0985073
7.57378e-10	-0.0987621
7.57507e-10	-0.0990169
7.57635e-10	-0.0992716
7.57764e-10	-0.0995262
7.57892e-10	-0.0997808
7.58021e-10	-0.100035
7.58149e-10	-0.10029
7.58277e-10	-0.100544
7.58406e-10	-0.100799
7.58534e-10	-0.101053
7.58663e-10	-0.101307
7.58791e-10	-0.101561
7.58919e-10	-0.101815
7.59048e-10	-0.102069
7.59176e-10	-0.102323
7.59305e-10	-0.102577
7.59433e-10	-0.102831
7.59561e-10	-0.103085
7.5969e-10	-0.103338
7.59818e-10	-0.103592
7.59947e-10	-0.103845
7.60075e-10	-0.104099
7.60204e-10	-0.104352
7.60332e-10	-0.104605
7.6046e-10	-0.104858
7.60589e-10	-0.105111
7.60717e-10	-0.105364
7.60846e-10	-0.105617
7.60974e-10	-0.10587
7.61102e-10	-0.106123
7.61231e-10	-0.106375
7.61359e-10	-0.106628
7.61488e-10	-0.10688
7.61616e-10	-0.107133
7.61745e-10	-0.107385
7.61873e-10	-0.107637
7.62001e-10	-0.107889
7.6213e-10	-0.108141
7.62258e-10	-0.108393
7.62387e-10	-0.108645
7.62515e-10	-0.108896
7.62643e-10	-0.109148
7.62772e-10	-0.109399
7.629e-10	-0.10965
7.63029e-10	-0.109902
7.63157e-10	-0.110153
7.63285e-10	-0.110404
7.63414e-10	-0.110655
7.63542e-10	-0.110905
7.63671e-10	-0.111156
7.63799e-10	-0.111406
7.63928e-10	-0.111657
7.64056e-10	-0.111907
7.64184e-10	-0.112157
7.64313e-10	-0.112407
7.64441e-10	-0.112657
7.6457e-10	-0.112907
7.64698e-10	-0.113157
7.64826e-10	-0.113406
7.64955e-10	-0.113655
7.65083e-10	-0.113905
7.65212e-10	-0.114154
7.6534e-10	-0.114403
7.65468e-10	-0.114652
7.65597e-10	-0.1149
7.65725e-10	-0.115149
7.65854e-10	-0.115397
7.65982e-10	-0.115646
7.66111e-10	-0.115894
7.66239e-10	-0.116142
7.66367e-10	-0.11639
7.66496e-10	-0.116637
7.66624e-10	-0.116885
7.66753e-10	-0.117132
7.66881e-10	-0.11738
7.67009e-10	-0.117627
7.67138e-10	-0.117874
7.67266e-10	-0.11812
7.67395e-10	-0.118367
7.67523e-10	-0.118613
7.67651e-10	-0.11886
7.6778e-10	-0.119106
7.67908e-10	-0.119352
7.68037e-10	-0.119598
7.68165e-10	-0.119843
7.68294e-10	-0.120089
7.68422e-10	-0.120334
7.6855e-10	-0.120579
7.68679e-10	-0.120824
7.68807e-10	-0.121069
7.68936e-10	-0.121314
7.69064e-10	-0.121558
7.69192e-10	-0.121803
7.69321e-10	-0.122047
7.69449e-10	-0.122291
7.69578e-10	-0.122535
7.69706e-10	-0.122778
7.69835e-10	-0.123022
7.69963e-10	-0.123265
7.70091e-10	-0.123508
7.7022e-10	-0.123751
7.70348e-10	-0.123993
7.70477e-10	-0.124236
7.70605e-10	-0.124478
7.70733e-10	-0.12472
7.70862e-10	-0.124962
7.7099e-10	-0.125204
7.71119e-10	-0.125445
7.71247e-10	-0.125686
7.71375e-10	-0.125928
7.71504e-10	-0.126168
7.71632e-10	-0.126409
7.71761e-10	-0.12665
7.71889e-10	-0.12689
7.72018e-10	-0.12713
7.72146e-10	-0.12737
7.72274e-10	-0.127609
7.72403e-10	-0.127849
7.72531e-10	-0.128088
7.7266e-10	-0.128327
7.72788e-10	-0.128566
7.72916e-10	-0.128805
7.73045e-10	-0.129043
7.73173e-10	-0.129281
7.73302e-10	-0.129519
7.7343e-10	-0.129757
7.73558e-10	-0.129994
7.73687e-10	-0.130231
7.73815e-10	-0.130468
7.73944e-10	-0.130705
7.74072e-10	-0.130942
7.74201e-10	-0.131178
7.74329e-10	-0.131414
7.74457e-10	-0.13165
7.74586e-10	-0.131886
7.74714e-10	-0.132121
7.74843e-10	-0.132356
7.74971e-10	-0.132591
7.75099e-10	-0.132826
7.75228e-10	-0.13306
7.75356e-10	-0.133295
7.75485e-10	-0.133528
7.75613e-10	-0.133762
7.75741e-10	-0.133996
7.7587e-10	-0.134229
7.75998e-10	-0.134462
7.76127e-10	-0.134694
7.76255e-10	-0.134927
7.76384e-10	-0.135159
7.76512e-10	-0.135391
7.7664e-10	-0.135623
7.76769e-10	-0.135854
7.76897e-10	-0.136085
7.77026e-10	-0.136316
7.77154e-10	-0.136547
7.77282e-10	-0.136777
7.77411e-10	-0.137007
7.77539e-10	-0.137237
7.77668e-10	-0.137467
7.77796e-10	-0.137696
7.77925e-10	-0.137925
7.78053e-10	-0.138154
7.78181e-10	-0.138382
7.7831e-10	-0.13861
7.78438e-10	-0.138838
7.78567e-10	-0.139066
7.78695e-10	-0.139293
7.78823e-10	-0.13952
7.78952e-10	-0.139747
7.7908e-10	-0.139973
7.79209e-10	-0.1402
7.79337e-10	-0.140425
7.79465e-10	-0.140651
7.79594e-10	-0.140876
7.79722e-10	-0.141101
7.79851e-10	-0.141326
7.79979e-10	-0.141551
7.80108e-10	-0.141775
7.80236e-10	-0.141999
7.80364e-10	-0.142222
7.80493e-10	-0.142445
7.80621e-10	-0.142668
7.8075e-10	-0.142891
7.80878e-10	-0.143113
7.81006e-10	-0.143335
7.81135e-10	-0.143557
7.81263e-10	-0.143778
7.81392e-10	-0.143999
7.8152e-10	-0.14422
7.81648e-10	-0.144441
7.81777e-10	-0.144661
7.81905e-10	-0.14488
7.82034e-10	-0.1451
7.82162e-10	-0.145319
7.82291e-10	-0.145538
7.82419e-10	-0.145756
7.82547e-10	-0.145975
7.82676e-10	-0.146193
7.82804e-10	-0.14641
7.82933e-10	-0.146627
7.83061e-10	-0.146844
7.83189e-10	-0.147061
7.83318e-10	-0.147277
7.83446e-10	-0.147493
7.83575e-10	-0.147708
7.83703e-10	-0.147924
7.83831e-10	-0.148138
7.8396e-10	-0.148353
7.84088e-10	-0.148567
7.84217e-10	-0.148781
7.84345e-10	-0.148994
7.84474e-10	-0.149207
7.84602e-10	-0.14942
7.8473e-10	-0.149633
7.84859e-10	-0.149845
7.84987e-10	-0.150056
7.85116e-10	-0.150268
7.85244e-10	-0.150479
7.85372e-10	-0.150689
7.85501e-10	-0.1509
7.85629e-10	-0.15111
7.85758e-10	-0.151319
7.85886e-10	-0.151528
7.86015e-10	-0.151737
7.86143e-10	-0.151946
7.86271e-10	-0.152154
7.864e-10	-0.152362
7.86528e-10	-0.152569
7.86657e-10	-0.152776
7.86785e-10	-0.152983
7.86913e-10	-0.153189
7.87042e-10	-0.153395
7.8717e-10	-0.1536
7.87299e-10	-0.153805
7.87427e-10	-0.15401
7.87555e-10	-0.154214
7.87684e-10	-0.154418
7.87812e-10	-0.154622
7.87941e-10	-0.154825
7.88069e-10	-0.155028
7.88198e-10	-0.15523
7.88326e-10	-0.155432
7.88454e-10	-0.155634
7.88583e-10	-0.155835
7.88711e-10	-0.156036
7.8884e-10	-0.156236
7.88968e-10	-0.156436
7.89096e-10	-0.156636
7.89225e-10	-0.156835
7.89353e-10	-0.157034
7.89482e-10	-0.157232
7.8961e-10	-0.15743
7.89738e-10	-0.157627
7.89867e-10	-0.157825
7.89995e-10	-0.158021
7.90124e-10	-0.158218
7.90252e-10	-0.158414
7.90381e-10	-0.158609
7.90509e-10	-0.158804
7.90637e-10	-0.158999
7.90766e-10	-0.159193
7.90894e-10	-0.159387
7.91023e-10	-0.15958
7.91151e-10	-0.159773
7.91279e-10	-0.159966
7.91408e-10	-0.160158
7.91536e-10	-0.16035
7.91665e-10	-0.160541
7.91793e-10	-0.160732
7.91922e-10	-0.160922
7.9205e-10	-0.161112
7.92178e-10	-0.161302
7.92307e-10	-0.161491
7.92435e-10	-0.161679
7.92564e-10	-0.161867
7.92692e-10	-0.162055
7.9282e-10	-0.162243
7.92949e-10	-0.162429
7.93077e-10	-0.162616
7.93206e-10	-0.162802
7.93334e-10	-0.162987
7.93462e-10	-0.163172
7.93591e-10	-0.163357
7.93719e-10	-0.163541
7.93848e-10	-0.163725
7.93976e-10	-0.163908
7.94105e-10	-0.164091
7.94233e-10	-0.164273
7.94361e-10	-0.164455
7.9449e-10	-0.164636
7.94618e-10	-0.164817
7.94747e-10	-0.164998
7.94875e-10	-0.165178
7.95003e-10	-0.165357
7.95132e-10	-0.165536
7.9526e-10	-0.165715
7.95389e-10	-0.165893
7.95517e-10	-0.16607
7.95645e-10	-0.166248
7.95774e-10	-0.166424
7.95902e-10	-0.1666
7.96031e-10	-0.166776
7.96159e-10	-0.166951
7.96288e-10	-0.167126
7.96416e-10	-0.1673
7.96544e-10	-0.167474
7.96673e-10	-0.167647
7.96801e-10	-0.16782
7.9693e-10	-0.167992
7.97058e-10	-0.168164
7.97186e-10	-0.168335
7.97315e-10	-0.168506
7.97443e-10	-0.168676
7.97572e-10	-0.168846
7.977e-10	-0.169016
7.97828e-10	-0.169184
7.97957e-10	-0.169353
7.98085e-10	-0.16952
7.98214e-10	-0.169688
7.98342e-10	-0.169854
7.98471e-10	-0.170021
7.98599e-10	-0.170186
7.98727e-10	-0.170352
7.98856e-10	-0.170516
7.98984e-10	-0.170681
7.99113e-10	-0.170844
7.99241e-10	-0.171007
7.99369e-10	-0.17117
7.99498e-10	-0.171332
7.99626e-10	-0.171494
7.99755e-10	-0.171655
7.99883e-10	-0.171815
8.00012e-10	-0.171975
8.0014e-10	-0.172135
8.00268e-10	-0.172294
8.00397e-10	-0.172452
8.00525e-10	-0.17261
8.00654e-10	-0.172767
8.00782e-10	-0.172924
8.0091e-10	-0.173081
8.01039e-10	-0.173236
8.01167e-10	-0.173391
8.01296e-10	-0.173546
8.01424e-10	-0.1737
8.01552e-10	-0.173854
8.01681e-10	-0.174007
8.01809e-10	-0.174159
8.01938e-10	-0.174311
8.02066e-10	-0.174463
8.02195e-10	-0.174613
8.02323e-10	-0.174764
8.02451e-10	-0.174913
8.0258e-10	-0.175062
8.02708e-10	-0.175211
8.02837e-10	-0.175359
8.02965e-10	-0.175507
8.03093e-10	-0.175653
8.03222e-10	-0.1758
8.0335e-10	-0.175946
8.03479e-10	-0.176091
8.03607e-10	-0.176235
8.03735e-10	-0.176379
8.03864e-10	-0.176523
8.03992e-10	-0.176666
8.04121e-10	-0.176808
8.04249e-10	-0.17695
8.04378e-10	-0.177091
8.04506e-10	-0.177232
8.04634e-10	-0.177372
8.04763e-10	-0.177511
8.04891e-10	-0.17765
8.0502e-10	-0.177788
8.05148e-10	-0.177926
8.05276e-10	-0.178063
8.05405e-10	-0.1782
8.05533e-10	-0.178336
8.05662e-10	-0.178471
8.0579e-10	-0.178606
8.05918e-10	-0.17874
8.06047e-10	-0.178874
8.06175e-10	-0.179006
8.06304e-10	-0.179139
8.06432e-10	-0.179271
8.06561e-10	-0.179402
8.06689e-10	-0.179532
8.06817e-10	-0.179662
8.06946e-10	-0.179792
8.07074e-10	-0.17992
8.07203e-10	-0.180048
8.07331e-10	-0.180176
8.07459e-10	-0.180303
8.07588e-10	-0.180429
8.07716e-10	-0.180555
8.07845e-10	-0.18068
8.07973e-10	-0.180804
8.08102e-10	-0.180928
8.0823e-10	-0.181051
8.08358e-10	-0.181174
8.08487e-10	-0.181296
8.08615e-10	-0.181417
8.08744e-10	-0.181538
8.08872e-10	-0.181658
8.09e-10	-0.181777
8.09129e-10	-0.181896
8.09257e-10	-0.182014
8.09386e-10	-0.182132
8.09514e-10	-0.182249
8.09642e-10	-0.182365
8.09771e-10	-0.182481
8.09899e-10	-0.182596
8.10028e-10	-0.18271
8.10156e-10	-0.182824
8.10285e-10	-0.182937
8.10413e-10	-0.183049
8.10541e-10	-0.183161
8.1067e-10	-0.183272
8.10798e-10	-0.183383
8.10927e-10	-0.183493
8.11055e-10	-0.183602
8.11183e-10	-0.183711
8.11312e-10	-0.183818
8.1144e-10	-0.183926
8.11569e-10	-0.184032
8.11697e-10	-0.184138
8.11825e-10	-0.184243
8.11954e-10	-0.184348
8.12082e-10	-0.184452
8.12211e-10	-0.184555
8.12339e-10	-0.184658
8.12468e-10	-0.18476
8.12596e-10	-0.184861
8.12724e-10	-0.184962
8.12853e-10	-0.185062
8.12981e-10	-0.185161
8.1311e-10	-0.185259
8.13238e-10	-0.185357
8.13366e-10	-0.185455
8.13495e-10	-0.185551
8.13623e-10	-0.185647
8.13752e-10	-0.185742
8.1388e-10	-0.185837
8.14008e-10	-0.185931
8.14137e-10	-0.186024
8.14265e-10	-0.186116
8.14394e-10	-0.186208
8.14522e-10	-0.186299
8.14651e-10	-0.18639
8.14779e-10	-0.186479
8.14907e-10	-0.186568
8.15036e-10	-0.186657
8.15164e-10	-0.186744
8.15293e-10	-0.186831
8.15421e-10	-0.186917
8.15549e-10	-0.187003
8.15678e-10	-0.187088
8.15806e-10	-0.187172
8.15935e-10	-0.187255
8.16063e-10	-0.187338
8.16192e-10	-0.18742
8.1632e-10	-0.187502
8.16448e-10	-0.187582
8.16577e-10	-0.187662
8.16705e-10	-0.187741
8.16834e-10	-0.18782
8.16962e-10	-0.187898
8.1709e-10	-0.187975
8.17219e-10	-0.188051
8.17347e-10	-0.188127
8.17476e-10	-0.188201
8.17604e-10	-0.188276
8.17732e-10	-0.188349
8.17861e-10	-0.188422
8.17989e-10	-0.188494
8.18118e-10	-0.188565
8.18246e-10	-0.188636
8.18375e-10	-0.188706
8.18503e-10	-0.188775
8.18631e-10	-0.188843
8.1876e-10	-0.188911
8.18888e-10	-0.188978
8.19017e-10	-0.189044
8.19145e-10	-0.189109
8.19273e-10	-0.189174
8.19402e-10	-0.189238
8.1953e-10	-0.189301
8.19659e-10	-0.189364
8.19787e-10	-0.189425
8.19915e-10	-0.189486
8.20044e-10	-0.189547
8.20172e-10	-0.189606
8.20301e-10	-0.189665
8.20429e-10	-0.189723
8.20558e-10	-0.18978
8.20686e-10	-0.189837
8.20814e-10	-0.189892
8.20943e-10	-0.189947
8.21071e-10	-0.190002
8.212e-10	-0.190055
8.21328e-10	-0.190108
8.21456e-10	-0.19016
8.21585e-10	-0.190211
8.21713e-10	-0.190262
8.21842e-10	-0.190311
8.2197e-10	-0.19036
8.22099e-10	-0.190408
8.22227e-10	-0.190456
8.22355e-10	-0.190502
8.22484e-10	-0.190548
8.22612e-10	-0.190593
8.22741e-10	-0.190638
8.22869e-10	-0.190681
8.22997e-10	-0.190724
8.23126e-10	-0.190766
8.23254e-10	-0.190807
8.23383e-10	-0.190848
8.23511e-10	-0.190887
8.23639e-10	-0.190926
8.23768e-10	-0.190965
8.23896e-10	-0.191002
8.24025e-10	-0.191038
8.24153e-10	-0.191074
8.24282e-10	-0.191109
8.2441e-10	-0.191143
8.24538e-10	-0.191177
8.24667e-10	-0.191209
8.24795e-10	-0.191241
8.24924e-10	-0.191272
8.25052e-10	-0.191303
8.2518e-10	-0.191332
8.25309e-10	-0.191361
8.25437e-10	-0.191389
8.25566e-10	-0.191416
8.25694e-10	-0.191442
8.25822e-10	-0.191467
8.25951e-10	-0.191492
8.26079e-10	-0.191516
8.26208e-10	-0.191539
8.26336e-10	-0.191561
8.26465e-10	-0.191583
8.26593e-10	-0.191603
8.26721e-10	-0.191623
8.2685e-10	-0.191642
8.26978e-10	-0.19166
8.27107e-10	-0.191678
8.27235e-10	-0.191694
8.27363e-10	-0.19171
8.27492e-10	-0.191725
8.2762e-10	-0.191739
8.27749e-10	-0.191753
8.27877e-10	-0.191765
8.28005e-10	-0.191777
8.28134e-10	-0.191788
8.28262e-10	-0.191798
8.28391e-10	-0.191807
8.28519e-10	-0.191815
8.28648e-10	-0.191823
8.28776e-10	-0.19183
8.28904e-10	-0.191836
8.29033e-10	-0.191841
8.29161e-10	-0.191845
8.2929e-10	-0.191849
8.29418e-10	-0.191851
8.29546e-10	-0.191853
8.29675e-10	-0.191854
8.29803e-10	-0.191854
8.29932e-10	-0.191853
8.3006e-10	-0.191852
8.30189e-10	-0.191849
8.30317e-10	-0.191846
8.30445e-10	-0.191842
8.30574e-10	-0.191837
8.30702e-10	-0.191831
8.30831e-10	-0.191825
8.30959e-10	-0.191817
8.31087e-10	-0.191809
8.31216e-10	-0.1918
8.31344e-10	-0.19179
8.31473e-10	-0.191779
8.31601e-10	-0.191767
8.31729e-10	-0.191755
8.31858e-10	-0.191741
8.31986e-10	-0.191727
8.32115e-10	-0.191712
8.32243e-10	-0.191696
8.32372e-10	-0.191679
8.325e-10	-0.191662
8.32628e-10	-0.191643
8.32757e-10	-0.191624
8.32885e-10	-0.191603
8.33014e-10	-0.191582
8.33142e-10	-0.19156
8.3327e-10	-0.191538
8.33399e-10	-0.191514
8.33527e-10	-0.191489
8.33656e-10	-0.191464
8.33784e-10	-0.191438
8.33912e-10	-0.19141
8.34041e-10	-0.191382
8.34169e-10	-0.191353
8.34298e-10	-0.191324
8.34426e-10	-0.191293
8.34555e-10	-0.191261
8.34683e-10	-0.191229
8.34811e-10	-0.191196
8.3494e-10	-0.191162
8.35068e-10	-0.191127
8.35197e-10	-0.191091
8.35325e-10	-0.191054
8.35453e-10	-0.191016
8.35582e-10	-0.190978
8.3571e-10	-0.190938
8.35839e-10	-0.190898
8.35967e-10	-0.190857
8.36095e-10	-0.190815
8.36224e-10	-0.190772
8.36352e-10	-0.190728
8.36481e-10	-0.190683
8.36609e-10	-0.190637
8.36738e-10	-0.190591
8.36866e-10	-0.190543
8.36994e-10	-0.190495
8.37123e-10	-0.190446
8.37251e-10	-0.190396
8.3738e-10	-0.190345
8.37508e-10	-0.190293
8.37636e-10	-0.19024
8.37765e-10	-0.190187
8.37893e-10	-0.190132
8.38022e-10	-0.190076
8.3815e-10	-0.19002
8.38279e-10	-0.189963
8.38407e-10	-0.189905
8.38535e-10	-0.189846
8.38664e-10	-0.189786
8.38792e-10	-0.189725
8.38921e-10	-0.189663
8.39049e-10	-0.1896
8.39177e-10	-0.189537
8.39306e-10	-0.189472
8.39434e-10	-0.189407
8.39563e-10	-0.18934
8.39691e-10	-0.189273
8.39819e-10	-0.189205
8.39948e-10	-0.189136
8.40076e-10	-0.189066
8.40205e-10	-0.188995
8.40333e-10	-0.188923
8.40462e-10	-0.18885
8.4059e-10	-0.188777
8.40718e-10	-0.188702
8.40847e-10	-0.188626
8.40975e-10	-0.18855
8.41104e-10	-0.188473
8.41232e-10	-0.188395
8.4136e-10	-0.188315
8.41489e-10	-0.188235
8.41617e-10	-0.188154
8.41746e-10	-0.188072
8.41874e-10	-0.187989
8.42002e-10	-0.187906
8.42131e-10	-0.187821
8.42259e-10	-0.187735
8.42388e-10	-0.187649
8.42516e-10	-0.187561
8.42645e-10	-0.187473
8.42773e-10	-0.187383
8.42901e-10	-0.187293
8.4303e-10	-0.187202
8.43158e-10	-0.18711
8.43287e-10	-0.187016
8.43415e-10	-0.186922
8.43543e-10	-0.186827
8.43672e-10	-0.186732
8.438e-10	-0.186635
8.43929e-10	-0.186537
8.44057e-10	-0.186438
8.44185e-10	-0.186338
8.44314e-10	-0.186238
8.44442e-10	-0.186136
8.44571e-10	-0.186034
8.44699e-10	-0.18593
8.44828e-10	-0.185826
8.44956e-10	-0.185721
8.45084e-10	-0.185614
8.45213e-10	-0.185507
8.45341e-10	-0.185399
8.4547e-10	-0.18529
8.45598e-10	-0.18518
8.45726e-10	-0.185069
8.45855e-10	-0.184957
8.45983e-10	-0.184844
8.46112e-10	-0.18473
8.4624e-10	-0.184615
8.46369e-10	-0.1845
8.46497e-10	-0.184383
8.46625e-10	-0.184265
8.46754e-10	-0.184147
8.46882e-10	-0.184027
8.47011e-10	-0.183907
8.47139e-10	-0.183785
8.47267e-10	-0.183663
8.47396e-10	-0.183539
8.47524e-10	-0.183415
8.47653e-10	-0.18329
8.47781e-10	-0.183163
8.47909e-10	-0.183036
8.48038e-10	-0.182908
8.48166e-10	-0.182779
8.48295e-10	-0.182649
8.48423e-10	-0.182518
8.48552e-10	-0.182386
8.4868e-10	-0.182253
8.48808e-10	-0.182119
8.48937e-10	-0.181984
8.49065e-10	-0.181848
8.49194e-10	-0.181711
8.49322e-10	-0.181573
8.4945e-10	-0.181435
8.49579e-10	-0.181295
8.49707e-10	-0.181154
8.49836e-10	-0.181012
8.49964e-10	-0.18087
8.50092e-10	-0.180726
8.50221e-10	-0.180581
8.50349e-10	-0.180436
8.50478e-10	-0.180289
8.50606e-10	-0.180142
8.50735e-10	-0.179993
8.50863e-10	-0.179844
8.50991e-10	-0.179693
8.5112e-10	-0.179542
8.51248e-10	-0.17939
8.51377e-10	-0.179236
8.51505e-10	-0.179082
8.51633e-10	-0.178927
8.51762e-10	-0.17877
8.5189e-10	-0.178613
8.52019e-10	-0.178455
8.52147e-10	-0.178296
8.52276e-10	-0.178135
8.52404e-10	-0.177974
8.52532e-10	-0.177812
8.52661e-10	-0.177649
8.52789e-10	-0.177485
8.52918e-10	-0.17732
8.53046e-10	-0.177154
8.53174e-10	-0.176986
8.53303e-10	-0.176818
8.53431e-10	-0.176649
8.5356e-10	-0.176479
8.53688e-10	-0.176308
8.53816e-10	-0.176136
8.53945e-10	-0.175963
8.54073e-10	-0.175789
8.54202e-10	-0.175614
8.5433e-10	-0.175438
8.54459e-10	-0.175261
8.54587e-10	-0.175084
8.54715e-10	-0.174905
8.54844e-10	-0.174725
8.54972e-10	-0.174544
8.55101e-10	-0.174362
8.55229e-10	-0.174179
8.55357e-10	-0.173995
8.55486e-10	-0.17381
8.55614e-10	-0.173625
8.55743e-10	-0.173438
8.55871e-10	-0.17325
8.55999e-10	-0.173061
8.56128e-10	-0.172871
8.56256e-10	-0.172681
8.56385e-10	-0.172489
8.56513e-10	-0.172296
8.56642e-10	-0.172102
8.5677e-10	-0.171907
8.56898e-10	-0.171712
8.57027e-10	-0.171515
8.57155e-10	-0.171317
8.57284e-10	-0.171118
8.57412e-10	-0.170919
8.5754e-10	-0.170718
8.57669e-10	-0.170516
8.57797e-10	-0.170313
8.57926e-10	-0.17011
8.58054e-10	-0.169905
8.58182e-10	-0.169699
8.58311e-10	-0.169492
8.58439e-10	-0.169285
8.58568e-10	-0.169076
8.58696e-10	-0.168866
8.58825e-10	-0.168655
8.58953e-10	-0.168444
8.59081e-10	-0.168231
8.5921e-10	-0.168017
8.59338e-10	-0.167802
8.59467e-10	-0.167587
8.59595e-10	-0.16737
8.59723e-10	-0.167152
8.59852e-10	-0.166934
8.5998e-10	-0.166714
8.60109e-10	-0.166493
8.60237e-10	-0.166271
8.60366e-10	-0.166048
8.60494e-10	-0.165825
8.60622e-10	-0.1656
8.60751e-10	-0.165374
8.60879e-10	-0.165147
8.61008e-10	-0.16492
8.61136e-10	-0.164691
8.61264e-10	-0.164461
8.61393e-10	-0.16423
8.61521e-10	-0.163998
8.6165e-10	-0.163766
8.61778e-10	-0.163532
8.61906e-10	-0.163297
8.62035e-10	-0.163061
8.62163e-10	-0.162824
8.62292e-10	-0.162587
8.6242e-10	-0.162348
8.62549e-10	-0.162108
8.62677e-10	-0.161867
8.62805e-10	-0.161625
8.62934e-10	-0.161382
8.63062e-10	-0.161138
8.63191e-10	-0.160894
8.63319e-10	-0.160648
8.63447e-10	-0.160401
8.63576e-10	-0.160153
8.63704e-10	-0.159904
8.63833e-10	-0.159654
8.63961e-10	-0.159403
8.64089e-10	-0.159151
8.64218e-10	-0.158898
8.64346e-10	-0.158644
8.64475e-10	-0.158389
8.64603e-10	-0.158133
8.64732e-10	-0.157876
8.6486e-10	-0.157618
8.64988e-10	-0.157359
8.65117e-10	-0.157099
8.65245e-10	-0.156838
8.65374e-10	-0.156576
8.65502e-10	-0.156313
8.6563e-10	-0.156049
8.65759e-10	-0.155784
8.65887e-10	-0.155518
8.66016e-10	-0.155251
8.66144e-10	-0.154983
8.66272e-10	-0.154714
8.66401e-10	-0.154444
8.66529e-10	-0.154173
8.66658e-10	-0.153901
8.66786e-10	-0.153628
8.66915e-10	-0.153353
8.67043e-10	-0.153078
8.67171e-10	-0.152802
8.673e-10	-0.152525
8.67428e-10	-0.152247
8.67557e-10	-0.151968
8.67685e-10	-0.151688
8.67813e-10	-0.151406
8.67942e-10	-0.151124
8.6807e-10	-0.150841
8.68199e-10	-0.150557
8.68327e-10	-0.150271
8.68456e-10	-0.149985
8.68584e-10	-0.149698
8.68712e-10	-0.14941
8.68841e-10	-0.14912
8.68969e-10	-0.14883
8.69098e-10	-0.148539
8.69226e-10	-0.148247
8.69354e-10	-0.147953
8.69483e-10	-0.147659
8.69611e-10	-0.147364
8.6974e-10	-0.147067
8.69868e-10	-0.14677
8.69996e-10	-0.146472
8.70125e-10	-0.146172
8.70253e-10	-0.145872
8.70382e-10	-0.145571
8.7051e-10	-0.145268
8.70639e-10	-0.144965
8.70767e-10	-0.14466
8.70895e-10	-0.144355
8.71024e-10	-0.144049
8.71152e-10	-0.143741
8.71281e-10	-0.143433
8.71409e-10	-0.143123
8.71537e-10	-0.142813
8.71666e-10	-0.142502
8.71794e-10	-0.142189
8.71923e-10	-0.141876
8.72051e-10	-0.141561
8.72179e-10	-0.141246
8.72308e-10	-0.140929
8.72436e-10	-0.140612
8.72565e-10	-0.140293
8.72693e-10	-0.139974
8.72822e-10	-0.139653
8.7295e-10	-0.139332
8.73078e-10	-0.139009
8.73207e-10	-0.138686
8.73335e-10	-0.138361
8.73464e-10	-0.138036
8.73592e-10	-0.137709
8.7372e-10	-0.137382
8.73849e-10	-0.137053
8.73977e-10	-0.136724
8.74106e-10	-0.136393
8.74234e-10	-0.136062
8.74362e-10	-0.135729
8.74491e-10	-0.135396
8.74619e-10	-0.135061
8.74748e-10	-0.134726
8.74876e-10	-0.134389
8.75005e-10	-0.134052
8.75133e-10	-0.133713
8.75261e-10	-0.133374
8.7539e-10	-0.133033
8.75518e-10	-0.132692
8.75647e-10	-0.132349
8.75775e-10	-0.132006
8.75903e-10	-0.131661
8.76032e-10	-0.131316
8.7616e-10	-0.130969
8.76289e-10	-0.130622
8.76417e-10	-0.130273
8.76546e-10	-0.129924
8.76674e-10	-0.129573
8.76802e-10	-0.129222
8.76931e-10	-0.128869
8.77059e-10	-0.128516
8.77188e-10	-0.128161
8.77316e-10	-0.127806
8.77444e-10	-0.127449
8.77573e-10	-0.127092
8.77701e-10	-0.126734
8.7783e-10	-0.126374
8.77958e-10	-0.126014
8.78086e-10	-0.125652
8.78215e-10	-0.12529
8.78343e-10	-0.124927
8.78472e-10	-0.124562
8.786e-10	-0.124197
8.78729e-10	-0.12383
8.78857e-10	-0.123463
8.78985e-10	-0.123095
8.79114e-10	-0.122725
8.79242e-10	-0.122355
8.79371e-10	-0.121984
8.79499e-10	-0.121612
8.79627e-10	-0.121238
8.79756e-10	-0.120864
8.79884e-10	-0.120489
8.80013e-10	-0.120113
8.80141e-10	-0.119736
8.80269e-10	-0.119357
8.80398e-10	-0.118978
8.80526e-10	-0.118598
8.80655e-10	-0.118217
8.80783e-10	-0.117835
8.80912e-10	-0.117452
8.8104e-10	-0.117068
8.81168e-10	-0.116683
8.81297e-10	-0.116297
8.81425e-10	-0.11591
8.81554e-10	-0.115522
8.81682e-10	-0.115133
8.8181e-10	-0.114743
8.81939e-10	-0.114352
8.82067e-10	-0.11396
8.82196e-10	-0.113567
8.82324e-10	-0.113173
8.82452e-10	-0.112779
8.82581e-10	-0.112383
8.82709e-10	-0.111986
8.82838e-10	-0.111588
8.82966e-10	-0.11119
8.83095e-10	-0.11079
8.83223e-10	-0.110389
8.83351e-10	-0.109988
8.8348e-10	-0.109585
8.83608e-10	-0.109182
8.83737e-10	-0.108777
8.83865e-10	-0.108372
8.83993e-10	-0.107965
8.84122e-10	-0.107558
8.8425e-10	-0.10715
8.84379e-10	-0.10674
8.84507e-10	-0.10633
8.84636e-10	-0.105919
8.84764e-10	-0.105507
8.84892e-10	-0.105094
8.85021e-10	-0.104679
8.85149e-10	-0.104264
8.85278e-10	-0.103848
8.85406e-10	-0.103431
8.85534e-10	-0.103013
8.85663e-10	-0.102594
8.85791e-10	-0.102175
8.8592e-10	-0.101754
8.86048e-10	-0.101332
8.86176e-10	-0.100909
8.86305e-10	-0.100486
8.86433e-10	-0.100061
8.86562e-10	-0.0996355
8.8669e-10	-0.0992089
8.86819e-10	-0.0987815
8.86947e-10	-0.098353
8.87075e-10	-0.0979237
8.87204e-10	-0.0974934
8.87332e-10	-0.0970621
8.87461e-10	-0.0966299
8.87589e-10	-0.0961968
8.87717e-10	-0.0957627
8.87846e-10	-0.0953277
8.87974e-10	-0.0948917
8.88103e-10	-0.0944548
8.88231e-10	-0.0940169
8.88359e-10	-0.0935781
8.88488e-10	-0.0931384
8.88616e-10	-0.0926977
8.88745e-10	-0.0922561
8.88873e-10	-0.0918136
8.89002e-10	-0.0913701
8.8913e-10	-0.0909257
8.89258e-10	-0.0904804
8.89387e-10	-0.0900341
8.89515e-10	-0.0895869
8.89644e-10	-0.0891388
8.89772e-10	-0.0886897
8.899e-10	-0.0882397
8.90029e-10	-0.0877888
8.90157e-10	-0.087337
8.90286e-10	-0.0868842
8.90414e-10	-0.0864305
8.90543e-10	-0.0859759
8.90671e-10	-0.0855203
8.90799e-10	-0.0850639
8.90928e-10	-0.0846065
8.91056e-10	-0.0841482
8.91185e-10	-0.083689
8.91313e-10	-0.0832289
8.91441e-10	-0.0827678
8.9157e-10	-0.0823058
8.91698e-10	-0.081843
8.91827e-10	-0.0813792
8.91955e-10	-0.0809145
8.92083e-10	-0.0804488
8.92212e-10	-0.0799823
8.9234e-10	-0.0795149
8.92469e-10	-0.0790465
8.92597e-10	-0.0785773
8.92726e-10	-0.0781071
8.92854e-10	-0.077636
8.92982e-10	-0.0771641
8.93111e-10	-0.0766912
8.93239e-10	-0.0762174
8.93368e-10	-0.0757427
8.93496e-10	-0.0752672
8.93624e-10	-0.0747907
8.93753e-10	-0.0743133
8.93881e-10	-0.073835
8.9401e-10	-0.0733559
8.94138e-10	-0.0728758
8.94266e-10	-0.0723949
8.94395e-10	-0.071913
8.94523e-10	-0.0714303
8.94652e-10	-0.0709467
8.9478e-10	-0.0704621
8.94909e-10	-0.0699767
8.95037e-10	-0.0694904
8.95165e-10	-0.0690033
8.95294e-10	-0.0685152
8.95422e-10	-0.0680263
8.95551e-10	-0.0675364
8.95679e-10	-0.0670457
8.95807e-10	-0.0665542
8.95936e-10	-0.0660617
8.96064e-10	-0.0655684
8.96193e-10	-0.0650741
8.96321e-10	-0.064579
8.96449e-10	-0.0640831
8.96578e-10	-0.0635862
8.96706e-10	-0.0630885
8.96835e-10	-0.06259
8.96963e-10	-0.0620905
8.97092e-10	-0.0615902
8.9722e-10	-0.061089
8.97348e-10	-0.060587
8.97477e-10	-0.0600841
8.97605e-10	-0.0595803
8.97734e-10	-0.0590756
8.97862e-10	-0.0585702
8.9799e-10	-0.0580638
8.98119e-10	-0.0575566
8.98247e-10	-0.0570485
8.98376e-10	-0.0565396
8.98504e-10	-0.0560298
8.98633e-10	-0.0555192
8.98761e-10	-0.0550077
8.98889e-10	-0.0544954
8.99018e-10	-0.0539822
8.99146e-10	-0.0534682
8.99275e-10	-0.0529533
8.99403e-10	-0.0524376
8.99531e-10	-0.0519211
8.9966e-10	-0.0514037
8.99788e-10	-0.0508855
8.99917e-10	-0.0503664
9.00045e-10	-0.0498465
9.00173e-10	-0.0493257
9.00302e-10	-0.0488041
9.0043e-10	-0.0482817
9.00559e-10	-0.0477585
9.00687e-10	-0.0472344
9.00816e-10	-0.0467095
9.00944e-10	-0.0461837
9.01072e-10	-0.0456572
9.01201e-10	-0.0451298
9.01329e-10	-0.0446016
9.01458e-10	-0.0440725
9.01586e-10	-0.0435427
9.01714e-10	-0.043012
9.01843e-10	-0.0424805
9.01971e-10	-0.0419482
9.021e-10	-0.0414151
9.02228e-10	-0.0408812
9.02356e-10	-0.0403464
9.02485e-10	-0.0398109
9.02613e-10	-0.0392745
9.02742e-10	-0.0387373
9.0287e-10	-0.0381993
9.02999e-10	-0.0376605
9.03127e-10	-0.0371209
9.03255e-10	-0.0365806
9.03384e-10	-0.0360394
9.03512e-10	-0.0354974
9.03641e-10	-0.0349546
9.03769e-10	-0.034411
9.03897e-10	-0.0338666
9.04026e-10	-0.0333215
9.04154e-10	-0.0327755
9.04283e-10	-0.0322287
9.04411e-10	-0.0316812
9.04539e-10	-0.0311329
9.04668e-10	-0.0305838
9.04796e-10	-0.0300339
9.04925e-10	-0.0294832
9.05053e-10	-0.0289317
9.05182e-10	-0.0283795
9.0531e-10	-0.0278265
9.05438e-10	-0.0272727
9.05567e-10	-0.0267182
9.05695e-10	-0.0261628
9.05824e-10	-0.0256067
9.05952e-10	-0.0250498
9.0608e-10	-0.0244922
9.06209e-10	-0.0239338
9.06337e-10	-0.0233746
9.06466e-10	-0.0228147
9.06594e-10	-0.022254
9.06723e-10	-0.0216926
9.06851e-10	-0.0211303
9.06979e-10	-0.0205674
9.07108e-10	-0.0200037
9.07236e-10	-0.0194392
9.07365e-10	-0.018874
9.07493e-10	-0.018308
9.07621e-10	-0.0177413
9.0775e-10	-0.0171738
9.07878e-10	-0.0166056
9.08007e-10	-0.0160367
9.08135e-10	-0.015467
9.08263e-10	-0.0148965
9.08392e-10	-0.0143254
9.0852e-10	-0.0137535
9.08649e-10	-0.0131808
9.08777e-10	-0.0126075
9.08906e-10	-0.0120334
9.09034e-10	-0.0114585
9.09162e-10	-0.010883
9.09291e-10	-0.0103067
9.09419e-10	-0.00972968
9.09548e-10	-0.00915196
9.09676e-10	-0.00857351
9.09804e-10	-0.00799435
9.09933e-10	-0.00741447
9.10061e-10	-0.00683387
9.1019e-10	-0.00625257
9.10318e-10	-0.00567055
9.10446e-10	-0.00508782
9.10575e-10	-0.00450439
9.10703e-10	-0.00392025
9.10832e-10	-0.0033354
9.1096e-10	-0.00274986
9.11089e-10	-0.00216361
9.11217e-10	-0.00157667
9.11345e-10	-0.000989029
9.11474e-10	-0.000400695
9.11602e-10	0.000188332
9.11731e-10	0.00077805
9.11859e-10	0.00136846
9.11987e-10	0.00195955
9.12116e-10	0.00255133
9.12244e-10	0.00314379
9.12373e-10	0.00373693
9.12501e-10	0.00433076
9.12629e-10	0.00492526
9.12758e-10	0.00552044
9.12886e-10	0.00611629
9.13015e-10	0.00671281
9.13143e-10	0.00731
9.13272e-10	0.00790786
9.134e-10	0.00850639
9.13528e-10	0.00910558
9.13657e-10	0.00970543
9.13785e-10	0.0103059
9.13914e-10	0.0109071
9.14042e-10	0.0115089
9.1417e-10	0.0121114
9.14299e-10	0.0127146
9.14427e-10	0.0133183
9.14556e-10	0.0139228
9.14684e-10	0.0145279
9.14813e-10	0.0151336
9.14941e-10	0.01574
9.15069e-10	0.016347
9.15198e-10	0.0169546
9.15326e-10	0.0175629
9.15455e-10	0.0181718
9.15583e-10	0.0187814
9.15711e-10	0.0193916
9.1584e-10	0.0200024
9.15968e-10	0.0206138
9.16097e-10	0.0212259
9.16225e-10	0.0218386
9.16353e-10	0.0224519
9.16482e-10	0.0230658
9.1661e-10	0.0236803
9.16739e-10	0.0242955
9.16867e-10	0.0249112
9.16996e-10	0.0255276
9.17124e-10	0.0261446
9.17252e-10	0.0267622
9.17381e-10	0.0273804
9.17509e-10	0.0279992
9.17638e-10	0.0286186
9.17766e-10	0.0292386
9.17894e-10	0.0298592
9.18023e-10	0.0304804
9.18151e-10	0.0311021
9.1828e-10	0.0317245
9.18408e-10	0.0323474
9.18536e-10	0.032971
9.18665e-10	0.0335951
9.18793e-10	0.0342198
9.18922e-10	0.0348451
9.1905e-10	0.0354709
9.19179e-10	0.0360974
9.19307e-10	0.0367244
9.19435e-10	0.0373519
9.19564e-10	0.0379801
9.19692e-10	0.0386088
9.19821e-10	0.039238
9.19949e-10	0.0398679
9.20077e-10	0.0404983
9.20206e-10	0.0411292
9.20334e-10	0.0417607
9.20463e-10	0.0423927
9.20591e-10	0.0430253
9.2072e-10	0.0436585
9.20848e-10	0.0442922
9.20976e-10	0.0449264
9.21105e-10	0.0455612
9.21233e-10	0.0461965
9.21362e-10	0.0468324
9.2149e-10	0.0474688
9.21618e-10	0.0481057
9.21747e-10	0.0487431
9.21875e-10	0.0493811
9.22004e-10	0.0500196
9.22132e-10	0.0506587
9.2226e-10	0.0512982
9.22389e-10	0.0519383
9.22517e-10	0.0525789
9.22646e-10	0.05322
9.22774e-10	0.0538616
9.22903e-10	0.0545037
9.23031e-10	0.0551463
9.23159e-10	0.0557895
9.23288e-10	0.0564331
9.23416e-10	0.0570772
9.23545e-10	0.0577219
9.23673e-10	0.058367
9.23801e-10	0.0590126
9.2393e-10	0.0596587
9.24058e-10	0.0603053
9.24187e-10	0.0609524
9.24315e-10	0.0616
9.24443e-10	0.062248
9.24572e-10	0.0628966
9.247e-10	0.0635456
9.24829e-10	0.0641951
9.24957e-10	0.064845
9.25086e-10	0.0654954
9.25214e-10	0.0661463
9.25342e-10	0.0667977
9.25471e-10	0.0674495
9.25599e-10	0.0681018
9.25728e-10	0.0687545
9.25856e-10	0.0694077
9.25984e-10	0.0700614
9.26113e-10	0.0707155
9.26241e-10	0.07137
9.2637e-10	0.072025
9.26498e-10	0.0726804
9.26626e-10	0.0733363
9.26755e-10	0.0739926
9.26883e-10	0.0746494
9.27012e-10	0.0753065
9.2714e-10	0.0759641
9.27269e-10	0.0766222
9.27397e-10	0.0772806
9.27525e-10	0.0779395
9.27654e-10	0.0785988
9.27782e-10	0.0792586
9.27911e-10	0.0799187
9.28039e-10	0.0805793
9.28167e-10	0.0812403
9.28296e-10	0.0819016
9.28424e-10	0.0825634
9.28553e-10	0.0832256
9.28681e-10	0.0838882
9.2881e-10	0.0845512
9.28938e-10	0.0852146
9.29066e-10	0.0858783
9.29195e-10	0.0865425
9.29323e-10	0.0872071
9.29452e-10	0.087872
9.2958e-10	0.0885373
9.29708e-10	0.089203
9.29837e-10	0.0898691
9.29965e-10	0.0905356
9.30094e-10	0.0912024
9.30222e-10	0.0918696
9.3035e-10	0.0925372
9.30479e-10	0.0932051
9.30607e-10	0.0938734
9.30736e-10	0.0945421
9.30864e-10	0.0952111
9.30993e-10	0.0958805
9.31121e-10	0.0965502
9.31249e-10	0.0972203
9.31378e-10	0.0978907
9.31506e-10	0.0985615
9.31635e-10	0.0992326
9.31763e-10	0.099904
9.31891e-10	0.100576
9.3202e-10	0.101248
9.32148e-10	0.10192
9.32277e-10	0.102593
9.32405e-10	0.103266
9.32533e-10	0.10394
9.32662e-10	0.104613
9.3279e-10	0.105287
9.32919e-10	0.105962
9.33047e-10	0.106637
9.33176e-10	0.107312
9.33304e-10	0.107987
9.33432e-10	0.108663
9.33561e-10	0.109338
9.33689e-10	0.110015
9.33818e-10	0.110691
9.33946e-10	0.111368
9.34074e-10	0.112045
9.34203e-10	0.112722
9.34331e-10	0.1134
9.3446e-10	0.114078
9.34588e-10	0.114756
9.34716e-10	0.115435
9.34845e-10	0.116114
9.34973e-10	0.116793
9.35102e-10	0.117472
9.3523e-10	0.118152
9.35359e-10	0.118832
9.35487e-10	0.119512
9.35615e-10	0.120192
9.35744e-10	0.120873
9.35872e-10	0.121554
9.36001e-10	0.122235
9.36129e-10	0.122916
9.36257e-10	0.123598
9.36386e-10	0.12428
9.36514e-10	0.124962
9.36643e-10	0.125644
9.36771e-10	0.126327
9.369e-10	0.12701
9.37028e-10	0.127693
9.37156e-10	0.128376
9.37285e-10	0.129059
9.37413e-10	0.129743
9.37542e-10	0.130427
9.3767e-10	0.131111
9.37798e-10	0.131796
9.37927e-10	0.13248
9.38055e-10	0.133165
9.38184e-10	0.13385
9.38312e-10	0.134535
9.3844e-10	0.13522
9.38569e-10	0.135906
9.38697e-10	0.136592
9.38826e-10	0.137278
9.38954e-10	0.137964
9.39083e-10	0.13865
9.39211e-10	0.139337
9.39339e-10	0.140023
9.39468e-10	0.14071
9.39596e-10	0.141397
9.39725e-10	0.142084
9.39853e-10	0.142772
9.39981e-10	0.143459
9.4011e-10	0.144147
9.40238e-10	0.144835
9.40367e-10	0.145523
9.40495e-10	0.146211
9.40623e-10	0.146899
9.40752e-10	0.147588
9.4088e-10	0.148276
9.41009e-10	0.148965
9.41137e-10	0.149654
9.41266e-10	0.150343
9.41394e-10	0.151032
9.41522e-10	0.151721
9.41651e-10	0.152411
9.41779e-10	0.1531
9.41908e-10	0.15379
9.42036e-10	0.154479
9.42164e-10	0.155169
9.42293e-10	0.155859
9.42421e-10	0.156549
9.4255e-10	0.15724
9.42678e-10	0.15793
9.42806e-10	0.15862
9.42935e-10	0.159311
9.43063e-10	0.160001
9.43192e-10	0.160692
9.4332e-10	0.161383
9.43449e-10	0.162073
9.43577e-10	0.162764
9.43705e-10	0.163455
9.43834e-10	0.164146
9.43962e-10	0.164837
9.44091e-10	0.165529
9.44219e-10	0.16622
9.44347e-10	0.166911
9.44476e-10	0.167603
9.44604e-10	0.168294
9.44733e-10	0.168986
9.44861e-10	0.169677
9.4499e-10	0.170369
9.45118e-10	0.17106
9.45246e-10	0.171752
9.45375e-10	0.172444
9.45503e-10	0.173135
9.45632e-10	0.173827
9.4576e-10	0.174519
9.45888e-10	0.175211
9.46017e-10	0.175903
9.46145e-10	0.176595
9.46274e-10	0.177286
9.46402e-10	0.177978
9.4653e-10	0.17867
9.46659e-10	0.179362
9.46787e-10	0.180054
9.46916e-10	0.180746
9.47044e-10	0.181438
9.47173e-10	0.18213
9.47301e-10	0.182822
9.47429e-10	0.183514
9.47558e-10	0.184206
9.47686e-10	0.184898
9.47815e-10	0.185589
9.47943e-10	0.186281
9.48071e-10	0.186973
9.482e-10	0.187665
9.48328e-10	0.188357
9.48457e-10	0.189048
9.48585e-10	0.18974
9.48713e-10	0.190432
9.48842e-10	0.191123
9.4897e-10	0.191815
9.49099e-10	0.192506
9.49227e-10	0.193198
9.49356e-10	0.193889
9.49484e-10	0.194581
9.49612e-10	0.195272
9.49741e-10	0.195963
9.49869e-10	0.196654
9.49998e-10	0.197345
9.50126e-10	0.198036
9.50254e-10	0.198727
9.50383e-10	0.199418
9.50511e-10	0.200109
9.5064e-10	0.200799
9.50768e-10	0.20149
9.50897e-10	0.20218
9.51025e-10	0.202871
9.51153e-10	0.203561
9.51282e-10	0.204251
9.5141e-10	0.204941
9.51539e-10	0.205631
9.51667e-10	0.206321
9.51795e-10	0.207011
9.51924e-10	0.2077
9.52052e-10	0.20839
9.52181e-10	0.209079
9.52309e-10	0.209768
9.52437e-10	0.210457
9.52566e-10	0.211146
9.52694e-10	0.211835
9.52823e-10	0.212524
9.52951e-10	0.213212
9.5308e-10	0.213901
9.53208e-10	0.214589
9.53336e-10	0.215277
9.53465e-10	0.215965
9.53593e-10	0.216653
9.53722e-10	0.21734
9.5385e-10	0.218028
9.53978e-10	0.218715
9.54107e-10	0.219402
9.54235e-10	0.220089
9.54364e-10	0.220775
9.54492e-10	0.221462
9.5462e-10	0.222148
9.54749e-10	0.222834
9.54877e-10	0.22352
9.55006e-10	0.224206
9.55134e-10	0.224892
9.55263e-10	0.225577
9.55391e-10	0.226262
9.55519e-10	0.226947
9.55648e-10	0.227632
9.55776e-10	0.228316
9.55905e-10	0.229
9.56033e-10	0.229685
9.56161e-10	0.230368
9.5629e-10	0.231052
9.56418e-10	0.231735
9.56547e-10	0.232418
9.56675e-10	0.233101
9.56803e-10	0.233784
9.56932e-10	0.234466
9.5706e-10	0.235149
9.57189e-10	0.23583
9.57317e-10	0.236512
9.57446e-10	0.237193
9.57574e-10	0.237875
9.57702e-10	0.238555
9.57831e-10	0.239236
9.57959e-10	0.239916
9.58088e-10	0.240596
9.58216e-10	0.241276
9.58344e-10	0.241956
9.58473e-10	0.242635
9.58601e-10	0.243314
9.5873e-10	0.243992
9.58858e-10	0.244671
9.58987e-10	0.245349
9.59115e-10	0.246026
9.59243e-10	0.246704
9.59372e-10	0.247381
9.595e-10	0.248058
9.59629e-10	0.248734
9.59757e-10	0.24941
9.59885e-10	0.250086
9.60014e-10	0.250761
9.60142e-10	0.251437
9.60271e-10	0.252111
9.60399e-10	0.252786
9.60527e-10	0.25346
9.60656e-10	0.254134
9.60784e-10	0.254807
9.60913e-10	0.255481
9.61041e-10	0.256153
9.6117e-10	0.256826
9.61298e-10	0.257498
9.61426e-10	0.25817
9.61555e-10	0.258841
9.61683e-10	0.259512
9.61812e-10	0.260182
9.6194e-10	0.260853
9.62068e-10	0.261522
9.62197e-10	0.262192
9.62325e-10	0.262861
9.62454e-10	0.26353
9.62582e-10	0.264198
9.6271e-10	0.264866
9.62839e-10	0.265533
9.62967e-10	0.2662
9.63096e-10	0.266867
9.63224e-10	0.267533
9.63353e-10	0.268199
9.63481e-10	0.268865
9.63609e-10	0.26953
9.63738e-10	0.270194
9.63866e-10	0.270859
9.63995e-10	0.271522
9.64123e-10	0.272186
9.64251e-10	0.272848
9.6438e-10	0.273511
9.64508e-10	0.274173
9.64637e-10	0.274834
9.64765e-10	0.275496
9.64893e-10	0.276156
9.65022e-10	0.276816
9.6515e-10	0.277476
9.65279e-10	0.278135
9.65407e-10	0.278794
9.65536e-10	0.279453
9.65664e-10	0.28011
9.65792e-10	0.280768
9.65921e-10	0.281425
9.66049e-10	0.282081
9.66178e-10	0.282737
9.66306e-10	0.283393
9.66434e-10	0.284047
9.66563e-10	0.284702
9.66691e-10	0.285356
9.6682e-10	0.286009
9.66948e-10	0.286662
9.67077e-10	0.287315
9.67205e-10	0.287967
9.67333e-10	0.288618
9.67462e-10	0.289269
9.6759e-10	0.289919
9.67719e-10	0.290569
9.67847e-10	0.291218
9.67975e-10	0.291867
9.68104e-10	0.292515
9.68232e-10	0.293163
9.68361e-10	0.29381
9.68489e-10	0.294457
9.68617e-10	0.295103
9.68746e-10	0.295748
9.68874e-10	0.296393
9.69003e-10	0.297038
9.69131e-10	0.297681
9.6926e-10	0.298325
9.69388e-10	0.298967
9.69516e-10	0.299609
9.69645e-10	0.300251
9.69773e-10	0.300892
9.69902e-10	0.301532
9.7003e-10	0.302172
9.70158e-10	0.302811
9.70287e-10	0.30345
9.70415e-10	0.304087
9.70544e-10	0.304725
9.70672e-10	0.305362
9.708e-10	0.305998
9.70929e-10	0.306633
9.71057e-10	0.307268
9.71186e-10	0.307902
9.71314e-10	0.308536
9.71443e-10	0.309169
9.71571e-10	0.309802
9.71699e-10	0.310433
9.71828e-10	0.311064
9.71956e-10	0.311695
9.72085e-10	0.312325
9.72213e-10	0.312954
9.72341e-10	0.313583
9.7247e-10	0.31421
9.72598e-10	0.314838
9.72727e-10	0.315464
9.72855e-10	0.31609
9.72983e-10	0.316715
9.73112e-10	0.31734
9.7324e-10	0.317964
9.73369e-10	0.318587
9.73497e-10	0.31921
9.73626e-10	0.319832
9.73754e-10	0.320453
9.73882e-10	0.321073
9.74011e-10	0.321693
9.74139e-10	0.322312
9.74268e-10	0.32293
9.74396e-10	0.323548
9.74524e-10	0.324165
9.74653e-10	0.324781
9.74781e-10	0.325397
9.7491e-10	0.326012
9.75038e-10	0.326626
9.75167e-10	0.327239
9.75295e-10	0.327852
9.75423e-10	0.328464
9.75552e-10	0.329075
9.7568e-10	0.329685
9.75809e-10	0.330295
9.75937e-10	0.330904
9.76065e-10	0.331512
9.76194e-10	0.33212
9.76322e-10	0.332726
9.76451e-10	0.333332
9.76579e-10	0.333937
9.76707e-10	0.334542
9.76836e-10	0.335145
9.76964e-10	0.335748
9.77093e-10	0.33635
9.77221e-10	0.336951
9.7735e-10	0.337552
9.77478e-10	0.338152
9.77606e-10	0.338751
9.77735e-10	0.339349
9.77863e-10	0.339946
9.77992e-10	0.340543
9.7812e-10	0.341138
9.78248e-10	0.341733
9.78377e-10	0.342327
9.78505e-10	0.342921
9.78634e-10	0.343513
9.78762e-10	0.344105
9.7889e-10	0.344695
9.79019e-10	0.345285
9.79147e-10	0.345875
9.79276e-10	0.346463
9.79404e-10	0.34705
9.79533e-10	0.347637
9.79661e-10	0.348223
9.79789e-10	0.348808
9.79918e-10	0.349392
9.80046e-10	0.349975
9.80175e-10	0.350557
9.80303e-10	0.351139
9.80431e-10	0.35172
9.8056e-10	0.352299
9.80688e-10	0.352878
9.80817e-10	0.353456
9.80945e-10	0.354033
9.81074e-10	0.35461
9.81202e-10	0.355185
9.8133e-10	0.35576
9.81459e-10	0.356333
9.81587e-10	0.356906
9.81716e-10	0.357478
9.81844e-10	0.358048
9.81972e-10	0.358618
9.82101e-10	0.359187
9.82229e-10	0.359756
9.82358e-10	0.360323
9.82486e-10	0.360889
9.82614e-10	0.361455
9.82743e-10	0.362019
9.82871e-10	0.362583
9.83e-10	0.363145
9.83128e-10	0.363707
9.83257e-10	0.364267
9.83385e-10	0.364827
9.83513e-10	0.365386
9.83642e-10	0.365944
9.8377e-10	0.366501
9.83899e-10	0.367057
9.84027e-10	0.367612
9.84155e-10	0.368166
9.84284e-10	0.368719
9.84412e-10	0.369271
9.84541e-10	0.369822
9.84669e-10	0.370372
9.84797e-10	0.370921
9.84926e-10	0.371469
9.85054e-10	0.372017
9.85183e-10	0.372563
9.85311e-10	0.373108
9.8544e-10	0.373652
9.85568e-10	0.374195
9.85696e-10	0.374738
9.85825e-10	0.375279
9.85953e-10	0.375819
9.86082e-10	0.376358
9.8621e-10	0.376896
9.86338e-10	0.377433
9.86467e-10	0.377969
9.86595e-10	0.378504
9.86724e-10	0.379038
9.86852e-10	0.379571
9.8698e-10	0.380103
9.87109e-10	0.380634
9.87237e-10	0.381164
9.87366e-10	0.381693
9.87494e-10	0.382221
9.87623e-10	0.382747
9.87751e-10	0.383273
9.87879e-10	0.383798
9.88008e-10	0.384321
9.88136e-10	0.384843
9.88265e-10	0.385365
9.88393e-10	0.385885
9.88521e-10	0.386404
9.8865e-10	0.386922
9.88778e-10	0.387439
9.88907e-10	0.387955
9.89035e-10	0.38847
9.89164e-10	0.388984
9.89292e-10	0.389497
9.8942e-10	0.390008
9.89549e-10	0.390519
9.89677e-10	0.391028
9.89806e-10	0.391536
9.89934e-10	0.392043
9.90062e-10	0.392549
9.90191e-10	0.393054
9.90319e-10	0.393558
9.90448e-10	0.394061
9.90576e-10	0.394562
9.90704e-10	0.395062
9.90833e-10	0.395562
9.90961e-10	0.39606
9.9109e-10	0.396557
9.91218e-10	0.397052
9.91347e-10	0.397547
9.91475e-10	0.39804
9.91603e-10	0.398533
9.91732e-10	0.399024
9.9186e-10	0.399514
9.91989e-10	0.400003
9.92117e-10	0.40049
9.92245e-10	0.400977
9.92374e-10	0.401462
9.92502e-10	0.401946
9.92631e-10	0.402429
9.92759e-10	0.402911
9.92887e-10	0.403391
9.93016e-10	0.403871
9.93144e-10	0.404349
9.93273e-10	0.404826
9.93401e-10	0.405302
9.9353e-10	0.405776
9.93658e-10	0.406249
9.93786e-10	0.406722
9.93915e-10	0.407192
9.94043e-10	0.407662
9.94172e-10	0.408131
9.943e-10	0.408598
9.94428e-10	0.409064
9.94557e-10	0.409529
9.94685e-10	0.409992
9.94814e-10	0.410454
9.94942e-10	0.410915
9.9507e-10	0.411375
9.95199e-10	0.411834
9.95327e-10	0.412291
9.95456e-10	0.412747
9.95584e-10	0.413202
9.95713e-10	0.413655
9.95841e-10	0.414108
9.95969e-10	0.414559
9.96098e-10	0.415008
9.96226e-10	0.415457
9.96355e-10	0.415904
9.96483e-10	0.41635
9.96611e-10	0.416794
9.9674e-10	0.417238
9.96868e-10	0.41768
9.96997e-10	0.41812
9.97125e-10	0.41856
9.97254e-10	0.418998
9.97382e-10	0.419435
9.9751e-10	0.41987
9.97639e-10	0.420304
9.97767e-10	0.420737
9.97896e-10	0.421169
9.98024e-10	0.421599
9.98152e-10	0.422028
9.98281e-10	0.422456
9.98409e-10	0.422882
9.98538e-10	0.423307
9.98666e-10	0.42373
9.98794e-10	0.424153
9.98923e-10	0.424574
9.99051e-10	0.424993
9.9918e-10	0.425411
9.99308e-10	0.425828
9.99437e-10	0.426244
9.99565e-10	0.426658
9.99693e-10	0.427071
9.99822e-10	0.427482
9.9995e-10	0.427892
1.00008e-09	0.428301
1.00021e-09	0.428708
1.00034e-09	0.429114
1.00046e-09	0.429519
1.00059e-09	0.429922
1.00072e-09	0.430324
1.00085e-09	0.430724
1.00098e-09	0.431123
1.00111e-09	0.431521
1.00123e-09	0.431917
1.00136e-09	0.432312
1.00149e-09	0.432706
1.00162e-09	0.433098
1.00175e-09	0.433488
1.00188e-09	0.433878
1.002e-09	0.434265
1.00213e-09	0.434652
1.00226e-09	0.435037
1.00239e-09	0.43542
1.00252e-09	0.435802
1.00265e-09	0.436183
1.00278e-09	0.436562
1.0029e-09	0.43694
1.00303e-09	0.437317
1.00316e-09	0.437692
1.00329e-09	0.438065
1.00342e-09	0.438437
1.00355e-09	0.438808
1.00367e-09	0.439177
1.0038e-09	0.439545
1.00393e-09	0.439911
1.00406e-09	0.440276
1.00419e-09	0.440639
1.00432e-09	0.441001
1.00444e-09	0.441361
1.00457e-09	0.44172
1.0047e-09	0.442077
1.00483e-09	0.442433
1.00496e-09	0.442788
1.00509e-09	0.443141
1.00522e-09	0.443492
1.00534e-09	0.443842
1.00547e-09	0.444191
1.0056e-09	0.444538
1.00573e-09	0.444883
1.00586e-09	0.445227
1.00599e-09	0.44557
1.00611e-09	0.44591
1.00624e-09	0.44625
1.00637e-09	0.446588
1.0065e-09	0.446924
1.00663e-09	0.447259
1.00676e-09	0.447593
1.00688e-09	0.447924
1.00701e-09	0.448255
1.00714e-09	0.448583
1.00727e-09	0.448911
1.0074e-09	0.449236
1.00753e-09	0.449561
1.00765e-09	0.449883
1.00778e-09	0.450204
1.00791e-09	0.450524
1.00804e-09	0.450842
1.00817e-09	0.451158
1.0083e-09	0.451473
1.00843e-09	0.451786
1.00855e-09	0.452098
1.00868e-09	0.452408
1.00881e-09	0.452717
1.00894e-09	0.453024
1.00907e-09	0.453329
1.0092e-09	0.453633
1.00932e-09	0.453935
1.00945e-09	0.454236
1.00958e-09	0.454535
1.00971e-09	0.454833
1.00984e-09	0.455129
1.00997e-09	0.455423
1.01009e-09	0.455716
1.01022e-09	0.456007
1.01035e-09	0.456297
1.01048e-09	0.456584
1.01061e-09	0.456871
1.01074e-09	0.457155
1.01087e-09	0.457439
1.01099e-09	0.45772
1.01112e-09	0.458
1.01125e-09	0.458278
1.01138e-09	0.458555
1.01151e-09	0.45883
1.01164e-09	0.459103
1.01176e-09	0.459375
1.01189e-09	0.459645
1.01202e-09	0.459913
1.01215e-09	0.46018
1.01228e-09	0.460445
1.01241e-09	0.460709
1.01253e-09	0.460971
1.01266e-09	0.461231
1.01279e-09	0.46149
1.01292e-09	0.461747
1.01305e-09	0.462002
1.01318e-09	0.462255
1.01331e-09	0.462507
1.01343e-09	0.462758
1.01356e-09	0.463006
1.01369e-09	0.463253
1.01382e-09	0.463498
1.01395e-09	0.463742
1.01408e-09	0.463984
1.0142e-09	0.464224
1.01433e-09	0.464463
1.01446e-09	0.464699
1.01459e-09	0.464935
1.01472e-09	0.465168
1.01485e-09	0.4654
1.01497e-09	0.46563
1.0151e-09	0.465858
1.01523e-09	0.466085
1.01536e-09	0.46631
1.01549e-09	0.466533
1.01562e-09	0.466755
1.01574e-09	0.466974
1.01587e-09	0.467192
1.016e-09	0.467409
1.01613e-09	0.467623
1.01626e-09	0.467836
1.01639e-09	0.468048
1.01652e-09	0.468257
1.01664e-09	0.468465
1.01677e-09	0.468671
1.0169e-09	0.468875
1.01703e-09	0.469078
1.01716e-09	0.469278
1.01729e-09	0.469478
1.01741e-09	0.469675
1.01754e-09	0.46987
1.01767e-09	0.470064
1.0178e-09	0.470256
1.01793e-09	0.470447
1.01806e-09	0.470635
1.01818e-09	0.470822
1.01831e-09	0.471007
1.01844e-09	0.47119
1.01857e-09	0.471372
1.0187e-09	0.471551
1.01883e-09	0.471729
1.01896e-09	0.471906
1.01908e-09	0.47208
1.01921e-09	0.472253
1.01934e-09	0.472423
1.01947e-09	0.472592
1.0196e-09	0.47276
1.01973e-09	0.472925
1.01985e-09	0.473089
1.01998e-09	0.473251
1.02011e-09	0.473411
1.02024e-09	0.473569
1.02037e-09	0.473726
1.0205e-09	0.47388
1.02062e-09	0.474033
1.02075e-09	0.474184
1.02088e-09	0.474334
1.02101e-09	0.474481
1.02114e-09	0.474627
1.02127e-09	0.474771
1.0214e-09	0.474913
1.02152e-09	0.475053
1.02165e-09	0.475191
1.02178e-09	0.475328
1.02191e-09	0.475462
1.02204e-09	0.475595
1.02217e-09	0.475726
1.02229e-09	0.475856
1.02242e-09	0.475983
1.02255e-09	0.476109
1.02268e-09	0.476232
1.02281e-09	0.476354
1.02294e-09	0.476474
1.02306e-09	0.476592
1.02319e-09	0.476709
1.02332e-09	0.476823
1.02345e-09	0.476936
1.02358e-09	0.477047
1.02371e-09	0.477156
1.02383e-09	0.477263
1.02396e-09	0.477368
1.02409e-09	0.477471
1.02422e-09	0.477573
1.02435e-09	0.477672
1.02448e-09	0.47777
1.02461e-09	0.477866
1.02473e-09	0.47796
1.02486e-09	0.478052
1.02499e-09	0.478142
1.02512e-09	0.47823
1.02525e-09	0.478317
1.02538e-09	0.478401
1.0255e-09	0.478484
1.02563e-09	0.478565
1.02576e-09	0.478644
1.02589e-09	0.478721
1.02602e-09	0.478796
1.02615e-09	0.478869
1.02627e-09	0.47894
1.0264e-09	0.47901
1.02653e-09	0.479077
1.02666e-09	0.479143
1.02679e-09	0.479207
1.02692e-09	0.479268
1.02705e-09	0.479328
1.02717e-09	0.479386
1.0273e-09	0.479442
1.02743e-09	0.479496
1.02756e-09	0.479549
1.02769e-09	0.479599
1.02782e-09	0.479647
1.02794e-09	0.479694
1.02807e-09	0.479738
1.0282e-09	0.479781
1.02833e-09	0.479822
1.02846e-09	0.47986
1.02859e-09	0.479897
1.02871e-09	0.479932
1.02884e-09	0.479965
1.02897e-09	0.479996
1.0291e-09	0.480025
1.02923e-09	0.480052
1.02936e-09	0.480077
1.02949e-09	0.4801
1.02961e-09	0.480122
1.02974e-09	0.480141
1.02987e-09	0.480158
1.03e-09	0.480174
1.03013e-09	0.480187
1.03026e-09	0.480199
1.03038e-09	0.480208
1.03051e-09	0.480216
1.03064e-09	0.480221
1.03077e-09	0.480225
1.0309e-09	0.480227
1.03103e-09	0.480226
1.03115e-09	0.480224
1.03128e-09	0.48022
1.03141e-09	0.480214
1.03154e-09	0.480206
1.03167e-09	0.480195
1.0318e-09	0.480183
1.03192e-09	0.480169
1.03205e-09	0.480153
1.03218e-09	0.480135
1.03231e-09	0.480115
1.03244e-09	0.480093
1.03257e-09	0.480069
1.0327e-09	0.480043
1.03282e-09	0.480015
1.03295e-09	0.479985
1.03308e-09	0.479953
1.03321e-09	0.479919
1.03334e-09	0.479883
1.03347e-09	0.479845
1.03359e-09	0.479805
1.03372e-09	0.479763
1.03385e-09	0.479719
1.03398e-09	0.479673
1.03411e-09	0.479625
1.03424e-09	0.479575
1.03436e-09	0.479523
1.03449e-09	0.479469
1.03462e-09	0.479413
1.03475e-09	0.479355
1.03488e-09	0.479295
1.03501e-09	0.479232
1.03514e-09	0.479168
1.03526e-09	0.479102
1.03539e-09	0.479034
1.03552e-09	0.478964
1.03565e-09	0.478892
1.03578e-09	0.478817
1.03591e-09	0.478741
1.03603e-09	0.478663
1.03616e-09	0.478583
1.03629e-09	0.4785
1.03642e-09	0.478416
1.03655e-09	0.478329
1.03668e-09	0.478241
1.0368e-09	0.47815
1.03693e-09	0.478058
1.03706e-09	0.477963
1.03719e-09	0.477867
1.03732e-09	0.477768
1.03745e-09	0.477667
1.03758e-09	0.477565
1.0377e-09	0.47746
1.03783e-09	0.477353
1.03796e-09	0.477244
1.03809e-09	0.477133
1.03822e-09	0.47702
1.03835e-09	0.476905
1.03847e-09	0.476788
1.0386e-09	0.476669
1.03873e-09	0.476548
1.03886e-09	0.476424
1.03899e-09	0.476299
1.03912e-09	0.476172
1.03924e-09	0.476042
1.03937e-09	0.475911
1.0395e-09	0.475777
1.03963e-09	0.475641
1.03976e-09	0.475504
1.03989e-09	0.475364
1.04001e-09	0.475222
1.04014e-09	0.475078
1.04027e-09	0.474932
1.0404e-09	0.474784
1.04053e-09	0.474634
1.04066e-09	0.474482
1.04079e-09	0.474327
1.04091e-09	0.474171
1.04104e-09	0.474013
1.04117e-09	0.473852
1.0413e-09	0.47369
1.04143e-09	0.473525
1.04156e-09	0.473358
1.04168e-09	0.473189
1.04181e-09	0.473018
1.04194e-09	0.472845
1.04207e-09	0.47267
1.0422e-09	0.472493
1.04233e-09	0.472314
1.04245e-09	0.472132
1.04258e-09	0.471949
1.04271e-09	0.471763
1.04284e-09	0.471576
1.04297e-09	0.471386
1.0431e-09	0.471194
1.04323e-09	0.471
1.04335e-09	0.470804
1.04348e-09	0.470606
1.04361e-09	0.470406
1.04374e-09	0.470204
1.04387e-09	0.469999
1.044e-09	0.469793
1.04412e-09	0.469584
1.04425e-09	0.469373
1.04438e-09	0.469161
1.04451e-09	0.468946
1.04464e-09	0.468729
1.04477e-09	0.46851
1.04489e-09	0.468288
1.04502e-09	0.468065
1.04515e-09	0.46784
1.04528e-09	0.467612
1.04541e-09	0.467382
1.04554e-09	0.467151
1.04567e-09	0.466917
1.04579e-09	0.466681
1.04592e-09	0.466443
1.04605e-09	0.466202
1.04618e-09	0.46596
1.04631e-09	0.465716
1.04644e-09	0.465469
1.04656e-09	0.46522
1.04669e-09	0.46497
1.04682e-09	0.464717
1.04695e-09	0.464462
1.04708e-09	0.464204
1.04721e-09	0.463945
1.04733e-09	0.463684
1.04746e-09	0.46342
1.04759e-09	0.463155
1.04772e-09	0.462887
1.04785e-09	0.462617
1.04798e-09	0.462345
1.0481e-09	0.462071
1.04823e-09	0.461795
1.04836e-09	0.461516
1.04849e-09	0.461236
1.04862e-09	0.460953
1.04875e-09	0.460668
1.04888e-09	0.460381
1.049e-09	0.460092
1.04913e-09	0.459801
1.04926e-09	0.459508
1.04939e-09	0.459213
1.04952e-09	0.458915
1.04965e-09	0.458616
1.04977e-09	0.458314
1.0499e-09	0.45801
1.05003e-09	0.457704
1.05016e-09	0.457396
1.05029e-09	0.457085
1.05042e-09	0.456773
1.05054e-09	0.456458
1.05067e-09	0.456142
1.0508e-09	0.455823
1.05093e-09	0.455502
1.05106e-09	0.455179
1.05119e-09	0.454853
1.05132e-09	0.454526
1.05144e-09	0.454196
1.05157e-09	0.453865
1.0517e-09	0.453531
1.05183e-09	0.453195
1.05196e-09	0.452857
1.05209e-09	0.452517
1.05221e-09	0.452174
1.05234e-09	0.45183
1.05247e-09	0.451483
1.0526e-09	0.451135
1.05273e-09	0.450784
1.05286e-09	0.450431
1.05298e-09	0.450075
1.05311e-09	0.449718
1.05324e-09	0.449359
1.05337e-09	0.448997
1.0535e-09	0.448633
1.05363e-09	0.448268
1.05376e-09	0.447899
1.05388e-09	0.447529
1.05401e-09	0.447157
1.05414e-09	0.446783
1.05427e-09	0.446406
1.0544e-09	0.446027
1.05453e-09	0.445646
1.05465e-09	0.445263
1.05478e-09	0.444878
1.05491e-09	0.444491
1.05504e-09	0.444102
1.05517e-09	0.44371
1.0553e-09	0.443316
1.05542e-09	0.44292
1.05555e-09	0.442522
1.05568e-09	0.442122
1.05581e-09	0.44172
1.05594e-09	0.441316
1.05607e-09	0.440909
1.05619e-09	0.4405
1.05632e-09	0.440089
1.05645e-09	0.439677
1.05658e-09	0.439261
1.05671e-09	0.438844
1.05684e-09	0.438425
1.05697e-09	0.438003
1.05709e-09	0.437579
1.05722e-09	0.437154
1.05735e-09	0.436726
1.05748e-09	0.436296
1.05761e-09	0.435863
1.05774e-09	0.435429
1.05786e-09	0.434992
1.05799e-09	0.434554
1.05812e-09	0.434113
1.05825e-09	0.43367
1.05838e-09	0.433225
1.05851e-09	0.432777
1.05863e-09	0.432328
1.05876e-09	0.431877
1.05889e-09	0.431423
1.05902e-09	0.430967
1.05915e-09	0.430509
1.05928e-09	0.430049
1.05941e-09	0.429587
1.05953e-09	0.429122
1.05966e-09	0.428656
1.05979e-09	0.428187
1.05992e-09	0.427717
1.06005e-09	0.427244
1.06018e-09	0.426769
1.0603e-09	0.426291
1.06043e-09	0.425812
1.06056e-09	0.425331
1.06069e-09	0.424847
1.06082e-09	0.424361
1.06095e-09	0.423873
1.06107e-09	0.423384
1.0612e-09	0.422891
1.06133e-09	0.422397
1.06146e-09	0.421901
1.06159e-09	0.421402
1.06172e-09	0.420902
1.06185e-09	0.420399
1.06197e-09	0.419894
1.0621e-09	0.419387
1.06223e-09	0.418878
1.06236e-09	0.418366
1.06249e-09	0.417853
1.06262e-09	0.417337
1.06274e-09	0.41682
1.06287e-09	0.4163
1.063e-09	0.415778
1.06313e-09	0.415254
1.06326e-09	0.414728
1.06339e-09	0.414199
1.06351e-09	0.413669
1.06364e-09	0.413136
1.06377e-09	0.412601
1.0639e-09	0.412065
1.06403e-09	0.411526
1.06416e-09	0.410985
1.06428e-09	0.410441
1.06441e-09	0.409896
1.06454e-09	0.409349
1.06467e-09	0.408799
1.0648e-09	0.408248
1.06493e-09	0.407694
1.06506e-09	0.407138
1.06518e-09	0.40658
1.06531e-09	0.40602
1.06544e-09	0.405457
1.06557e-09	0.404893
1.0657e-09	0.404327
1.06583e-09	0.403758
1.06595e-09	0.403187
1.06608e-09	0.402614
1.06621e-09	0.40204
1.06634e-09	0.401463
1.06647e-09	0.400883
1.0666e-09	0.400302
1.06672e-09	0.399719
1.06685e-09	0.399133
1.06698e-09	0.398546
1.06711e-09	0.397956
1.06724e-09	0.397364
1.06737e-09	0.39677
1.0675e-09	0.396174
1.06762e-09	0.395576
1.06775e-09	0.394976
1.06788e-09	0.394374
1.06801e-09	0.39377
1.06814e-09	0.393163
1.06827e-09	0.392555
1.06839e-09	0.391944
1.06852e-09	0.391331
1.06865e-09	0.390716
1.06878e-09	0.390099
1.06891e-09	0.38948
1.06904e-09	0.388859
1.06916e-09	0.388236
1.06929e-09	0.387611
1.06942e-09	0.386983
1.06955e-09	0.386354
1.06968e-09	0.385722
1.06981e-09	0.385089
1.06994e-09	0.384453
1.07006e-09	0.383815
1.07019e-09	0.383175
1.07032e-09	0.382533
1.07045e-09	0.381889
1.07058e-09	0.381243
1.07071e-09	0.380595
1.07083e-09	0.379945
1.07096e-09	0.379292
1.07109e-09	0.378638
1.07122e-09	0.377981
1.07135e-09	0.377323
1.07148e-09	0.376662
1.0716e-09	0.376
1.07173e-09	0.375335
1.07186e-09	0.374668
1.07199e-09	0.373999
1.07212e-09	0.373328
1.07225e-09	0.372655
1.07237e-09	0.37198
1.0725e-09	0.371303
1.07263e-09	0.370624
1.07276e-09	0.369943
1.07289e-09	0.369259
1.07302e-09	0.368574
1.07315e-09	0.367887
1.07327e-09	0.367197
1.0734e-09	0.366506
1.07353e-09	0.365812
1.07366e-09	0.365117
1.07379e-09	0.364419
1.07392e-09	0.363719
1.07404e-09	0.363017
1.07417e-09	0.362314
1.0743e-09	0.361608
1.07443e-09	0.3609
1.07456e-09	0.36019
1.07469e-09	0.359478
1.07481e-09	0.358764
1.07494e-09	0.358048
1.07507e-09	0.35733
1.0752e-09	0.35661
1.07533e-09	0.355888
1.07546e-09	0.355164
1.07559e-09	0.354438
1.07571e-09	0.35371
1.07584e-09	0.35298
1.07597e-09	0.352248
1.0761e-09	0.351514
1.07623e-09	0.350777
1.07636e-09	0.350039
1.07648e-09	0.349299
1.07661e-09	0.348557
1.07674e-09	0.347812
1.07687e-09	0.347066
1.077e-09	0.346318
1.07713e-09	0.345568
1.07725e-09	0.344815
1.07738e-09	0.344061
1.07751e-09	0.343305
1.07764e-09	0.342547
1.07777e-09	0.341786
1.0779e-09	0.341024
1.07803e-09	0.34026
1.07815e-09	0.339494
1.07828e-09	0.338725
1.07841e-09	0.337955
1.07854e-09	0.337183
1.07867e-09	0.336409
1.0788e-09	0.335633
1.07892e-09	0.334855
1.07905e-09	0.334074
1.07918e-09	0.333292
1.07931e-09	0.332508
1.07944e-09	0.331722
1.07957e-09	0.330934
1.07969e-09	0.330144
1.07982e-09	0.329352
1.07995e-09	0.328559
1.08008e-09	0.327763
1.08021e-09	0.326965
1.08034e-09	0.326165
1.08046e-09	0.325363
1.08059e-09	0.32456
1.08072e-09	0.323754
1.08085e-09	0.322946
1.08098e-09	0.322137
1.08111e-09	0.321325
1.08124e-09	0.320512
1.08136e-09	0.319696
1.08149e-09	0.318879
1.08162e-09	0.31806
1.08175e-09	0.317239
1.08188e-09	0.316416
1.08201e-09	0.315591
1.08213e-09	0.314763
1.08226e-09	0.313935
1.08239e-09	0.313104
1.08252e-09	0.312271
1.08265e-09	0.311436
1.08278e-09	0.3106
1.0829e-09	0.309761
1.08303e-09	0.308921
1.08316e-09	0.308078
1.08329e-09	0.307234
1.08342e-09	0.306388
1.08355e-09	0.30554
1.08368e-09	0.30469
1.0838e-09	0.303838
1.08393e-09	0.302984
1.08406e-09	0.302128
1.08419e-09	0.301271
1.08432e-09	0.300411
1.08445e-09	0.29955
1.08457e-09	0.298687
1.0847e-09	0.297821
1.08483e-09	0.296954
1.08496e-09	0.296086
1.08509e-09	0.295215
1.08522e-09	0.294342
1.08534e-09	0.293468
1.08547e-09	0.292591
1.0856e-09	0.291713
1.08573e-09	0.290833
1.08586e-09	0.289951
1.08599e-09	0.289067
1.08612e-09	0.288181
1.08624e-09	0.287293
1.08637e-09	0.286404
1.0865e-09	0.285513
1.08663e-09	0.28462
1.08676e-09	0.283725
1.08689e-09	0.282828
1.08701e-09	0.281929
1.08714e-09	0.281028
1.08727e-09	0.280126
1.0874e-09	0.279222
1.08753e-09	0.278316
1.08766e-09	0.277408
1.08778e-09	0.276498
1.08791e-09	0.275587
1.08804e-09	0.274673
1.08817e-09	0.273758
1.0883e-09	0.272841
1.08843e-09	0.271922
1.08855e-09	0.271002
1.08868e-09	0.270079
1.08881e-09	0.269155
1.08894e-09	0.268229
1.08907e-09	0.267301
1.0892e-09	0.266372
1.08933e-09	0.26544
1.08945e-09	0.264507
1.08958e-09	0.263572
1.08971e-09	0.262635
1.08984e-09	0.261696
1.08997e-09	0.260756
1.0901e-09	0.259814
1.09022e-09	0.25887
1.09035e-09	0.257924
1.09048e-09	0.256977
1.09061e-09	0.256028
1.09074e-09	0.255076
1.09087e-09	0.254124
1.09099e-09	0.253169
1.09112e-09	0.252213
1.09125e-09	0.251255
1.09138e-09	0.250295
1.09151e-09	0.249333
1.09164e-09	0.24837
1.09177e-09	0.247405
1.09189e-09	0.246438
1.09202e-09	0.24547
1.09215e-09	0.244499
1.09228e-09	0.243527
1.09241e-09	0.242554
1.09254e-09	0.241578
1.09266e-09	0.240601
1.09279e-09	0.239622
1.09292e-09	0.238642
1.09305e-09	0.237659
1.09318e-09	0.236675
1.09331e-09	0.235689
1.09343e-09	0.234702
1.09356e-09	0.233713
1.09369e-09	0.232722
1.09382e-09	0.231729
1.09395e-09	0.230735
1.09408e-09	0.229739
1.09421e-09	0.228741
1.09433e-09	0.227742
1.09446e-09	0.226741
1.09459e-09	0.225738
1.09472e-09	0.224734
1.09485e-09	0.223728
1.09498e-09	0.22272
1.0951e-09	0.221711
1.09523e-09	0.2207
1.09536e-09	0.219687
1.09549e-09	0.218673
1.09562e-09	0.217657
1.09575e-09	0.216639
1.09587e-09	0.21562
1.096e-09	0.214599
1.09613e-09	0.213577
1.09626e-09	0.212552
1.09639e-09	0.211526
1.09652e-09	0.210499
1.09664e-09	0.20947
1.09677e-09	0.208439
1.0969e-09	0.207407
1.09703e-09	0.206373
1.09716e-09	0.205337
1.09729e-09	0.2043
1.09742e-09	0.203261
1.09754e-09	0.202221
1.09767e-09	0.201179
1.0978e-09	0.200135
1.09793e-09	0.19909
1.09806e-09	0.198043
1.09819e-09	0.196995
1.09831e-09	0.195945
1.09844e-09	0.194893
1.09857e-09	0.19384
1.0987e-09	0.192785
1.09883e-09	0.191729
1.09896e-09	0.190671
1.09908e-09	0.189612
1.09921e-09	0.188551
1.09934e-09	0.187488
1.09947e-09	0.186424
1.0996e-09	0.185358
1.09973e-09	0.184291
1.09986e-09	0.183223
1.09998e-09	0.182152
1.10011e-09	0.18108
1.10024e-09	0.180007
1.10037e-09	0.178932
1.1005e-09	0.177856
1.10063e-09	0.176778
1.10075e-09	0.175698
1.10088e-09	0.174617
1.10101e-09	0.173535
1.10114e-09	0.172451
1.10127e-09	0.171365
1.1014e-09	0.170278
1.10152e-09	0.16919
1.10165e-09	0.1681
1.10178e-09	0.167009
1.10191e-09	0.165916
1.10204e-09	0.164821
1.10217e-09	0.163725
1.1023e-09	0.162628
1.10242e-09	0.161529
1.10255e-09	0.160429
1.10268e-09	0.159327
1.10281e-09	0.158224
1.10294e-09	0.157119
1.10307e-09	0.156013
1.10319e-09	0.154905
1.10332e-09	0.153796
1.10345e-09	0.152685
1.10358e-09	0.151573
1.10371e-09	0.15046
1.10384e-09	0.149345
1.10396e-09	0.148229
1.10409e-09	0.147111
1.10422e-09	0.145992
1.10435e-09	0.144872
1.10448e-09	0.14375
1.10461e-09	0.142626
1.10473e-09	0.141502
1.10486e-09	0.140375
1.10499e-09	0.139248
1.10512e-09	0.138119
1.10525e-09	0.136989
1.10538e-09	0.135857
1.10551e-09	0.134724
1.10563e-09	0.133589
1.10576e-09	0.132454
1.10589e-09	0.131316
1.10602e-09	0.130178
1.10615e-09	0.129038
1.10628e-09	0.127897
1.1064e-09	0.126754
1.10653e-09	0.12561
1.10666e-09	0.124465
1.10679e-09	0.123318
1.10692e-09	0.12217
1.10705e-09	0.12102
1.10717e-09	0.11987
1.1073e-09	0.118718
1.10743e-09	0.117564
1.10756e-09	0.11641
1.10769e-09	0.115254
1.10782e-09	0.114096
1.10795e-09	0.112938
1.10807e-09	0.111778
1.1082e-09	0.110617
1.10833e-09	0.109454
1.10846e-09	0.10829
1.10859e-09	0.107125
1.10872e-09	0.105959
1.10884e-09	0.104791
1.10897e-09	0.103622
1.1091e-09	0.102452
1.10923e-09	0.101281
1.10936e-09	0.100108
1.10949e-09	0.0989342
1.10961e-09	0.097759
1.10974e-09	0.0965825
1.10987e-09	0.0954048
1.11e-09	0.0942259
1.11013e-09	0.0930457
1.11026e-09	0.0918643
1.11039e-09	0.0906817
1.11051e-09	0.0894978
1.11064e-09	0.0883127
1.11077e-09	0.0871264
1.1109e-09	0.0859389
1.11103e-09	0.0847502
1.11116e-09	0.0835603
1.11128e-09	0.0823692
1.11141e-09	0.0811769
1.11154e-09	0.0799834
1.11167e-09	0.0787887
1.1118e-09	0.0775928
1.11193e-09	0.0763958
1.11205e-09	0.0751976
1.11218e-09	0.0739982
1.11231e-09	0.0727976
1.11244e-09	0.0715959
1.11257e-09	0.0703931
1.1127e-09	0.0691891
1.11282e-09	0.0679839
1.11295e-09	0.0667776
1.11308e-09	0.0655702
1.11321e-09	0.0643616
1.11334e-09	0.0631519
1.11347e-09	0.0619411
1.1136e-09	0.0607292
1.11372e-09	0.0595161
1.11385e-09	0.0583019
1.11398e-09	0.0570867
1.11411e-09	0.0558703
1.11424e-09	0.0546528
1.11437e-09	0.0534343
1.11449e-09	0.0522146
1.11462e-09	0.0509939
1.11475e-09	0.049772
1.11488e-09	0.0485492
1.11501e-09	0.0473252
1.11514e-09	0.0461002
1.11526e-09	0.0448741
1.11539e-09	0.0436469
1.11552e-09	0.0424187
1.11565e-09	0.0411895
1.11578e-09	0.0399592
1.11591e-09	0.0387279
1.11604e-09	0.0374955
1.11616e-09	0.0362621
1.11629e-09	0.0350277
1.11642e-09	0.0337923
1.11655e-09	0.0325558
1.11668e-09	0.0313183
1.11681e-09	0.0300799
1.11693e-09	0.0288404
1.11706e-09	0.0275999
1.11719e-09	0.0263585
1.11732e-09	0.025116
1.11745e-09	0.0238726
1.11758e-09	0.0226282
1.1177e-09	0.0213828
1.11783e-09	0.0201364
1.11796e-09	0.0188891
1.11809e-09	0.0176408
1.11822e-09	0.0163916
1.11835e-09	0.0151414
1.11848e-09	0.0138903
1.1186e-09	0.0126382
1.11873e-09	0.0113852
1.11886e-09	0.0101312
1.11899e-09	0.00887637
1.11912e-09	0.00762058
1.11925e-09	0.00636387
1.11937e-09	0.00510625
1.1195e-09	0.00384772
1.11963e-09	0.00258829
1.11976e-09	0.00132796
1.11989e-09	6.67341e-05
1.12002e-09	-0.00119538
1.12014e-09	-0.00245837
1.12027e-09	-0.00372225
1.1204e-09	-0.004987
1.12053e-09	-0.00625261
1.12066e-09	-0.0075191
1.12079e-09	-0.00878644
1.12091e-09	-0.0100546
1.12104e-09	-0.0113237
1.12117e-09	-0.0125936
1.1213e-09	-0.0138643
1.12143e-09	-0.0151359
1.12156e-09	-0.0164083
1.12169e-09	-0.0176815
1.12181e-09	-0.0189555
1.12194e-09	-0.0202304
1.12207e-09	-0.0215061
1.1222e-09	-0.0227825
1.12233e-09	-0.0240598
1.12246e-09	-0.0253379
1.12258e-09	-0.0266168
1.12271e-09	-0.0278964
1.12284e-09	-0.0291768
1.12297e-09	-0.030458
1.1231e-09	-0.03174
1.12323e-09	-0.0330228
1.12335e-09	-0.0343063
1.12348e-09	-0.0355905
1.12361e-09	-0.0368756
1.12374e-09	-0.0381613
1.12387e-09	-0.0394478
1.124e-09	-0.0407351
1.12413e-09	-0.042023
1.12425e-09	-0.0433117
1.12438e-09	-0.0446011
1.12451e-09	-0.0458913
1.12464e-09	-0.0471821
1.12477e-09	-0.0484737
1.1249e-09	-0.0497659
1.12502e-09	-0.0510588
1.12515e-09	-0.0523525
1.12528e-09	-0.0536468
1.12541e-09	-0.0549418
1.12554e-09	-0.0562375
1.12567e-09	-0.0575338
1.12579e-09	-0.0588308
1.12592e-09	-0.0601285
1.12605e-09	-0.0614268
1.12618e-09	-0.0627258
1.12631e-09	-0.0640254
1.12644e-09	-0.0653257
1.12657e-09	-0.0666266
1.12669e-09	-0.0679281
1.12682e-09	-0.0692303
1.12695e-09	-0.070533
1.12708e-09	-0.0718364
1.12721e-09	-0.0731404
1.12734e-09	-0.074445
1.12746e-09	-0.0757502
1.12759e-09	-0.077056
1.12772e-09	-0.0783624
1.12785e-09	-0.0796693
1.12798e-09	-0.0809769
1.12811e-09	-0.082285
1.12823e-09	-0.0835936
1.12836e-09	-0.0849029
1.12849e-09	-0.0862127
1.12862e-09	-0.087523
1.12875e-09	-0.0888339
1.12888e-09	-0.0901453
1.12901e-09	-0.0914573
1.12913e-09	-0.0927698
1.12926e-09	-0.0940828
1.12939e-09	-0.0953963
1.12952e-09	-0.0967104
1.12965e-09	-0.0980249
1.12978e-09	-0.09934
1.1299e-09	-0.100656
1.13003e-09	-0.101972
1.13016e-09	-0.103288
1.13029e-09	-0.104605
1.13042e-09	-0.105923
1.13055e-09	-0.107241
1.13067e-09	-0.108559
1.1308e-09	-0.109878
1.13093e-09	-0.111197
1.13106e-09	-0.112517
1.13119e-09	-0.113837
1.13132e-09	-0.115158
1.13144e-09	-0.116479
1.13157e-09	-0.117801
1.1317e-09	-0.119123
1.13183e-09	-0.120445
1.13196e-09	-0.121768
1.13209e-09	-0.123091
1.13222e-09	-0.124415
1.13234e-09	-0.125739
1.13247e-09	-0.127063
1.1326e-09	-0.128388
1.13273e-09	-0.129713
1.13286e-09	-0.131039
1.13299e-09	-0.132365
1.13311e-09	-0.133691
1.13324e-09	-0.135018
1.13337e-09	-0.136345
1.1335e-09	-0.137672
1.13363e-09	-0.139
1.13376e-09	-0.140328
1.13388e-09	-0.141656
1.13401e-09	-0.142985
1.13414e-09	-0.144314
1.13427e-09	-0.145643
1.1344e-09	-0.146973
1.13453e-09	-0.148303
1.13466e-09	-0.149633
1.13478e-09	-0.150963
1.13491e-09	-0.152294
1.13504e-09	-0.153625
1.13517e-09	-0.154957
1.1353e-09	-0.156288
1.13543e-09	-0.15762
1.13555e-09	-0.158952
1.13568e-09	-0.160285
1.13581e-09	-0.161617
1.13594e-09	-0.16295
1.13607e-09	-0.164283
1.1362e-09	-0.165617
1.13632e-09	-0.16695
1.13645e-09	-0.168284
1.13658e-09	-0.169618
1.13671e-09	-0.170953
1.13684e-09	-0.172287
1.13697e-09	-0.173622
1.1371e-09	-0.174957
1.13722e-09	-0.176292
1.13735e-09	-0.177627
1.13748e-09	-0.178962
1.13761e-09	-0.180298
1.13774e-09	-0.181633
1.13787e-09	-0.182969
1.13799e-09	-0.184305
1.13812e-09	-0.185642
1.13825e-09	-0.186978
1.13838e-09	-0.188314
1.13851e-09	-0.189651
1.13864e-09	-0.190988
1.13876e-09	-0.192325
1.13889e-09	-0.193661
1.13902e-09	-0.194999
1.13915e-09	-0.196336
1.13928e-09	-0.197673
1.13941e-09	-0.19901
1.13953e-09	-0.200348
1.13966e-09	-0.201685
1.13979e-09	-0.203023
1.13992e-09	-0.204361
1.14005e-09	-0.205698
1.14018e-09	-0.207036
1.14031e-09	-0.208374
1.14043e-09	-0.209712
1.14056e-09	-0.21105
1.14069e-09	-0.212388
1.14082e-09	-0.213726
1.14095e-09	-0.215064
1.14108e-09	-0.216402
1.1412e-09	-0.21774
1.14133e-09	-0.219078
1.14146e-09	-0.220416
1.14159e-09	-0.221754
1.14172e-09	-0.223092
1.14185e-09	-0.22443
1.14197e-09	-0.225768
1.1421e-09	-0.227106
1.14223e-09	-0.228444
1.14236e-09	-0.229782
1.14249e-09	-0.23112
1.14262e-09	-0.232458
1.14275e-09	-0.233795
1.14287e-09	-0.235133
1.143e-09	-0.236471
1.14313e-09	-0.237808
1.14326e-09	-0.239146
1.14339e-09	-0.240483
1.14352e-09	-0.24182
1.14364e-09	-0.243158
1.14377e-09	-0.244495
1.1439e-09	-0.245832
1.14403e-09	-0.247168
1.14416e-09	-0.248505
1.14429e-09	-0.249842
1.14441e-09	-0.251178
1.14454e-09	-0.252515
1.14467e-09	-0.253851
1.1448e-09	-0.255187
1.14493e-09	-0.256523
1.14506e-09	-0.257859
1.14519e-09	-0.259194
1.14531e-09	-0.26053
1.14544e-09	-0.261865
1.14557e-09	-0.2632
1.1457e-09	-0.264535
1.14583e-09	-0.265869
1.14596e-09	-0.267204
1.14608e-09	-0.268538
1.14621e-09	-0.269872
1.14634e-09	-0.271206
1.14647e-09	-0.27254
1.1466e-09	-0.273873
1.14673e-09	-0.275206
1.14685e-09	-0.276539
1.14698e-09	-0.277872
1.14711e-09	-0.279204
1.14724e-09	-0.280536
1.14737e-09	-0.281868
1.1475e-09	-0.283199
1.14762e-09	-0.284531
1.14775e-09	-0.285862
1.14788e-09	-0.287193
1.14801e-09	-0.288523
1.14814e-09	-0.289853
1.14827e-09	-0.291183
1.1484e-09	-0.292513
1.14852e-09	-0.293842
1.14865e-09	-0.295171
1.14878e-09	-0.296499
1.14891e-09	-0.297827
1.14904e-09	-0.299155
1.14917e-09	-0.300483
1.14929e-09	-0.30181
1.14942e-09	-0.303137
1.14955e-09	-0.304463
1.14968e-09	-0.305789
1.14981e-09	-0.307115
1.14994e-09	-0.30844
1.15006e-09	-0.309765
1.15019e-09	-0.31109
1.15032e-09	-0.312414
1.15045e-09	-0.313737
1.15058e-09	-0.315061
1.15071e-09	-0.316384
1.15084e-09	-0.317706
1.15096e-09	-0.319028
1.15109e-09	-0.32035
1.15122e-09	-0.321671
1.15135e-09	-0.322992
1.15148e-09	-0.324312
1.15161e-09	-0.325632
1.15173e-09	-0.326951
1.15186e-09	-0.32827
1.15199e-09	-0.329588
1.15212e-09	-0.330906
1.15225e-09	-0.332224
1.15238e-09	-0.33354
1.1525e-09	-0.334857
1.15263e-09	-0.336173
1.15276e-09	-0.337488
1.15289e-09	-0.338803
1.15302e-09	-0.340117
1.15315e-09	-0.341431
1.15328e-09	-0.342744
1.1534e-09	-0.344057
1.15353e-09	-0.345369
1.15366e-09	-0.346681
1.15379e-09	-0.347992
1.15392e-09	-0.349303
1.15405e-09	-0.350612
1.15417e-09	-0.351922
1.1543e-09	-0.353231
1.15443e-09	-0.354539
1.15456e-09	-0.355846
1.15469e-09	-0.357153
1.15482e-09	-0.35846
1.15494e-09	-0.359765
1.15507e-09	-0.361071
1.1552e-09	-0.362375
1.15533e-09	-0.363679
1.15546e-09	-0.364982
1.15559e-09	-0.366285
1.15571e-09	-0.367587
1.15584e-09	-0.368888
1.15597e-09	-0.370189
1.1561e-09	-0.371489
1.15623e-09	-0.372788
1.15636e-09	-0.374086
1.15649e-09	-0.375384
1.15661e-09	-0.376682
1.15674e-09	-0.377978
1.15687e-09	-0.379274
1.157e-09	-0.380569
1.15713e-09	-0.381863
1.15726e-09	-0.383157
1.15738e-09	-0.38445
1.15751e-09	-0.385742
1.15764e-09	-0.387034
1.15777e-09	-0.388324
1.1579e-09	-0.389614
1.15803e-09	-0.390904
1.15815e-09	-0.392192
1.15828e-09	-0.39348
1.15841e-09	-0.394767
1.15854e-09	-0.396053
1.15867e-09	-0.397338
1.1588e-09	-0.398623
1.15893e-09	-0.399907
1.15905e-09	-0.40119
1.15918e-09	-0.402472
1.15931e-09	-0.403753
1.15944e-09	-0.405033
1.15957e-09	-0.406313
1.1597e-09	-0.407592
1.15982e-09	-0.40887
1.15995e-09	-0.410147
1.16008e-09	-0.411424
1.16021e-09	-0.412699
1.16034e-09	-0.413974
1.16047e-09	-0.415247
1.16059e-09	-0.41652
1.16072e-09	-0.417792
1.16085e-09	-0.419063
1.16098e-09	-0.420333
1.16111e-09	-0.421603
1.16124e-09	-0.422871
1.16137e-09	-0.424138
1.16149e-09	-0.425405
1.16162e-09	-0.426671
1.16175e-09	-0.427935
1.16188e-09	-0.429199
1.16201e-09	-0.430462
1.16214e-09	-0.431724
1.16226e-09	-0.432985
1.16239e-09	-0.434244
1.16252e-09	-0.435503
1.16265e-09	-0.436761
1.16278e-09	-0.438019
1.16291e-09	-0.439275
1.16303e-09	-0.44053
1.16316e-09	-0.441784
1.16329e-09	-0.443037
1.16342e-09	-0.444289
1.16355e-09	-0.44554
1.16368e-09	-0.44679
1.1638e-09	-0.448039
1.16393e-09	-0.449287
1.16406e-09	-0.450534
1.16419e-09	-0.45178
1.16432e-09	-0.453025
1.16445e-09	-0.454268
1.16458e-09	-0.455511
1.1647e-09	-0.456753
1.16483e-09	-0.457993
1.16496e-09	-0.459233
1.16509e-09	-0.460471
1.16522e-09	-0.461709
1.16535e-09	-0.462945
1.16547e-09	-0.46418
1.1656e-09	-0.465414
1.16573e-09	-0.466647
1.16586e-09	-0.467879
1.16599e-09	-0.46911
1.16612e-09	-0.470339
1.16624e-09	-0.471568
1.16637e-09	-0.472795
1.1665e-09	-0.474021
1.16663e-09	-0.475246
1.16676e-09	-0.47647
1.16689e-09	-0.477692
1.16702e-09	-0.478914
1.16714e-09	-0.480134
1.16727e-09	-0.481353
1.1674e-09	-0.482571
1.16753e-09	-0.483788
1.16766e-09	-0.485003
1.16779e-09	-0.486218
1.16791e-09	-0.487431
1.16804e-09	-0.488643
1.16817e-09	-0.489853
1.1683e-09	-0.491063
1.16843e-09	-0.492271
1.16856e-09	-0.493478
1.16868e-09	-0.494684
1.16881e-09	-0.495888
1.16894e-09	-0.497091
1.16907e-09	-0.498293
1.1692e-09	-0.499494
1.16933e-09	-0.500693
1.16946e-09	-0.501891
1.16958e-09	-0.503088
1.16971e-09	-0.504284
1.16984e-09	-0.505478
1.16997e-09	-0.506671
1.1701e-09	-0.507862
1.17023e-09	-0.509053
1.17035e-09	-0.510242
1.17048e-09	-0.511429
1.17061e-09	-0.512616
1.17074e-09	-0.513801
1.17087e-09	-0.514984
1.171e-09	-0.516166
1.17112e-09	-0.517347
1.17125e-09	-0.518527
1.17138e-09	-0.519705
1.17151e-09	-0.520882
1.17164e-09	-0.522057
1.17177e-09	-0.523231
1.17189e-09	-0.524404
1.17202e-09	-0.525575
1.17215e-09	-0.526745
1.17228e-09	-0.527913
1.17241e-09	-0.52908
1.17254e-09	-0.530246
1.17267e-09	-0.53141
1.17279e-09	-0.532572
1.17292e-09	-0.533734
1.17305e-09	-0.534893
1.17318e-09	-0.536052
1.17331e-09	-0.537209
1.17344e-09	-0.538364
1.17356e-09	-0.539518
1.17369e-09	-0.540671
1.17382e-09	-0.541821
1.17395e-09	-0.542971
1.17408e-09	-0.544119
1.17421e-09	-0.545266
1.17433e-09	-0.546411
1.17446e-09	-0.547554
1.17459e-09	-0.548696
1.17472e-09	-0.549837
1.17485e-09	-0.550976
1.17498e-09	-0.552113
1.17511e-09	-0.553249
1.17523e-09	-0.554383
1.17536e-09	-0.555516
1.17549e-09	-0.556647
1.17562e-09	-0.557777
1.17575e-09	-0.558905
1.17588e-09	-0.560032
1.176e-09	-0.561157
1.17613e-09	-0.56228
1.17626e-09	-0.563402
1.17639e-09	-0.564522
1.17652e-09	-0.565641
1.17665e-09	-0.566758
1.17677e-09	-0.567873
1.1769e-09	-0.568987
1.17703e-09	-0.570099
1.17716e-09	-0.571209
1.17729e-09	-0.572318
1.17742e-09	-0.573426
1.17755e-09	-0.574531
1.17767e-09	-0.575635
1.1778e-09	-0.576737
1.17793e-09	-0.577838
1.17806e-09	-0.578937
1.17819e-09	-0.580034
1.17832e-09	-0.58113
1.17844e-09	-0.582224
1.17857e-09	-0.583316
1.1787e-09	-0.584407
1.17883e-09	-0.585495
1.17896e-09	-0.586583
1.17909e-09	-0.587668
1.17921e-09	-0.588752
1.17934e-09	-0.589834
1.17947e-09	-0.590914
1.1796e-09	-0.591992
1.17973e-09	-0.593069
1.17986e-09	-0.594144
1.17998e-09	-0.595218
1.18011e-09	-0.596289
1.18024e-09	-0.597359
1.18037e-09	-0.598427
1.1805e-09	-0.599493
1.18063e-09	-0.600558
1.18076e-09	-0.60162
1.18088e-09	-0.602681
1.18101e-09	-0.60374
1.18114e-09	-0.604798
1.18127e-09	-0.605853
1.1814e-09	-0.606907
1.18153e-09	-0.607959
1.18165e-09	-0.609009
1.18178e-09	-0.610057
1.18191e-09	-0.611103
1.18204e-09	-0.612148
1.18217e-09	-0.61319
1.1823e-09	-0.614231
1.18242e-09	-0.61527
1.18255e-09	-0.616307
1.18268e-09	-0.617343
1.18281e-09	-0.618376
1.18294e-09	-0.619407
1.18307e-09	-0.620437
1.1832e-09	-0.621465
1.18332e-09	-0.622491
1.18345e-09	-0.623515
1.18358e-09	-0.624537
1.18371e-09	-0.625557
1.18384e-09	-0.626575
1.18397e-09	-0.627591
1.18409e-09	-0.628606
1.18422e-09	-0.629618
1.18435e-09	-0.630629
1.18448e-09	-0.631637
1.18461e-09	-0.632644
1.18474e-09	-0.633649
1.18486e-09	-0.634651
1.18499e-09	-0.635652
1.18512e-09	-0.636651
1.18525e-09	-0.637648
1.18538e-09	-0.638642
1.18551e-09	-0.639635
1.18564e-09	-0.640626
1.18576e-09	-0.641615
1.18589e-09	-0.642602
1.18602e-09	-0.643587
1.18615e-09	-0.64457
1.18628e-09	-0.64555
1.18641e-09	-0.646529
1.18653e-09	-0.647506
1.18666e-09	-0.648481
1.18679e-09	-0.649454
1.18692e-09	-0.650424
1.18705e-09	-0.651393
1.18718e-09	-0.652359
1.1873e-09	-0.653324
1.18743e-09	-0.654286
1.18756e-09	-0.655247
1.18769e-09	-0.656205
1.18782e-09	-0.657161
1.18795e-09	-0.658116
1.18807e-09	-0.659068
1.1882e-09	-0.660018
1.18833e-09	-0.660966
1.18846e-09	-0.661911
1.18859e-09	-0.662855
1.18872e-09	-0.663797
1.18885e-09	-0.664736
1.18897e-09	-0.665673
1.1891e-09	-0.666609
1.18923e-09	-0.667542
1.18936e-09	-0.668473
1.18949e-09	-0.669401
1.18962e-09	-0.670328
1.18974e-09	-0.671252
1.18987e-09	-0.672175
1.19e-09	-0.673095
1.19013e-09	-0.674013
1.19026e-09	-0.674929
1.19039e-09	-0.675842
1.19051e-09	-0.676754
1.19064e-09	-0.677663
1.19077e-09	-0.67857
1.1909e-09	-0.679475
1.19103e-09	-0.680378
1.19116e-09	-0.681278
1.19129e-09	-0.682176
1.19141e-09	-0.683072
1.19154e-09	-0.683966
1.19167e-09	-0.684858
1.1918e-09	-0.685747
1.19193e-09	-0.686634
1.19206e-09	-0.687519
1.19218e-09	-0.688401
1.19231e-09	-0.689282
1.19244e-09	-0.69016
1.19257e-09	-0.691036
1.1927e-09	-0.691909
1.19283e-09	-0.69278
1.19295e-09	-0.693649
1.19308e-09	-0.694516
1.19321e-09	-0.695381
1.19334e-09	-0.696243
1.19347e-09	-0.697102
1.1936e-09	-0.69796
1.19373e-09	-0.698815
1.19385e-09	-0.699668
1.19398e-09	-0.700519
1.19411e-09	-0.701367
1.19424e-09	-0.702213
1.19437e-09	-0.703056
1.1945e-09	-0.703898
1.19462e-09	-0.704737
1.19475e-09	-0.705573
1.19488e-09	-0.706407
1.19501e-09	-0.707239
1.19514e-09	-0.708069
1.19527e-09	-0.708896
1.19539e-09	-0.709721
1.19552e-09	-0.710543
1.19565e-09	-0.711363
1.19578e-09	-0.712181
1.19591e-09	-0.712996
1.19604e-09	-0.713809
1.19616e-09	-0.714619
1.19629e-09	-0.715427
1.19642e-09	-0.716233
1.19655e-09	-0.717036
1.19668e-09	-0.717837
1.19681e-09	-0.718635
1.19694e-09	-0.719431
1.19706e-09	-0.720225
1.19719e-09	-0.721016
1.19732e-09	-0.721805
1.19745e-09	-0.722591
1.19758e-09	-0.723375
1.19771e-09	-0.724156
1.19783e-09	-0.724935
1.19796e-09	-0.725711
1.19809e-09	-0.726485
1.19822e-09	-0.727257
1.19835e-09	-0.728026
1.19848e-09	-0.728792
1.1986e-09	-0.729556
1.19873e-09	-0.730318
1.19886e-09	-0.731077
1.19899e-09	-0.731833
1.19912e-09	-0.732587
1.19925e-09	-0.733339
1.19938e-09	-0.734088
1.1995e-09	-0.734834
1.19963e-09	-0.735578
1.19976e-09	-0.73632
1.19989e-09	-0.737059
1.20002e-09	-0.737795
1.20015e-09	-0.738529
1.20027e-09	-0.73926
1.2004e-09	-0.739989
1.20053e-09	-0.740715
1.20066e-09	-0.741439
1.20079e-09	-0.74216
1.20092e-09	-0.742878
1.20104e-09	-0.743594
1.20117e-09	-0.744308
1.2013e-09	-0.745018
1.20143e-09	-0.745727
1.20156e-09	-0.746432
1.20169e-09	-0.747135
1.20182e-09	-0.747836
1.20194e-09	-0.748533
1.20207e-09	-0.749229
1.2022e-09	-0.749921
1.20233e-09	-0.750611
1.20246e-09	-0.751299
1.20259e-09	-0.751983
1.20271e-09	-0.752666
1.20284e-09	-0.753345
1.20297e-09	-0.754022
1.2031e-09	-0.754696
1.20323e-09	-0.755368
1.20336e-09	-0.756037
1.20348e-09	-0.756703
1.20361e-09	-0.757367
1.20374e-09	-0.758028
1.20387e-09	-0.758686
1.204e-09	-0.759342
1.20413e-09	-0.759995
1.20425e-09	-0.760645
1.20438e-09	-0.761293
1.20451e-09	-0.761938
1.20464e-09	-0.76258
1.20477e-09	-0.76322
1.2049e-09	-0.763856
1.20503e-09	-0.764491
1.20515e-09	-0.765122
1.20528e-09	-0.765751
1.20541e-09	-0.766377
1.20554e-09	-0.767
1.20567e-09	-0.767621
1.2058e-09	-0.768239
1.20592e-09	-0.768854
1.20605e-09	-0.769467
1.20618e-09	-0.770076
1.20631e-09	-0.770683
1.20644e-09	-0.771287
1.20657e-09	-0.771889
1.20669e-09	-0.772488
1.20682e-09	-0.773084
1.20695e-09	-0.773677
1.20708e-09	-0.774267
1.20721e-09	-0.774855
1.20734e-09	-0.77544
1.20747e-09	-0.776022
1.20759e-09	-0.776601
1.20772e-09	-0.777178
1.20785e-09	-0.777752
1.20798e-09	-0.778323
1.20811e-09	-0.778891
1.20824e-09	-0.779457
1.20836e-09	-0.780019
1.20849e-09	-0.780579
1.20862e-09	-0.781136
1.20875e-09	-0.78169
1.20888e-09	-0.782242
1.20901e-09	-0.78279
1.20913e-09	-0.783336
1.20926e-09	-0.783879
1.20939e-09	-0.784419
1.20952e-09	-0.784956
1.20965e-09	-0.785491
1.20978e-09	-0.786022
1.20991e-09	-0.786551
1.21003e-09	-0.787077
1.21016e-09	-0.7876
1.21029e-09	-0.78812
1.21042e-09	-0.788637
1.21055e-09	-0.789152
1.21068e-09	-0.789663
1.2108e-09	-0.790172
1.21093e-09	-0.790678
1.21106e-09	-0.791181
1.21119e-09	-0.791681
1.21132e-09	-0.792178
1.21145e-09	-0.792673
1.21157e-09	-0.793164
1.2117e-09	-0.793653
1.21183e-09	-0.794138
1.21196e-09	-0.794621
1.21209e-09	-0.795101
1.21222e-09	-0.795578
1.21234e-09	-0.796052
1.21247e-09	-0.796523
1.2126e-09	-0.796991
1.21273e-09	-0.797456
1.21286e-09	-0.797919
1.21299e-09	-0.798378
1.21312e-09	-0.798834
1.21324e-09	-0.799288
1.21337e-09	-0.799739
1.2135e-09	-0.800186
1.21363e-09	-0.800631
1.21376e-09	-0.801073
1.21389e-09	-0.801512
1.21401e-09	-0.801947
1.21414e-09	-0.80238
1.21427e-09	-0.80281
1.2144e-09	-0.803237
1.21453e-09	-0.803661
1.21466e-09	-0.804082
1.21478e-09	-0.8045
1.21491e-09	-0.804915
1.21504e-09	-0.805327
1.21517e-09	-0.805737
1.2153e-09	-0.806143
1.21543e-09	-0.806546
1.21556e-09	-0.806946
1.21568e-09	-0.807343
1.21581e-09	-0.807737
1.21594e-09	-0.808129
1.21607e-09	-0.808517
1.2162e-09	-0.808902
1.21633e-09	-0.809284
1.21645e-09	-0.809663
1.21658e-09	-0.810039
1.21671e-09	-0.810412
1.21684e-09	-0.810782
1.21697e-09	-0.811149
1.2171e-09	-0.811513
1.21722e-09	-0.811874
1.21735e-09	-0.812232
1.21748e-09	-0.812587
1.21761e-09	-0.812939
1.21774e-09	-0.813288
1.21787e-09	-0.813634
1.218e-09	-0.813976
1.21812e-09	-0.814316
1.21825e-09	-0.814653
1.21838e-09	-0.814986
1.21851e-09	-0.815317
1.21864e-09	-0.815644
1.21877e-09	-0.815968
1.21889e-09	-0.81629
1.21902e-09	-0.816608
1.21915e-09	-0.816923
1.21928e-09	-0.817235
1.21941e-09	-0.817544
1.21954e-09	-0.81785
1.21966e-09	-0.818153
1.21979e-09	-0.818453
1.21992e-09	-0.818749
1.22005e-09	-0.819043
1.22018e-09	-0.819333
1.22031e-09	-0.81962
1.22043e-09	-0.819905
1.22056e-09	-0.820186
1.22069e-09	-0.820464
1.22082e-09	-0.820739
1.22095e-09	-0.821011
1.22108e-09	-0.821279
1.22121e-09	-0.821545
1.22133e-09	-0.821807
1.22146e-09	-0.822067
1.22159e-09	-0.822323
1.22172e-09	-0.822576
1.22185e-09	-0.822826
1.22198e-09	-0.823073
1.2221e-09	-0.823316
1.22223e-09	-0.823557
1.22236e-09	-0.823794
1.22249e-09	-0.824029
1.22262e-09	-0.82426
1.22275e-09	-0.824488
1.22287e-09	-0.824712
1.223e-09	-0.824934
1.22313e-09	-0.825153
1.22326e-09	-0.825368
1.22339e-09	-0.82558
1.22352e-09	-0.825789
1.22365e-09	-0.825995
1.22377e-09	-0.826198
1.2239e-09	-0.826397
1.22403e-09	-0.826594
1.22416e-09	-0.826787
1.22429e-09	-0.826977
1.22442e-09	-0.827164
1.22454e-09	-0.827347
1.22467e-09	-0.827528
1.2248e-09	-0.827705
1.22493e-09	-0.827879
1.22506e-09	-0.82805
1.22519e-09	-0.828218
1.22531e-09	-0.828382
1.22544e-09	-0.828544
1.22557e-09	-0.828702
1.2257e-09	-0.828857
1.22583e-09	-0.829008
1.22596e-09	-0.829157
1.22609e-09	-0.829302
1.22621e-09	-0.829444
1.22634e-09	-0.829583
1.22647e-09	-0.829719
1.2266e-09	-0.829851
1.22673e-09	-0.829981
1.22686e-09	-0.830107
1.22698e-09	-0.83023
1.22711e-09	-0.830349
1.22724e-09	-0.830466
1.22737e-09	-0.830579
1.2275e-09	-0.830689
1.22763e-09	-0.830795
1.22775e-09	-0.830899
1.22788e-09	-0.830999
1.22801e-09	-0.831096
1.22814e-09	-0.83119
1.22827e-09	-0.83128
1.2284e-09	-0.831368
1.22852e-09	-0.831452
1.22865e-09	-0.831533
1.22878e-09	-0.83161
1.22891e-09	-0.831684
1.22904e-09	-0.831755
1.22917e-09	-0.831823
1.2293e-09	-0.831888
1.22942e-09	-0.831949
1.22955e-09	-0.832007
1.22968e-09	-0.832062
1.22981e-09	-0.832113
1.22994e-09	-0.832162
1.23007e-09	-0.832207
1.23019e-09	-0.832248
1.23032e-09	-0.832287
1.23045e-09	-0.832322
1.23058e-09	-0.832354
1.23071e-09	-0.832383
1.23084e-09	-0.832408
1.23096e-09	-0.83243
1.23109e-09	-0.832449
1.23122e-09	-0.832465
1.23135e-09	-0.832477
1.23148e-09	-0.832486
1.23161e-09	-0.832492
1.23174e-09	-0.832494
1.23186e-09	-0.832493
1.23199e-09	-0.832489
1.23212e-09	-0.832482
1.23225e-09	-0.832471
1.23238e-09	-0.832457
1.23251e-09	-0.83244
1.23263e-09	-0.832419
1.23276e-09	-0.832395
1.23289e-09	-0.832368
1.23302e-09	-0.832338
1.23315e-09	-0.832304
1.23328e-09	-0.832267
1.2334e-09	-0.832227
1.23353e-09	-0.832183
1.23366e-09	-0.832136
1.23379e-09	-0.832086
1.23392e-09	-0.832032
1.23405e-09	-0.831975
1.23418e-09	-0.831915
1.2343e-09	-0.831852
1.23443e-09	-0.831785
1.23456e-09	-0.831715
1.23469e-09	-0.831641
1.23482e-09	-0.831564
1.23495e-09	-0.831484
1.23507e-09	-0.831401
1.2352e-09	-0.831314
1.23533e-09	-0.831224
1.23546e-09	-0.831131
1.23559e-09	-0.831034
1.23572e-09	-0.830934
1.23584e-09	-0.830831
1.23597e-09	-0.830724
1.2361e-09	-0.830615
1.23623e-09	-0.830501
1.23636e-09	-0.830385
1.23649e-09	-0.830265
1.23661e-09	-0.830142
1.23674e-09	-0.830015
1.23687e-09	-0.829885
1.237e-09	-0.829752
1.23713e-09	-0.829615
1.23726e-09	-0.829475
1.23739e-09	-0.829332
1.23751e-09	-0.829186
1.23764e-09	-0.829036
1.23777e-09	-0.828883
1.2379e-09	-0.828726
1.23803e-09	-0.828566
1.23816e-09	-0.828403
1.23828e-09	-0.828236
1.23841e-09	-0.828066
1.23854e-09	-0.827893
1.23867e-09	-0.827716
1.2388e-09	-0.827537
1.23893e-09	-0.827353
1.23905e-09	-0.827167
1.23918e-09	-0.826977
1.23931e-09	-0.826783
1.23944e-09	-0.826587
1.23957e-09	-0.826387
1.2397e-09	-0.826183
1.23983e-09	-0.825977
1.23995e-09	-0.825767
1.24008e-09	-0.825553
1.24021e-09	-0.825337
1.24034e-09	-0.825117
1.24047e-09	-0.824893
1.2406e-09	-0.824666
1.24072e-09	-0.824436
1.24085e-09	-0.824203
1.24098e-09	-0.823966
1.24111e-09	-0.823726
1.24124e-09	-0.823482
1.24137e-09	-0.823236
1.24149e-09	-0.822985
1.24162e-09	-0.822732
1.24175e-09	-0.822475
1.24188e-09	-0.822215
1.24201e-09	-0.821951
1.24214e-09	-0.821684
1.24227e-09	-0.821414
1.24239e-09	-0.82114
1.24252e-09	-0.820863
1.24265e-09	-0.820583
1.24278e-09	-0.820299
1.24291e-09	-0.820012
1.24304e-09	-0.819721
1.24316e-09	-0.819427
1.24329e-09	-0.81913
1.24342e-09	-0.81883
1.24355e-09	-0.818526
1.24368e-09	-0.818219
1.24381e-09	-0.817908
1.24393e-09	-0.817594
1.24406e-09	-0.817277
1.24419e-09	-0.816956
1.24432e-09	-0.816632
1.24445e-09	-0.816305
1.24458e-09	-0.815974
1.2447e-09	-0.81564
1.24483e-09	-0.815303
1.24496e-09	-0.814962
1.24509e-09	-0.814618
1.24522e-09	-0.81427
1.24535e-09	-0.81392
1.24548e-09	-0.813565
1.2456e-09	-0.813208
1.24573e-09	-0.812847
1.24586e-09	-0.812483
1.24599e-09	-0.812115
1.24612e-09	-0.811744
1.24625e-09	-0.81137
1.24637e-09	-0.810992
1.2465e-09	-0.810611
1.24663e-09	-0.810227
1.24676e-09	-0.809839
1.24689e-09	-0.809448
1.24702e-09	-0.809054
1.24714e-09	-0.808656
1.24727e-09	-0.808255
1.2474e-09	-0.80785
1.24753e-09	-0.807442
1.24766e-09	-0.807031
1.24779e-09	-0.806617
1.24792e-09	-0.806199
1.24804e-09	-0.805778
1.24817e-09	-0.805353
1.2483e-09	-0.804925
1.24843e-09	-0.804494
1.24856e-09	-0.804059
1.24869e-09	-0.803621
1.24881e-09	-0.80318
1.24894e-09	-0.802735
1.24907e-09	-0.802287
1.2492e-09	-0.801836
1.24933e-09	-0.801381
1.24946e-09	-0.800923
1.24958e-09	-0.800462
1.24971e-09	-0.799997
1.24984e-09	-0.799529
1.24997e-09	-0.799058
1.2501e-09	-0.798583
1.25023e-09	-0.798105
1.25036e-09	-0.797623
1.25048e-09	-0.797139
1.25061e-09	-0.796651
1.25074e-09	-0.796159
1.25087e-09	-0.795664
1.251e-09	-0.795166
1.25113e-09	-0.794665
1.25125e-09	-0.79416
1.25138e-09	-0.793652
1.25151e-09	-0.793141
1.25164e-09	-0.792626
1.25177e-09	-0.792108
1.2519e-09	-0.791586
1.25202e-09	-0.791062
1.25215e-09	-0.790533
1.25228e-09	-0.790002
1.25241e-09	-0.789467
1.25254e-09	-0.788929
1.25267e-09	-0.788388
1.25279e-09	-0.787843
1.25292e-09	-0.787295
1.25305e-09	-0.786744
1.25318e-09	-0.786189
1.25331e-09	-0.785631
1.25344e-09	-0.78507
1.25357e-09	-0.784505
1.25369e-09	-0.783937
1.25382e-09	-0.783366
1.25395e-09	-0.782792
1.25408e-09	-0.782214
1.25421e-09	-0.781633
1.25434e-09	-0.781048
1.25446e-09	-0.78046
1.25459e-09	-0.779869
1.25472e-09	-0.779275
1.25485e-09	-0.778677
1.25498e-09	-0.778076
1.25511e-09	-0.777472
1.25523e-09	-0.776864
1.25536e-09	-0.776253
1.25549e-09	-0.775639
1.25562e-09	-0.775021
1.25575e-09	-0.774401
1.25588e-09	-0.773777
1.25601e-09	-0.773149
1.25613e-09	-0.772519
1.25626e-09	-0.771885
1.25639e-09	-0.771247
1.25652e-09	-0.770607
1.25665e-09	-0.769963
1.25678e-09	-0.769316
1.2569e-09	-0.768665
1.25703e-09	-0.768012
1.25716e-09	-0.767355
1.25729e-09	-0.766694
1.25742e-09	-0.766031
1.25755e-09	-0.765364
1.25767e-09	-0.764694
1.2578e-09	-0.764021
1.25793e-09	-0.763344
1.25806e-09	-0.762664
1.25819e-09	-0.761981
1.25832e-09	-0.761295
1.25845e-09	-0.760605
1.25857e-09	-0.759912
1.2587e-09	-0.759216
1.25883e-09	-0.758516
1.25896e-09	-0.757814
1.25909e-09	-0.757108
1.25922e-09	-0.756398
1.25934e-09	-0.755686
1.25947e-09	-0.75497
1.2596e-09	-0.754251
1.25973e-09	-0.753529
1.25986e-09	-0.752804
1.25999e-09	-0.752075
1.26011e-09	-0.751343
1.26024e-09	-0.750608
1.26037e-09	-0.749869
1.2605e-09	-0.749128
1.26063e-09	-0.748383
1.26076e-09	-0.747635
1.26088e-09	-0.746883
1.26101e-09	-0.746129
1.26114e-09	-0.745371
1.26127e-09	-0.74461
1.2614e-09	-0.743846
1.26153e-09	-0.743078
1.26166e-09	-0.742307
1.26178e-09	-0.741534
1.26191e-09	-0.740756
1.26204e-09	-0.739976
1.26217e-09	-0.739193
1.2623e-09	-0.738406
1.26243e-09	-0.737616
1.26255e-09	-0.736823
1.26268e-09	-0.736026
1.26281e-09	-0.735227
1.26294e-09	-0.734424
1.26307e-09	-0.733618
1.2632e-09	-0.732809
1.26332e-09	-0.731997
1.26345e-09	-0.731181
1.26358e-09	-0.730362
1.26371e-09	-0.729541
1.26384e-09	-0.728715
1.26397e-09	-0.727887
1.2641e-09	-0.727056
1.26422e-09	-0.726221
1.26435e-09	-0.725383
1.26448e-09	-0.724543
1.26461e-09	-0.723698
1.26474e-09	-0.722851
1.26487e-09	-0.722001
1.26499e-09	-0.721147
1.26512e-09	-0.72029
1.26525e-09	-0.719431
1.26538e-09	-0.718567
1.26551e-09	-0.717701
1.26564e-09	-0.716832
1.26576e-09	-0.715959
1.26589e-09	-0.715084
1.26602e-09	-0.714205
1.26615e-09	-0.713323
1.26628e-09	-0.712438
1.26641e-09	-0.71155
1.26654e-09	-0.710659
1.26666e-09	-0.709764
1.26679e-09	-0.708867
1.26692e-09	-0.707966
1.26705e-09	-0.707062
1.26718e-09	-0.706155
1.26731e-09	-0.705245
1.26743e-09	-0.704332
1.26756e-09	-0.703416
1.26769e-09	-0.702497
1.26782e-09	-0.701574
1.26795e-09	-0.700649
1.26808e-09	-0.69972
1.2682e-09	-0.698788
1.26833e-09	-0.697854
1.26846e-09	-0.696916
1.26859e-09	-0.695975
1.26872e-09	-0.695031
1.26885e-09	-0.694084
1.26897e-09	-0.693133
1.2691e-09	-0.69218
1.26923e-09	-0.691224
1.26936e-09	-0.690264
1.26949e-09	-0.689302
1.26962e-09	-0.688336
1.26975e-09	-0.687368
1.26987e-09	-0.686396
1.27e-09	-0.685421
1.27013e-09	-0.684443
1.27026e-09	-0.683463
1.27039e-09	-0.682479
1.27052e-09	-0.681492
1.27064e-09	-0.680502
1.27077e-09	-0.679509
1.2709e-09	-0.678513
1.27103e-09	-0.677514
1.27116e-09	-0.676512
1.27129e-09	-0.675507
1.27141e-09	-0.674499
1.27154e-09	-0.673487
1.27167e-09	-0.672473
1.2718e-09	-0.671456
1.27193e-09	-0.670436
1.27206e-09	-0.669413
1.27219e-09	-0.668387
1.27231e-09	-0.667358
1.27244e-09	-0.666326
1.27257e-09	-0.66529
1.2727e-09	-0.664252
1.27283e-09	-0.663211
1.27296e-09	-0.662167
1.27308e-09	-0.66112
1.27321e-09	-0.66007
1.27334e-09	-0.659017
1.27347e-09	-0.657961
1.2736e-09	-0.656902
1.27373e-09	-0.65584
1.27385e-09	-0.654776
1.27398e-09	-0.653708
1.27411e-09	-0.652637
1.27424e-09	-0.651563
1.27437e-09	-0.650487
1.2745e-09	-0.649407
1.27463e-09	-0.648325
1.27475e-09	-0.647239
1.27488e-09	-0.646151
1.27501e-09	-0.64506
1.27514e-09	-0.643966
1.27527e-09	-0.642869
1.2754e-09	-0.641769
1.27552e-09	-0.640666
1.27565e-09	-0.63956
1.27578e-09	-0.638451
1.27591e-09	-0.637339
1.27604e-09	-0.636225
1.27617e-09	-0.635107
1.27629e-09	-0.633987
1.27642e-09	-0.632864
1.27655e-09	-0.631738
1.27668e-09	-0.630609
1.27681e-09	-0.629477
1.27694e-09	-0.628343
1.27706e-09	-0.627205
1.27719e-09	-0.626065
1.27732e-09	-0.624921
1.27745e-09	-0.623775
1.27758e-09	-0.622626
1.27771e-09	-0.621474
1.27784e-09	-0.62032
1.27796e-09	-0.619162
1.27809e-09	-0.618002
1.27822e-09	-0.616839
1.27835e-09	-0.615673
1.27848e-09	-0.614504
1.27861e-09	-0.613333
1.27873e-09	-0.612158
1.27886e-09	-0.610981
1.27899e-09	-0.609801
1.27912e-09	-0.608618
1.27925e-09	-0.607432
1.27938e-09	-0.606244
1.2795e-09	-0.605053
1.27963e-09	-0.603859
1.27976e-09	-0.602662
1.27989e-09	-0.601462
1.28002e-09	-0.60026
1.28015e-09	-0.599055
1.28028e-09	-0.597847
1.2804e-09	-0.596636
1.28053e-09	-0.595423
1.28066e-09	-0.594207
1.28079e-09	-0.592988
1.28092e-09	-0.591766
1.28105e-09	-0.590542
1.28117e-09	-0.589315
1.2813e-09	-0.588085
1.28143e-09	-0.586853
1.28156e-09	-0.585617
1.28169e-09	-0.584379
1.28182e-09	-0.583139
1.28194e-09	-0.581895
1.28207e-09	-0.580649
1.2822e-09	-0.5794
1.28233e-09	-0.578149
1.28246e-09	-0.576895
1.28259e-09	-0.575638
1.28272e-09	-0.574378
1.28284e-09	-0.573116
1.28297e-09	-0.571851
1.2831e-09	-0.570583
1.28323e-09	-0.569313
1.28336e-09	-0.56804
1.28349e-09	-0.566764
1.28361e-09	-0.565486
1.28374e-09	-0.564205
1.28387e-09	-0.562922
1.284e-09	-0.561636
1.28413e-09	-0.560347
1.28426e-09	-0.559055
1.28438e-09	-0.557761
1.28451e-09	-0.556465
1.28464e-09	-0.555165
1.28477e-09	-0.553864
1.2849e-09	-0.552559
1.28503e-09	-0.551252
1.28515e-09	-0.549942
1.28528e-09	-0.54863
1.28541e-09	-0.547315
1.28554e-09	-0.545998
1.28567e-09	-0.544678
1.2858e-09	-0.543355
1.28593e-09	-0.54203
1.28605e-09	-0.540702
1.28618e-09	-0.539372
1.28631e-09	-0.538039
1.28644e-09	-0.536703
1.28657e-09	-0.535366
1.2867e-09	-0.534025
1.28682e-09	-0.532682
1.28695e-09	-0.531336
1.28708e-09	-0.529988
1.28721e-09	-0.528638
1.28734e-09	-0.527285
1.28747e-09	-0.525929
1.28759e-09	-0.524571
1.28772e-09	-0.52321
1.28785e-09	-0.521847
1.28798e-09	-0.520482
1.28811e-09	-0.519113
1.28824e-09	-0.517743
1.28837e-09	-0.51637
1.28849e-09	-0.514994
1.28862e-09	-0.513616
1.28875e-09	-0.512236
1.28888e-09	-0.510853
1.28901e-09	-0.509468
1.28914e-09	-0.50808
1.28926e-09	-0.50669
1.28939e-09	-0.505297
1.28952e-09	-0.503902
1.28965e-09	-0.502504
1.28978e-09	-0.501104
1.28991e-09	-0.499702
1.29003e-09	-0.498297
1.29016e-09	-0.49689
1.29029e-09	-0.49548
1.29042e-09	-0.494068
1.29055e-09	-0.492654
1.29068e-09	-0.491237
1.29081e-09	-0.489818
1.29093e-09	-0.488397
1.29106e-09	-0.486973
1.29119e-09	-0.485547
1.29132e-09	-0.484118
1.29145e-09	-0.482687
1.29158e-09	-0.481254
1.2917e-09	-0.479818
1.29183e-09	-0.47838
1.29196e-09	-0.47694
1.29209e-09	-0.475497
1.29222e-09	-0.474052
1.29235e-09	-0.472605
1.29247e-09	-0.471156
1.2926e-09	-0.469704
1.29273e-09	-0.46825
1.29286e-09	-0.466793
1.29299e-09	-0.465334
1.29312e-09	-0.463873
1.29324e-09	-0.46241
1.29337e-09	-0.460944
1.2935e-09	-0.459477
1.29363e-09	-0.458007
1.29376e-09	-0.456534
1.29389e-09	-0.45506
1.29402e-09	-0.453583
1.29414e-09	-0.452104
1.29427e-09	-0.450622
1.2944e-09	-0.449139
1.29453e-09	-0.447653
1.29466e-09	-0.446165
1.29479e-09	-0.444675
1.29491e-09	-0.443182
1.29504e-09	-0.441688
1.29517e-09	-0.440191
1.2953e-09	-0.438692
1.29543e-09	-0.437191
1.29556e-09	-0.435688
1.29568e-09	-0.434182
1.29581e-09	-0.432674
1.29594e-09	-0.431164
1.29607e-09	-0.429652
1.2962e-09	-0.428138
1.29633e-09	-0.426622
1.29646e-09	-0.425104
1.29658e-09	-0.423583
1.29671e-09	-0.42206
1.29684e-09	-0.420536
1.29697e-09	-0.419009
1.2971e-09	-0.41748
1.29723e-09	-0.415949
1.29735e-09	-0.414415
1.29748e-09	-0.41288
1.29761e-09	-0.411343
1.29774e-09	-0.409803
1.29787e-09	-0.408262
1.298e-09	-0.406718
1.29812e-09	-0.405172
1.29825e-09	-0.403625
1.29838e-09	-0.402075
1.29851e-09	-0.400523
1.29864e-09	-0.398969
1.29877e-09	-0.397413
1.2989e-09	-0.395856
1.29902e-09	-0.394296
1.29915e-09	-0.392734
1.29928e-09	-0.39117
1.29941e-09	-0.389604
1.29954e-09	-0.388036
1.29967e-09	-0.386466
1.29979e-09	-0.384894
1.29992e-09	-0.38332
1.30005e-09	-0.381744
1.30018e-09	-0.380166
1.30031e-09	-0.378587
1.30044e-09	-0.377005
1.30056e-09	-0.375421
1.30069e-09	-0.373836
1.30082e-09	-0.372248
1.30095e-09	-0.370658
1.30108e-09	-0.369067
1.30121e-09	-0.367474
1.30133e-09	-0.365878
1.30146e-09	-0.364281
1.30159e-09	-0.362682
1.30172e-09	-0.361081
1.30185e-09	-0.359478
1.30198e-09	-0.357874
1.30211e-09	-0.356267
1.30223e-09	-0.354659
1.30236e-09	-0.353048
1.30249e-09	-0.351436
1.30262e-09	-0.349822
1.30275e-09	-0.348206
1.30288e-09	-0.346589
1.303e-09	-0.344969
1.30313e-09	-0.343348
1.30326e-09	-0.341725
1.30339e-09	-0.3401
1.30352e-09	-0.338473
1.30365e-09	-0.336844
1.30377e-09	-0.335214
1.3039e-09	-0.333582
1.30403e-09	-0.331948
1.30416e-09	-0.330312
1.30429e-09	-0.328675
1.30442e-09	-0.327036
1.30455e-09	-0.325395
1.30467e-09	-0.323752
1.3048e-09	-0.322107
1.30493e-09	-0.320461
1.30506e-09	-0.318813
1.30519e-09	-0.317164
1.30532e-09	-0.315512
1.30544e-09	-0.313859
1.30557e-09	-0.312205
1.3057e-09	-0.310548
1.30583e-09	-0.30889
1.30596e-09	-0.30723
1.30609e-09	-0.305569
1.30621e-09	-0.303905
1.30634e-09	-0.302241
1.30647e-09	-0.300574
1.3066e-09	-0.298906
1.30673e-09	-0.297236
1.30686e-09	-0.295565
1.30699e-09	-0.293892
1.30711e-09	-0.292217
1.30724e-09	-0.290541
1.30737e-09	-0.288863
1.3075e-09	-0.287183
1.30763e-09	-0.285502
1.30776e-09	-0.283819
1.30788e-09	-0.282135
1.30801e-09	-0.280449
1.30814e-09	-0.278762
1.30827e-09	-0.277073
1.3084e-09	-0.275382
1.30853e-09	-0.27369
1.30865e-09	-0.271996
1.30878e-09	-0.270301
1.30891e-09	-0.268605
1.30904e-09	-0.266906
1.30917e-09	-0.265207
1.3093e-09	-0.263505
1.30942e-09	-0.261803
1.30955e-09	-0.260098
1.30968e-09	-0.258393
1.30981e-09	-0.256685
1.30994e-09	-0.254977
1.31007e-09	-0.253266
1.3102e-09	-0.251555
1.31032e-09	-0.249842
1.31045e-09	-0.248127
1.31058e-09	-0.246411
1.31071e-09	-0.244694
1.31084e-09	-0.242975
1.31097e-09	-0.241255
1.31109e-09	-0.239533
1.31122e-09	-0.23781
1.31135e-09	-0.236085
1.31148e-09	-0.234359
1.31161e-09	-0.232632
1.31174e-09	-0.230903
1.31186e-09	-0.229173
1.31199e-09	-0.227442
1.31212e-09	-0.225709
1.31225e-09	-0.223975
1.31238e-09	-0.22224
1.31251e-09	-0.220503
1.31264e-09	-0.218765
1.31276e-09	-0.217025
1.31289e-09	-0.215284
1.31302e-09	-0.213542
1.31315e-09	-0.211799
1.31328e-09	-0.210054
1.31341e-09	-0.208308
1.31353e-09	-0.206561
1.31366e-09	-0.204812
1.31379e-09	-0.203063
1.31392e-09	-0.201312
1.31405e-09	-0.199559
1.31418e-09	-0.197806
1.3143e-09	-0.196051
1.31443e-09	-0.194295
1.31456e-09	-0.192538
1.31469e-09	-0.190779
1.31482e-09	-0.189019
1.31495e-09	-0.187258
1.31508e-09	-0.185496
1.3152e-09	-0.183733
1.31533e-09	-0.181969
1.31546e-09	-0.180203
1.31559e-09	-0.178436
1.31572e-09	-0.176668
1.31585e-09	-0.174899
1.31597e-09	-0.173129
1.3161e-09	-0.171357
1.31623e-09	-0.169585
1.31636e-09	-0.167811
1.31649e-09	-0.166036
1.31662e-09	-0.16426
1.31674e-09	-0.162483
1.31687e-09	-0.160705
1.317e-09	-0.158926
1.31713e-09	-0.157145
1.31726e-09	-0.155364
1.31739e-09	-0.153581
1.31751e-09	-0.151798
1.31764e-09	-0.150013
1.31777e-09	-0.148228
1.3179e-09	-0.146441
1.31803e-09	-0.144653
1.31816e-09	-0.142865
1.31829e-09	-0.141075
1.31841e-09	-0.139284
1.31854e-09	-0.137492
1.31867e-09	-0.135699
1.3188e-09	-0.133906
1.31893e-09	-0.132111
1.31906e-09	-0.130315
1.31918e-09	-0.128519
1.31931e-09	-0.126721
1.31944e-09	-0.124922
1.31957e-09	-0.123123
1.3197e-09	-0.121322
1.31983e-09	-0.119521
1.31995e-09	-0.117718
1.32008e-09	-0.115915
1.32021e-09	-0.114111
1.32034e-09	-0.112306
1.32047e-09	-0.1105
1.3206e-09	-0.108693
1.32073e-09	-0.106885
1.32085e-09	-0.105077
1.32098e-09	-0.103267
1.32111e-09	-0.101457
1.32124e-09	-0.0996458
1.32137e-09	-0.0978338
1.3215e-09	-0.0960209
1.32162e-09	-0.0942072
1.32175e-09	-0.0923927
1.32188e-09	-0.0905773
1.32201e-09	-0.0887612
1.32214e-09	-0.0869443
1.32227e-09	-0.0851266
1.32239e-09	-0.0833081
1.32252e-09	-0.0814888
1.32265e-09	-0.0796687
1.32278e-09	-0.0778479
1.32291e-09	-0.0760263
1.32304e-09	-0.074204
1.32317e-09	-0.072381
1.32329e-09	-0.0705572
1.32342e-09	-0.0687327
1.32355e-09	-0.0669074
1.32368e-09	-0.0650815
1.32381e-09	-0.0632549
1.32394e-09	-0.0614275
1.32406e-09	-0.0595995
1.32419e-09	-0.0577708
1.32432e-09	-0.0559414
1.32445e-09	-0.0541114
1.32458e-09	-0.0522807
1.32471e-09	-0.0504494
1.32483e-09	-0.0486174
1.32496e-09	-0.0467848
1.32509e-09	-0.0449515
1.32522e-09	-0.0431177
1.32535e-09	-0.0412832
1.32548e-09	-0.0394481
1.3256e-09	-0.0376124
1.32573e-09	-0.0357762
1.32586e-09	-0.0339393
1.32599e-09	-0.0321019
1.32612e-09	-0.0302639
1.32625e-09	-0.0284254
1.32638e-09	-0.0265863
1.3265e-09	-0.0247467
1.32663e-09	-0.0229065
1.32676e-09	-0.0210658
1.32689e-09	-0.0192246
1.32702e-09	-0.0173828
1.32715e-09	-0.0155406
1.32727e-09	-0.0136979
1.3274e-09	-0.0118546
1.32753e-09	-0.0100109
1.32766e-09	-0.00816674
1.32779e-09	-0.00632209
1.32792e-09	-0.00447698
1.32804e-09	-0.00263142
1.32817e-09	-0.000785409
1.3283e-09	0.00106103
1.32843e-09	0.00290791
1.32856e-09	0.0047552
1.32869e-09	0.00660291
1.32882e-09	0.00845102
1.32894e-09	0.0102995
1.32907e-09	0.0121484
1.3292e-09	0.0139977
1.32933e-09	0.0158474
1.32946e-09	0.0176974
1.32959e-09	0.0195478
1.32971e-09	0.0213985
1.32984e-09	0.0232496
1.32997e-09	0.025101
1.3301e-09	0.0269528
1.33023e-09	0.0288049
1.33036e-09	0.0306573
1.33048e-09	0.0325099
1.33061e-09	0.0343629
1.33074e-09	0.0362162
1.33087e-09	0.0380698
1.331e-09	0.0399236
1.33113e-09	0.0417777
1.33126e-09	0.0436321
1.33138e-09	0.0454867
1.33151e-09	0.0473416
1.33164e-09	0.0491967
1.33177e-09	0.051052
1.3319e-09	0.0529076
1.33203e-09	0.0547633
1.33215e-09	0.0566193
1.33228e-09	0.0584755
1.33241e-09	0.0603318
1.33254e-09	0.0621884
1.33267e-09	0.0640451
1.3328e-09	0.065902
1.33292e-09	0.067759
1.33305e-09	0.0696162
1.33318e-09	0.0714735
1.33331e-09	0.073331
1.33344e-09	0.0751886
1.33357e-09	0.0770463
1.33369e-09	0.0789042
1.33382e-09	0.0807621
1.33395e-09	0.0826201
1.33408e-09	0.0844783
1.33421e-09	0.0863365
1.33434e-09	0.0881947
1.33447e-09	0.0900531
1.33459e-09	0.0919115
1.33472e-09	0.0937699
1.33485e-09	0.0956284
1.33498e-09	0.097487
1.33511e-09	0.0993455
1.33524e-09	0.101204
1.33536e-09	0.103063
1.33549e-09	0.104921
1.33562e-09	0.10678
1.33575e-09	0.108638
1.33588e-09	0.110497
1.33601e-09	0.112356
1.33613e-09	0.114214
1.33626e-09	0.116073
1.33639e-09	0.117931
1.33652e-09	0.119789
1.33665e-09	0.121648
1.33678e-09	0.123506
1.33691e-09	0.125364
1.33703e-09	0.127222
1.33716e-09	0.12908
1.33729e-09	0.130938
1.33742e-09	0.132795
1.33755e-09	0.134653
1.33768e-09	0.13651
1.3378e-09	0.138368
1.33793e-09	0.140225
1.33806e-09	0.142082
1.33819e-09	0.143939
1.33832e-09	0.145796
1.33845e-09	0.147652
1.33857e-09	0.149508
1.3387e-09	0.151365
1.33883e-09	0.153221
1.33896e-09	0.155076
1.33909e-09	0.156932
1.33922e-09	0.158787
1.33935e-09	0.160642
1.33947e-09	0.162497
1.3396e-09	0.164352
1.33973e-09	0.166206
1.33986e-09	0.16806
1.33999e-09	0.169914
1.34012e-09	0.171767
1.34024e-09	0.173621
1.34037e-09	0.175474
1.3405e-09	0.177326
1.34063e-09	0.179179
1.34076e-09	0.181031
1.34089e-09	0.182882
1.34101e-09	0.184734
1.34114e-09	0.186585
1.34127e-09	0.188435
1.3414e-09	0.190286
1.34153e-09	0.192136
1.34166e-09	0.193985
1.34178e-09	0.195834
1.34191e-09	0.197683
1.34204e-09	0.199532
1.34217e-09	0.20138
1.3423e-09	0.203227
1.34243e-09	0.205074
1.34256e-09	0.206921
1.34268e-09	0.208768
1.34281e-09	0.210613
1.34294e-09	0.212459
1.34307e-09	0.214304
1.3432e-09	0.216148
1.34333e-09	0.217992
1.34345e-09	0.219836
1.34358e-09	0.221679
1.34371e-09	0.223522
1.34384e-09	0.225364
1.34397e-09	0.227205
1.3441e-09	0.229046
1.34422e-09	0.230887
1.34435e-09	0.232727
1.34448e-09	0.234566
1.34461e-09	0.236405
1.34474e-09	0.238243
1.34487e-09	0.240081
1.345e-09	0.241918
1.34512e-09	0.243755
1.34525e-09	0.245591
1.34538e-09	0.247426
1.34551e-09	0.249261
1.34564e-09	0.251095
1.34577e-09	0.252929
1.34589e-09	0.254762
1.34602e-09	0.256594
1.34615e-09	0.258426
1.34628e-09	0.260257
1.34641e-09	0.262087
1.34654e-09	0.263917
1.34666e-09	0.265746
1.34679e-09	0.267574
1.34692e-09	0.269402
1.34705e-09	0.271229
1.34718e-09	0.273055
1.34731e-09	0.27488
1.34744e-09	0.276705
1.34756e-09	0.278529
1.34769e-09	0.280352
1.34782e-09	0.282175
1.34795e-09	0.283997
1.34808e-09	0.285818
1.34821e-09	0.287638
1.34833e-09	0.289458
1.34846e-09	0.291276
1.34859e-09	0.293094
1.34872e-09	0.294911
1.34885e-09	0.296728
1.34898e-09	0.298543
1.3491e-09	0.300358
1.34923e-09	0.302172
1.34936e-09	0.303985
1.34949e-09	0.305797
1.34962e-09	0.307608
1.34975e-09	0.309418
1.34987e-09	0.311228
1.35e-09	0.313037
1.35013e-09	0.314845
1.35026e-09	0.316651
1.35039e-09	0.318457
1.35052e-09	0.320263
1.35065e-09	0.322067
1.35077e-09	0.32387
1.3509e-09	0.325672
1.35103e-09	0.327474
1.35116e-09	0.329274
1.35129e-09	0.331074
1.35142e-09	0.332872
1.35154e-09	0.33467
1.35167e-09	0.336466
1.3518e-09	0.338262
1.35193e-09	0.340056
1.35206e-09	0.34185
1.35219e-09	0.343642
1.35231e-09	0.345434
1.35244e-09	0.347224
1.35257e-09	0.349014
1.3527e-09	0.350802
1.35283e-09	0.35259
1.35296e-09	0.354376
1.35309e-09	0.356161
1.35321e-09	0.357946
1.35334e-09	0.359729
1.35347e-09	0.361511
1.3536e-09	0.363292
1.35373e-09	0.365072
1.35386e-09	0.36685
1.35398e-09	0.368628
1.35411e-09	0.370405
1.35424e-09	0.37218
1.35437e-09	0.373954
1.3545e-09	0.375727
1.35463e-09	0.377499
1.35475e-09	0.37927
1.35488e-09	0.381039
1.35501e-09	0.382808
1.35514e-09	0.384575
1.35527e-09	0.386341
1.3554e-09	0.388106
1.35553e-09	0.38987
1.35565e-09	0.391632
1.35578e-09	0.393393
1.35591e-09	0.395153
1.35604e-09	0.396912
1.35617e-09	0.398669
1.3563e-09	0.400426
1.35642e-09	0.402181
1.35655e-09	0.403934
1.35668e-09	0.405687
1.35681e-09	0.407438
1.35694e-09	0.409188
1.35707e-09	0.410936
1.35719e-09	0.412683
1.35732e-09	0.414429
1.35745e-09	0.416174
1.35758e-09	0.417917
1.35771e-09	0.419659
1.35784e-09	0.4214
1.35796e-09	0.423139
1.35809e-09	0.424877
1.35822e-09	0.426613
1.35835e-09	0.428348
1.35848e-09	0.430082
1.35861e-09	0.431815
1.35874e-09	0.433546
1.35886e-09	0.435275
1.35899e-09	0.437003
1.35912e-09	0.43873
1.35925e-09	0.440455
1.35938e-09	0.442179
1.35951e-09	0.443902
1.35963e-09	0.445623
1.35976e-09	0.447342
1.35989e-09	0.44906
1.36002e-09	0.450777
1.36015e-09	0.452492
1.36028e-09	0.454205
1.3604e-09	0.455918
1.36053e-09	0.457628
1.36066e-09	0.459337
1.36079e-09	0.461045
1.36092e-09	0.462751
1.36105e-09	0.464456
1.36118e-09	0.466159
1.3613e-09	0.46786
1.36143e-09	0.46956
1.36156e-09	0.471258
1.36169e-09	0.472955
1.36182e-09	0.47465
1.36195e-09	0.476344
1.36207e-09	0.478036
1.3622e-09	0.479726
1.36233e-09	0.481415
1.36246e-09	0.483102
1.36259e-09	0.484788
1.36272e-09	0.486472
1.36284e-09	0.488154
1.36297e-09	0.489835
1.3631e-09	0.491514
1.36323e-09	0.493192
1.36336e-09	0.494867
1.36349e-09	0.496541
1.36362e-09	0.498214
1.36374e-09	0.499885
1.36387e-09	0.501554
1.364e-09	0.503221
1.36413e-09	0.504887
1.36426e-09	0.50655
1.36439e-09	0.508213
1.36451e-09	0.509873
1.36464e-09	0.511532
1.36477e-09	0.513189
1.3649e-09	0.514844
1.36503e-09	0.516497
1.36516e-09	0.518149
1.36528e-09	0.519799
1.36541e-09	0.521447
1.36554e-09	0.523094
1.36567e-09	0.524738
1.3658e-09	0.526381
1.36593e-09	0.528022
1.36605e-09	0.529661
1.36618e-09	0.531299
1.36631e-09	0.532934
1.36644e-09	0.534568
1.36657e-09	0.5362
1.3667e-09	0.53783
1.36683e-09	0.539458
1.36695e-09	0.541084
1.36708e-09	0.542708
1.36721e-09	0.544331
1.36734e-09	0.545952
1.36747e-09	0.54757
1.3676e-09	0.549187
1.36772e-09	0.550802
1.36785e-09	0.552415
1.36798e-09	0.554026
1.36811e-09	0.555635
1.36824e-09	0.557243
1.36837e-09	0.558848
1.36849e-09	0.560451
1.36862e-09	0.562053
1.36875e-09	0.563652
1.36888e-09	0.56525
1.36901e-09	0.566845
1.36914e-09	0.568439
1.36927e-09	0.57003
1.36939e-09	0.57162
1.36952e-09	0.573207
1.36965e-09	0.574793
1.36978e-09	0.576376
1.36991e-09	0.577958
1.37004e-09	0.579537
1.37016e-09	0.581115
1.37029e-09	0.58269
1.37042e-09	0.584263
1.37055e-09	0.585835
1.37068e-09	0.587404
1.37081e-09	0.588971
1.37093e-09	0.590536
1.37106e-09	0.592099
1.37119e-09	0.59366
1.37132e-09	0.595218
1.37145e-09	0.596775
1.37158e-09	0.59833
1.37171e-09	0.599882
1.37183e-09	0.601432
1.37196e-09	0.60298
1.37209e-09	0.604526
1.37222e-09	0.60607
1.37235e-09	0.607612
1.37248e-09	0.609152
1.3726e-09	0.610689
1.37273e-09	0.612224
1.37286e-09	0.613757
1.37299e-09	0.615288
1.37312e-09	0.616817
1.37325e-09	0.618343
1.37337e-09	0.619867
1.3735e-09	0.621389
1.37363e-09	0.622909
1.37376e-09	0.624427
1.37389e-09	0.625942
1.37402e-09	0.627455
1.37414e-09	0.628966
1.37427e-09	0.630475
1.3744e-09	0.631981
1.37453e-09	0.633485
1.37466e-09	0.634987
1.37479e-09	0.636486
1.37492e-09	0.637984
1.37504e-09	0.639479
1.37517e-09	0.640971
1.3753e-09	0.642462
1.37543e-09	0.64395
1.37556e-09	0.645435
1.37569e-09	0.646919
1.37581e-09	0.6484
1.37594e-09	0.649878
1.37607e-09	0.651355
1.3762e-09	0.652829
1.37633e-09	0.6543
1.37646e-09	0.65577
1.37658e-09	0.657237
1.37671e-09	0.658701
1.37684e-09	0.660163
1.37697e-09	0.661623
1.3771e-09	0.66308
1.37723e-09	0.664535
1.37736e-09	0.665988
1.37748e-09	0.667438
1.37761e-09	0.668886
1.37774e-09	0.670331
1.37787e-09	0.671774
1.378e-09	0.673214
1.37813e-09	0.674652
1.37825e-09	0.676088
1.37838e-09	0.677521
1.37851e-09	0.678951
1.37864e-09	0.680379
1.37877e-09	0.681805
1.3789e-09	0.683228
1.37902e-09	0.684649
1.37915e-09	0.686067
1.37928e-09	0.687483
1.37941e-09	0.688896
1.37954e-09	0.690306
1.37967e-09	0.691714
1.3798e-09	0.69312
1.37992e-09	0.694523
1.38005e-09	0.695924
1.38018e-09	0.697321
1.38031e-09	0.698717
1.38044e-09	0.70011
1.38057e-09	0.7015
1.38069e-09	0.702888
1.38082e-09	0.704273
1.38095e-09	0.705655
1.38108e-09	0.707035
1.38121e-09	0.708413
1.38134e-09	0.709787
1.38146e-09	0.711159
1.38159e-09	0.712529
1.38172e-09	0.713896
1.38185e-09	0.71526
1.38198e-09	0.716622
1.38211e-09	0.717981
1.38223e-09	0.719337
1.38236e-09	0.720691
1.38249e-09	0.722042
1.38262e-09	0.72339
1.38275e-09	0.724736
1.38288e-09	0.726079
1.38301e-09	0.727419
1.38313e-09	0.728757
1.38326e-09	0.730092
1.38339e-09	0.731424
1.38352e-09	0.732754
1.38365e-09	0.734081
1.38378e-09	0.735405
1.3839e-09	0.736726
1.38403e-09	0.738045
1.38416e-09	0.739361
1.38429e-09	0.740674
1.38442e-09	0.741985
1.38455e-09	0.743292
1.38467e-09	0.744597
1.3848e-09	0.7459
1.38493e-09	0.747199
1.38506e-09	0.748496
1.38519e-09	0.74979
1.38532e-09	0.751081
1.38545e-09	0.752369
1.38557e-09	0.753655
1.3857e-09	0.754937
1.38583e-09	0.756217
1.38596e-09	0.757494
1.38609e-09	0.758769
1.38622e-09	0.76004
1.38634e-09	0.761309
1.38647e-09	0.762574
1.3866e-09	0.763837
1.38673e-09	0.765098
1.38686e-09	0.766355
1.38699e-09	0.767609
1.38711e-09	0.768861
1.38724e-09	0.770109
1.38737e-09	0.771355
1.3875e-09	0.772598
1.38763e-09	0.773838
1.38776e-09	0.775075
1.38789e-09	0.77631
1.38801e-09	0.777541
1.38814e-09	0.778769
1.38827e-09	0.779995
1.3884e-09	0.781217
1.38853e-09	0.782437
1.38866e-09	0.783654
1.38878e-09	0.784868
1.38891e-09	0.786079
1.38904e-09	0.787287
1.38917e-09	0.788491
1.3893e-09	0.789694
1.38943e-09	0.790893
1.38955e-09	0.792089
1.38968e-09	0.793282
1.38981e-09	0.794472
1.38994e-09	0.795659
1.39007e-09	0.796843
1.3902e-09	0.798025
1.39032e-09	0.799203
1.39045e-09	0.800378
1.39058e-09	0.80155
1.39071e-09	0.802719
1.39084e-09	0.803885
1.39097e-09	0.805049
1.3911e-09	0.806209
1.39122e-09	0.807366
1.39135e-09	0.80852
1.39148e-09	0.809671
1.39161e-09	0.810819
1.39174e-09	0.811964
1.39187e-09	0.813105
1.39199e-09	0.814244
1.39212e-09	0.81538
1.39225e-09	0.816512
1.39238e-09	0.817642
1.39251e-09	0.818768
1.39264e-09	0.819892
1.39276e-09	0.821012
1.39289e-09	0.822129
1.39302e-09	0.823243
1.39315e-09	0.824354
1.39328e-09	0.825462
1.39341e-09	0.826567
1.39354e-09	0.827668
1.39366e-09	0.828767
1.39379e-09	0.829862
1.39392e-09	0.830954
1.39405e-09	0.832044
1.39418e-09	0.833129
1.39431e-09	0.834212
1.39443e-09	0.835292
1.39456e-09	0.836368
1.39469e-09	0.837442
1.39482e-09	0.838512
1.39495e-09	0.839579
1.39508e-09	0.840642
1.3952e-09	0.841703
1.39533e-09	0.84276
1.39546e-09	0.843814
1.39559e-09	0.844865
1.39572e-09	0.845913
1.39585e-09	0.846958
1.39598e-09	0.847999
1.3961e-09	0.849037
1.39623e-09	0.850072
1.39636e-09	0.851104
1.39649e-09	0.852132
1.39662e-09	0.853157
1.39675e-09	0.854179
1.39687e-09	0.855198
1.397e-09	0.856214
1.39713e-09	0.857226
1.39726e-09	0.858235
1.39739e-09	0.85924
1.39752e-09	0.860243
1.39764e-09	0.861242
1.39777e-09	0.862238
1.3979e-09	0.86323
1.39803e-09	0.86422
1.39816e-09	0.865206
1.39829e-09	0.866188
1.39841e-09	0.867168
1.39854e-09	0.868144
1.39867e-09	0.869117
1.3988e-09	0.870086
1.39893e-09	0.871052
1.39906e-09	0.872015
1.39919e-09	0.872975
1.39931e-09	0.873931
1.39944e-09	0.874884
1.39957e-09	0.875833
1.3997e-09	0.87678
1.39983e-09	0.877722
1.39996e-09	0.878662
1.40008e-09	0.879598
1.40021e-09	0.880531
1.40034e-09	0.88146
1.40047e-09	0.882386
1.4006e-09	0.883309
1.40073e-09	0.884228
1.40085e-09	0.885144
1.40098e-09	0.886057
1.40111e-09	0.886966
1.40124e-09	0.887872
1.40137e-09	0.888774
1.4015e-09	0.889673
1.40163e-09	0.890569
1.40175e-09	0.891461
1.40188e-09	0.892349
1.40201e-09	0.893235
1.40214e-09	0.894117
1.40227e-09	0.894995
1.4024e-09	0.89587
1.40252e-09	0.896742
1.40265e-09	0.89761
1.40278e-09	0.898475
1.40291e-09	0.899336
1.40304e-09	0.900194
1.40317e-09	0.901048
1.40329e-09	0.901899
1.40342e-09	0.902747
1.40355e-09	0.903591
1.40368e-09	0.904432
1.40381e-09	0.905269
1.40394e-09	0.906102
1.40407e-09	0.906932
1.40419e-09	0.907759
1.40432e-09	0.908582
1.40445e-09	0.909402
1.40458e-09	0.910218
1.40471e-09	0.911031
1.40484e-09	0.91184
1.40496e-09	0.912646
1.40509e-09	0.913448
1.40522e-09	0.914247
1.40535e-09	0.915042
1.40548e-09	0.915834
1.40561e-09	0.916622
1.40573e-09	0.917407
1.40586e-09	0.918188
1.40599e-09	0.918965
1.40612e-09	0.919739
1.40625e-09	0.92051
1.40638e-09	0.921277
1.4065e-09	0.92204
1.40663e-09	0.9228
1.40676e-09	0.923557
1.40689e-09	0.924309
1.40702e-09	0.925058
1.40715e-09	0.925804
1.40728e-09	0.926546
1.4074e-09	0.927285
1.40753e-09	0.92802
1.40766e-09	0.928751
1.40779e-09	0.929479
1.40792e-09	0.930203
1.40805e-09	0.930924
1.40817e-09	0.931641
1.4083e-09	0.932354
1.40843e-09	0.933064
1.40856e-09	0.93377
1.40869e-09	0.934473
1.40882e-09	0.935172
1.40894e-09	0.935868
1.40907e-09	0.93656
1.4092e-09	0.937248
1.40933e-09	0.937932
1.40946e-09	0.938613
1.40959e-09	0.939291
1.40972e-09	0.939965
1.40984e-09	0.940635
1.40997e-09	0.941301
1.4101e-09	0.941964
1.41023e-09	0.942623
1.41036e-09	0.943279
1.41049e-09	0.943931
1.41061e-09	0.944579
1.41074e-09	0.945224
1.41087e-09	0.945865
1.411e-09	0.946502
1.41113e-09	0.947136
1.41126e-09	0.947766
1.41138e-09	0.948393
1.41151e-09	0.949015
1.41164e-09	0.949634
1.41177e-09	0.95025
1.4119e-09	0.950862
1.41203e-09	0.95147
1.41216e-09	0.952074
1.41228e-09	0.952675
1.41241e-09	0.953272
1.41254e-09	0.953865
1.41267e-09	0.954455
1.4128e-09	0.955041
1.41293e-09	0.955623
1.41305e-09	0.956201
1.41318e-09	0.956776
1.41331e-09	0.957347
1.41344e-09	0.957915
1.41357e-09	0.958479
1.4137e-09	0.959039
1.41382e-09	0.959595
1.41395e-09	0.960148
1.41408e-09	0.960696
1.41421e-09	0.961242
1.41434e-09	0.961783
1.41447e-09	0.962321
1.41459e-09	0.962855
1.41472e-09	0.963385
1.41485e-09	0.963911
1.41498e-09	0.964434
1.41511e-09	0.964953
1.41524e-09	0.965469
1.41537e-09	0.96598
1.41549e-09	0.966488
1.41562e-09	0.966992
1.41575e-09	0.967493
1.41588e-09	0.967989
1.41601e-09	0.968482
1.41614e-09	0.968971
1.41626e-09	0.969456
1.41639e-09	0.969938
1.41652e-09	0.970416
1.41665e-09	0.97089
1.41678e-09	0.97136
1.41691e-09	0.971827
1.41703e-09	0.97229
1.41716e-09	0.972748
1.41729e-09	0.973204
1.41742e-09	0.973655
1.41755e-09	0.974103
1.41768e-09	0.974547
1.41781e-09	0.974987
1.41793e-09	0.975423
1.41806e-09	0.975856
1.41819e-09	0.976284
1.41832e-09	0.976709
1.41845e-09	0.977131
1.41858e-09	0.977548
1.4187e-09	0.977961
1.41883e-09	0.978371
1.41896e-09	0.978777
1.41909e-09	0.97918
1.41922e-09	0.979578
1.41935e-09	0.979972
1.41947e-09	0.980363
1.4196e-09	0.98075
1.41973e-09	0.981133
1.41986e-09	0.981513
1.41999e-09	0.981888
1.42012e-09	0.98226
1.42025e-09	0.982628
1.42037e-09	0.982992
1.4205e-09	0.983352
1.42063e-09	0.983709
1.42076e-09	0.984061
1.42089e-09	0.98441
1.42102e-09	0.984755
1.42114e-09	0.985096
1.42127e-09	0.985434
1.4214e-09	0.985767
1.42153e-09	0.986097
1.42166e-09	0.986423
1.42179e-09	0.986745
1.42191e-09	0.987063
1.42204e-09	0.987377
1.42217e-09	0.987688
1.4223e-09	0.987994
1.42243e-09	0.988297
1.42256e-09	0.988596
1.42268e-09	0.988891
1.42281e-09	0.989183
1.42294e-09	0.98947
1.42307e-09	0.989754
1.4232e-09	0.990033
1.42333e-09	0.990309
1.42346e-09	0.990581
1.42358e-09	0.990849
1.42371e-09	0.991114
1.42384e-09	0.991374
1.42397e-09	0.991631
1.4241e-09	0.991884
1.42423e-09	0.992133
1.42435e-09	0.992378
1.42448e-09	0.992619
1.42461e-09	0.992856
1.42474e-09	0.99309
1.42487e-09	0.993319
1.425e-09	0.993545
1.42512e-09	0.993767
1.42525e-09	0.993985
1.42538e-09	0.994199
1.42551e-09	0.994409
1.42564e-09	0.994616
1.42577e-09	0.994818
1.4259e-09	0.995017
1.42602e-09	0.995212
1.42615e-09	0.995403
1.42628e-09	0.99559
1.42641e-09	0.995773
1.42654e-09	0.995952
1.42667e-09	0.996128
1.42679e-09	0.996299
1.42692e-09	0.996467
1.42705e-09	0.996631
1.42718e-09	0.99679
1.42731e-09	0.996946
1.42744e-09	0.997099
1.42756e-09	0.997247
1.42769e-09	0.997391
1.42782e-09	0.997532
1.42795e-09	0.997668
1.42808e-09	0.997801
1.42821e-09	0.99793
1.42834e-09	0.998055
1.42846e-09	0.998176
1.42859e-09	0.998293
1.42872e-09	0.998406
1.42885e-09	0.998516
1.42898e-09	0.998621
1.42911e-09	0.998723
1.42923e-09	0.998821
1.42936e-09	0.998915
1.42949e-09	0.999005
1.42962e-09	0.999091
1.42975e-09	0.999173
1.42988e-09	0.999251
1.43e-09	0.999326
1.43013e-09	0.999396
1.43026e-09	0.999463
1.43039e-09	0.999525
1.43052e-09	0.999584
1.43065e-09	0.999639
1.43077e-09	0.99969
1.4309e-09	0.999738
1.43103e-09	0.999781
1.43116e-09	0.99982
1.43129e-09	0.999856
1.43142e-09	0.999887
1.43155e-09	0.999915
1.43167e-09	0.999939
1.4318e-09	0.999959
1.43193e-09	0.999975
1.43206e-09	0.999987
1.43219e-09	0.999995
1.43232e-09	0.999999
1.43244e-09	1
1.43257e-09	0.999996
1.4327e-09	0.999989
1.43283e-09	0.999978
1.43296e-09	0.999963
1.43309e-09	0.999943
1.43321e-09	0.999921
1.43334e-09	0.999894
1.43347e-09	0.999863
1.4336e-09	0.999828
1.43373e-09	0.99979
1.43386e-09	0.999747
1.43399e-09	0.999701
1.43411e-09	0.999651
1.43424e-09	0.999597
1.43437e-09	0.999539
1.4345e-09	0.999477
1.43463e-09	0.999411
1.43476e-09	0.999342
1.43488e-09	0.999268
1.43501e-09	0.999191
1.43514e-09	0.999109
1.43527e-09	0.999024
1.4354e-09	0.998935
1.43553e-09	0.998842
1.43565e-09	0.998745
1.43578e-09	0.998644
1.43591e-09	0.99854
1.43604e-09	0.998431
1.43617e-09	0.998319
1.4363e-09	0.998203
1.43643e-09	0.998082
1.43655e-09	0.997958
1.43668e-09	0.99783
1.43681e-09	0.997698
1.43694e-09	0.997563
1.43707e-09	0.997423
1.4372e-09	0.997279
1.43732e-09	0.997132
1.43745e-09	0.996981
1.43758e-09	0.996826
1.43771e-09	0.996667
1.43784e-09	0.996504
1.43797e-09	0.996337
1.43809e-09	0.996166
1.43822e-09	0.995992
1.43835e-09	0.995813
1.43848e-09	0.995631
1.43861e-09	0.995445
1.43874e-09	0.995255
1.43886e-09	0.995061
1.43899e-09	0.994863
1.43912e-09	0.994661
1.43925e-09	0.994456
1.43938e-09	0.994246
1.43951e-09	0.994033
1.43964e-09	0.993816
1.43976e-09	0.993595
1.43989e-09	0.99337
1.44002e-09	0.993141
1.44015e-09	0.992909
1.44028e-09	0.992672
1.44041e-09	0.992432
1.44053e-09	0.992188
1.44066e-09	0.99194
1.44079e-09	0.991688
1.44092e-09	0.991432
1.44105e-09	0.991172
1.44118e-09	0.990909
1.4413e-09	0.990642
1.44143e-09	0.99037
1.44156e-09	0.990095
1.44169e-09	0.989816
1.44182e-09	0.989534
1.44195e-09	0.989247
1.44208e-09	0.988957
1.4422e-09	0.988662
1.44233e-09	0.988364
1.44246e-09	0.988062
1.44259e-09	0.987757
1.44272e-09	0.987447
1.44285e-09	0.987133
1.44297e-09	0.986816
1.4431e-09	0.986495
1.44323e-09	0.98617
1.44336e-09	0.985841
1.44349e-09	0.985509
1.44362e-09	0.985172
1.44374e-09	0.984832
1.44387e-09	0.984488
1.444e-09	0.98414
1.44413e-09	0.983788
1.44426e-09	0.983432
1.44439e-09	0.983073
1.44452e-09	0.98271
1.44464e-09	0.982342
1.44477e-09	0.981972
1.4449e-09	0.981597
1.44503e-09	0.981218
1.44516e-09	0.980836
1.44529e-09	0.98045
1.44541e-09	0.98006
1.44554e-09	0.979666
1.44567e-09	0.979269
1.4458e-09	0.978867
1.44593e-09	0.978462
1.44606e-09	0.978053
1.44618e-09	0.977641
1.44631e-09	0.977224
1.44644e-09	0.976804
1.44657e-09	0.97638
1.4467e-09	0.975952
1.44683e-09	0.97552
1.44696e-09	0.975085
1.44708e-09	0.974645
1.44721e-09	0.974202
1.44734e-09	0.973755
1.44747e-09	0.973305
1.4476e-09	0.97285
1.44773e-09	0.972392
1.44785e-09	0.97193
1.44798e-09	0.971465
1.44811e-09	0.970995
1.44824e-09	0.970522
1.44837e-09	0.970045
1.4485e-09	0.969564
1.44862e-09	0.96908
1.44875e-09	0.968592
1.44888e-09	0.9681
1.44901e-09	0.967604
1.44914e-09	0.967104
1.44927e-09	0.966601
1.44939e-09	0.966094
1.44952e-09	0.965583
1.44965e-09	0.965069
1.44978e-09	0.96455
1.44991e-09	0.964029
1.45004e-09	0.963503
1.45017e-09	0.962973
1.45029e-09	0.96244
1.45042e-09	0.961903
1.45055e-09	0.961363
1.45068e-09	0.960818
1.45081e-09	0.96027
1.45094e-09	0.959719
1.45106e-09	0.959163
1.45119e-09	0.958604
1.45132e-09	0.958041
1.45145e-09	0.957474
1.45158e-09	0.956904
1.45171e-09	0.95633
1.45183e-09	0.955752
1.45196e-09	0.955171
1.45209e-09	0.954586
1.45222e-09	0.953997
1.45235e-09	0.953404
1.45248e-09	0.952808
1.45261e-09	0.952208
1.45273e-09	0.951605
1.45286e-09	0.950998
1.45299e-09	0.950387
1.45312e-09	0.949772
1.45325e-09	0.949154
1.45338e-09	0.948532
1.4535e-09	0.947906
1.45363e-09	0.947277
1.45376e-09	0.946644
1.45389e-09	0.946008
1.45402e-09	0.945368
1.45415e-09	0.944724
1.45427e-09	0.944076
1.4544e-09	0.943425
1.45453e-09	0.94277
1.45466e-09	0.942112
1.45479e-09	0.94145
1.45492e-09	0.940784
1.45505e-09	0.940115
1.45517e-09	0.939442
1.4553e-09	0.938765
1.45543e-09	0.938085
1.45556e-09	0.937401
1.45569e-09	0.936714
1.45582e-09	0.936023
1.45594e-09	0.935328
1.45607e-09	0.93463
1.4562e-09	0.933928
1.45633e-09	0.933222
1.45646e-09	0.932513
1.45659e-09	0.9318
1.45671e-09	0.931084
1.45684e-09	0.930364
1.45697e-09	0.929641
1.4571e-09	0.928914
1.45723e-09	0.928183
1.45736e-09	0.927449
1.45748e-09	0.926711
1.45761e-09	0.92597
1.45774e-09	0.925225
1.45787e-09	0.924477
1.458e-09	0.923725
1.45813e-09	0.922969
1.45826e-09	0.92221
1.45838e-09	0.921448
1.45851e-09	0.920681
1.45864e-09	0.919912
1.45877e-09	0.919138
1.4589e-09	0.918362
1.45903e-09	0.917581
1.45915e-09	0.916797
1.45928e-09	0.91601
1.45941e-09	0.915219
1.45954e-09	0.914425
1.45967e-09	0.913627
1.4598e-09	0.912825
1.45992e-09	0.91202
1.46005e-09	0.911212
1.46018e-09	0.9104
1.46031e-09	0.909585
1.46044e-09	0.908766
1.46057e-09	0.907943
1.4607e-09	0.907117
1.46082e-09	0.906288
1.46095e-09	0.905455
1.46108e-09	0.904619
1.46121e-09	0.903779
1.46134e-09	0.902936
1.46147e-09	0.902089
1.46159e-09	0.901239
1.46172e-09	0.900385
1.46185e-09	0.899528
1.46198e-09	0.898667
1.46211e-09	0.897803
1.46224e-09	0.896936
1.46236e-09	0.896065
1.46249e-09	0.895191
1.46262e-09	0.894313
1.46275e-09	0.893432
1.46288e-09	0.892547
1.46301e-09	0.891659
1.46314e-09	0.890768
1.46326e-09	0.889873
1.46339e-09	0.888975
1.46352e-09	0.888073
1.46365e-09	0.887168
1.46378e-09	0.88626
1.46391e-09	0.885348
1.46403e-09	0.884433
1.46416e-09	0.883515
1.46429e-09	0.882593
1.46442e-09	0.881667
1.46455e-09	0.880739
1.46468e-09	0.879807
1.4648e-09	0.878871
1.46493e-09	0.877932
1.46506e-09	0.87699
1.46519e-09	0.876045
1.46532e-09	0.875096
1.46545e-09	0.874144
1.46557e-09	0.873189
1.4657e-09	0.87223
1.46583e-09	0.871268
1.46596e-09	0.870302
1.46609e-09	0.869334
1.46622e-09	0.868361
1.46635e-09	0.867386
1.46647e-09	0.866407
1.4666e-09	0.865425
1.46673e-09	0.86444
1.46686e-09	0.863452
1.46699e-09	0.86246
1.46712e-09	0.861465
1.46724e-09	0.860466
1.46737e-09	0.859464
1.4675e-09	0.858459
1.46763e-09	0.857451
1.46776e-09	0.85644
1.46789e-09	0.855425
1.46801e-09	0.854407
1.46814e-09	0.853386
1.46827e-09	0.852361
1.4684e-09	0.851334
1.46853e-09	0.850303
1.46866e-09	0.849268
1.46879e-09	0.848231
1.46891e-09	0.84719
1.46904e-09	0.846147
1.46917e-09	0.8451
1.4693e-09	0.844049
1.46943e-09	0.842996
1.46956e-09	0.841939
1.46968e-09	0.840879
1.46981e-09	0.839816
1.46994e-09	0.83875
1.47007e-09	0.837681
1.4702e-09	0.836608
1.47033e-09	0.835532
1.47045e-09	0.834454
1.47058e-09	0.833371
1.47071e-09	0.832286
1.47084e-09	0.831198
1.47097e-09	0.830106
1.4711e-09	0.829012
1.47123e-09	0.827914
1.47135e-09	0.826813
1.47148e-09	0.825709
1.47161e-09	0.824602
1.47174e-09	0.823492
1.47187e-09	0.822378
1.472e-09	0.821262
1.47212e-09	0.820142
1.47225e-09	0.81902
1.47238e-09	0.817894
1.47251e-09	0.816765
1.47264e-09	0.815633
1.47277e-09	0.814498
1.47289e-09	0.81336
1.47302e-09	0.812219
1.47315e-09	0.811075
1.47328e-09	0.809927
1.47341e-09	0.808777
1.47354e-09	0.807624
1.47366e-09	0.806467
1.47379e-09	0.805308
1.47392e-09	0.804145
1.47405e-09	0.80298
1.47418e-09	0.801811
1.47431e-09	0.80064
1.47444e-09	0.799465
1.47456e-09	0.798288
1.47469e-09	0.797107
1.47482e-09	0.795924
1.47495e-09	0.794737
1.47508e-09	0.793548
1.47521e-09	0.792355
1.47533e-09	0.79116
1.47546e-09	0.789962
1.47559e-09	0.78876
1.47572e-09	0.787556
1.47585e-09	0.786349
1.47598e-09	0.785138
1.4761e-09	0.783925
1.47623e-09	0.782709
1.47636e-09	0.78149
1.47649e-09	0.780268
1.47662e-09	0.779043
1.47675e-09	0.777815
1.47688e-09	0.776585
1.477e-09	0.775351
1.47713e-09	0.774115
1.47726e-09	0.772875
1.47739e-09	0.771633
1.47752e-09	0.770388
1.47765e-09	0.76914
1.47777e-09	0.767889
1.4779e-09	0.766635
1.47803e-09	0.765379
1.47816e-09	0.764119
1.47829e-09	0.762857
1.47842e-09	0.761592
1.47854e-09	0.760324
1.47867e-09	0.759053
1.4788e-09	0.757779
1.47893e-09	0.756503
1.47906e-09	0.755223
1.47919e-09	0.753941
1.47932e-09	0.752656
1.47944e-09	0.751369
1.47957e-09	0.750078
1.4797e-09	0.748785
1.47983e-09	0.747489
1.47996e-09	0.74619
1.48009e-09	0.744888
1.48021e-09	0.743584
1.48034e-09	0.742277
1.48047e-09	0.740967
1.4806e-09	0.739654
1.48073e-09	0.738339
1.48086e-09	0.737021
1.48098e-09	0.7357
1.48111e-09	0.734377
1.48124e-09	0.73305
1.48137e-09	0.731721
1.4815e-09	0.73039
1.48163e-09	0.729055
1.48175e-09	0.727718
1.48188e-09	0.726378
1.48201e-09	0.725036
1.48214e-09	0.723691
1.48227e-09	0.722343
1.4824e-09	0.720993
1.48253e-09	0.71964
1.48265e-09	0.718284
1.48278e-09	0.716925
1.48291e-09	0.715564
1.48304e-09	0.714201
1.48317e-09	0.712834
1.4833e-09	0.711465
1.48342e-09	0.710094
1.48355e-09	0.70872
1.48368e-09	0.707343
1.48381e-09	0.705964
1.48394e-09	0.704582
1.48407e-09	0.703197
1.48419e-09	0.70181
1.48432e-09	0.70042
1.48445e-09	0.699028
1.48458e-09	0.697633
1.48471e-09	0.696236
1.48484e-09	0.694836
1.48497e-09	0.693434
1.48509e-09	0.692029
1.48522e-09	0.690621
1.48535e-09	0.689211
1.48548e-09	0.687798
1.48561e-09	0.686383
1.48574e-09	0.684966
1.48586e-09	0.683546
1.48599e-09	0.682123
1.48612e-09	0.680698
1.48625e-09	0.67927
1.48638e-09	0.67784
1.48651e-09	0.676408
1.48663e-09	0.674973
1.48676e-09	0.673536
1.48689e-09	0.672096
1.48702e-09	0.670653
1.48715e-09	0.669209
1.48728e-09	0.667762
1.48741e-09	0.666312
1.48753e-09	0.66486
1.48766e-09	0.663405
1.48779e-09	0.661949
1.48792e-09	0.660489
1.48805e-09	0.659028
1.48818e-09	0.657564
1.4883e-09	0.656097
1.48843e-09	0.654629
1.48856e-09	0.653158
1.48869e-09	0.651684
1.48882e-09	0.650208
1.48895e-09	0.64873
1.48907e-09	0.64725
1.4892e-09	0.645767
1.48933e-09	0.644282
1.48946e-09	0.642794
1.48959e-09	0.641304
1.48972e-09	0.639812
1.48984e-09	0.638318
1.48997e-09	0.636821
1.4901e-09	0.635322
1.49023e-09	0.633821
1.49036e-09	0.632317
1.49049e-09	0.630811
1.49062e-09	0.629303
1.49074e-09	0.627793
1.49087e-09	0.62628
1.491e-09	0.624765
1.49113e-09	0.623248
1.49126e-09	0.621729
1.49139e-09	0.620207
1.49151e-09	0.618684
1.49164e-09	0.617158
1.49177e-09	0.61563
1.4919e-09	0.614099
1.49203e-09	0.612567
1.49216e-09	0.611032
1.49228e-09	0.609495
1.49241e-09	0.607956
1.49254e-09	0.606415
1.49267e-09	0.604871
1.4928e-09	0.603326
1.49293e-09	0.601778
1.49306e-09	0.600228
1.49318e-09	0.598676
1.49331e-09	0.597122
1.49344e-09	0.595566
1.49357e-09	0.594008
1.4937e-09	0.592447
1.49383e-09	0.590885
1.49395e-09	0.58932
1.49408e-09	0.587754
1.49421e-09	0.586185
1.49434e-09	0.584614
1.49447e-09	0.583041
1.4946e-09	0.581466
1.49472e-09	0.57989
1.49485e-09	0.578311
1.49498e-09	0.57673
1.49511e-09	0.575146
1.49524e-09	0.573561
1.49537e-09	0.571974
1.4955e-09	0.570385
1.49562e-09	0.568794
1.49575e-09	0.567201
1.49588e-09	0.565606
1.49601e-09	0.564009
1.49614e-09	0.56241
1.49627e-09	0.560809
1.49639e-09	0.559206
1.49652e-09	0.557601
1.49665e-09	0.555994
1.49678e-09	0.554386
1.49691e-09	0.552775
1.49704e-09	0.551162
1.49716e-09	0.549548
1.49729e-09	0.547931
1.49742e-09	0.546313
1.49755e-09	0.544693
1.49768e-09	0.543071
1.49781e-09	0.541447
1.49793e-09	0.539821
1.49806e-09	0.538193
1.49819e-09	0.536564
1.49832e-09	0.534932
1.49845e-09	0.533299
1.49858e-09	0.531664
1.49871e-09	0.530027
1.49883e-09	0.528388
1.49896e-09	0.526748
1.49909e-09	0.525105
1.49922e-09	0.523461
1.49935e-09	0.521815
1.49948e-09	0.520167
1.4996e-09	0.518518
1.49973e-09	0.516866
1.49986e-09	0.515213
1.49999e-09	0.513559
1.50012e-09	0.511902
1.50025e-09	0.510244
1.50037e-09	0.508583
1.5005e-09	0.506922
1.50063e-09	0.505258
1.50076e-09	0.503593
1.50089e-09	0.501926
1.50102e-09	0.500257
1.50115e-09	0.498587
1.50127e-09	0.496915
1.5014e-09	0.495241
1.50153e-09	0.493566
1.50166e-09	0.491889
1.50179e-09	0.49021
1.50192e-09	0.48853
1.50204e-09	0.486848
1.50217e-09	0.485164
1.5023e-09	0.483479
1.50243e-09	0.481792
1.50256e-09	0.480104
1.50269e-09	0.478414
1.50281e-09	0.476722
1.50294e-09	0.475029
1.50307e-09	0.473334
1.5032e-09	0.471637
1.50333e-09	0.469939
1.50346e-09	0.46824
1.50359e-09	0.466539
1.50371e-09	0.464836
1.50384e-09	0.463132
1.50397e-09	0.461426
1.5041e-09	0.459719
1.50423e-09	0.45801
1.50436e-09	0.4563
1.50448e-09	0.454588
1.50461e-09	0.452875
1.50474e-09	0.45116
1.50487e-09	0.449444
1.505e-09	0.447726
1.50513e-09	0.446007
1.50525e-09	0.444286
1.50538e-09	0.442564
1.50551e-09	0.44084
1.50564e-09	0.439115
1.50577e-09	0.437389
1.5059e-09	0.435661
1.50602e-09	0.433932
1.50615e-09	0.432201
1.50628e-09	0.430469
1.50641e-09	0.428736
1.50654e-09	0.427001
1.50667e-09	0.425265
1.5068e-09	0.423527
1.50692e-09	0.421788
1.50705e-09	0.420048
1.50718e-09	0.418306
1.50731e-09	0.416563
1.50744e-09	0.414819
1.50757e-09	0.413073
1.50769e-09	0.411326
1.50782e-09	0.409578
1.50795e-09	0.407829
1.50808e-09	0.406078
1.50821e-09	0.404326
1.50834e-09	0.402572
1.50846e-09	0.400818
1.50859e-09	0.399062
1.50872e-09	0.397304
1.50885e-09	0.395546
1.50898e-09	0.393786
1.50911e-09	0.392025
1.50924e-09	0.390263
1.50936e-09	0.3885
1.50949e-09	0.386735
1.50962e-09	0.38497
1.50975e-09	0.383203
1.50988e-09	0.381434
1.51001e-09	0.379665
1.51013e-09	0.377895
1.51026e-09	0.376123
1.51039e-09	0.37435
1.51052e-09	0.372576
1.51065e-09	0.370801
1.51078e-09	0.369025
1.5109e-09	0.367247
1.51103e-09	0.365469
1.51116e-09	0.363689
1.51129e-09	0.361909
1.51142e-09	0.360127
1.51155e-09	0.358344
1.51168e-09	0.35656
1.5118e-09	0.354775
1.51193e-09	0.352989
1.51206e-09	0.351202
1.51219e-09	0.349413
1.51232e-09	0.347624
1.51245e-09	0.345834
1.51257e-09	0.344043
1.5127e-09	0.34225
1.51283e-09	0.340457
1.51296e-09	0.338662
1.51309e-09	0.336867
1.51322e-09	0.335071
1.51334e-09	0.333273
1.51347e-09	0.331475
1.5136e-09	0.329676
1.51373e-09	0.327876
1.51386e-09	0.326075
1.51399e-09	0.324272
1.51411e-09	0.322469
1.51424e-09	0.320665
1.51437e-09	0.318861
1.5145e-09	0.317055
1.51463e-09	0.315248
1.51476e-09	0.31344
1.51489e-09	0.311632
1.51501e-09	0.309823
1.51514e-09	0.308012
1.51527e-09	0.306201
1.5154e-09	0.304389
1.51553e-09	0.302577
1.51566e-09	0.300763
1.51578e-09	0.298948
1.51591e-09	0.297133
1.51604e-09	0.295317
1.51617e-09	0.2935
1.5163e-09	0.291682
1.51643e-09	0.289864
1.51655e-09	0.288044
1.51668e-09	0.286224
1.51681e-09	0.284404
1.51694e-09	0.282582
1.51707e-09	0.280759
1.5172e-09	0.278936
1.51733e-09	0.277112
1.51745e-09	0.275288
1.51758e-09	0.273463
1.51771e-09	0.271636
1.51784e-09	0.26981
1.51797e-09	0.267982
1.5181e-09	0.266154
1.51822e-09	0.264325
1.51835e-09	0.262496
1.51848e-09	0.260666
1.51861e-09	0.258835
1.51874e-09	0.257003
1.51887e-09	0.255171
1.51899e-09	0.253338
1.51912e-09	0.251505
1.51925e-09	0.249671
1.51938e-09	0.247836
1.51951e-09	0.246001
1.51964e-09	0.244165
1.51977e-09	0.242328
1.51989e-09	0.240491
1.52002e-09	0.238654
1.52015e-09	0.236816
1.52028e-09	0.234977
1.52041e-09	0.233138
1.52054e-09	0.231298
1.52066e-09	0.229457
1.52079e-09	0.227616
1.52092e-09	0.225775
1.52105e-09	0.223933
1.52118e-09	0.22209
1.52131e-09	0.220248
1.52143e-09	0.218404
1.52156e-09	0.21656
1.52169e-09	0.214716
1.52182e-09	0.212871
1.52195e-09	0.211026
1.52208e-09	0.20918
1.5222e-09	0.207333
1.52233e-09	0.205487
1.52246e-09	0.20364
1.52259e-09	0.201792
1.52272e-09	0.199944
1.52285e-09	0.198096
1.52298e-09	0.196247
1.5231e-09	0.194398
1.52323e-09	0.192549
1.52336e-09	0.190699
1.52349e-09	0.188848
1.52362e-09	0.186998
1.52375e-09	0.185147
1.52387e-09	0.183296
1.524e-09	0.181444
1.52413e-09	0.179592
1.52426e-09	0.17774
1.52439e-09	0.175887
1.52452e-09	0.174034
1.52464e-09	0.172181
1.52477e-09	0.170328
1.5249e-09	0.168474
1.52503e-09	0.16662
1.52516e-09	0.164766
1.52529e-09	0.162911
1.52542e-09	0.161056
1.52554e-09	0.159201
1.52567e-09	0.157346
1.5258e-09	0.155491
1.52593e-09	0.153635
1.52606e-09	0.151779
1.52619e-09	0.149923
1.52631e-09	0.148067
1.52644e-09	0.14621
1.52657e-09	0.144353
1.5267e-09	0.142497
1.52683e-09	0.14064
1.52696e-09	0.138782
1.52708e-09	0.136925
1.52721e-09	0.135068
1.52734e-09	0.13321
1.52747e-09	0.131352
1.5276e-09	0.129495
1.52773e-09	0.127637
1.52786e-09	0.125779
1.52798e-09	0.123921
1.52811e-09	0.122062
1.52824e-09	0.120204
1.52837e-09	0.118346
1.5285e-09	0.116487
1.52863e-09	0.114629
1.52875e-09	0.112771
1.52888e-09	0.110912
1.52901e-09	0.109053
1.52914e-09	0.107195
1.52927e-09	0.105336
1.5294e-09	0.103478
1.52952e-09	0.101619
1.52965e-09	0.0997605
1.52978e-09	0.097902
1.52991e-09	0.0960434
1.53004e-09	0.0941849
1.53017e-09	0.0923264
1.53029e-09	0.090468
1.53042e-09	0.0886097
1.53055e-09	0.0867514
1.53068e-09	0.0848932
1.53081e-09	0.083035
1.53094e-09	0.081177
1.53107e-09	0.079319
1.53119e-09	0.0774611
1.53132e-09	0.0756034
1.53145e-09	0.0737458
1.53158e-09	0.0718883
1.53171e-09	0.0700309
1.53184e-09	0.0681737
1.53196e-09	0.0663166
1.53209e-09	0.0644597
1.53222e-09	0.0626029
1.53235e-09	0.0607463
1.53248e-09	0.0588899
1.53261e-09	0.0570337
1.53273e-09	0.0551777
1.53286e-09	0.0533219
1.53299e-09	0.0514663
1.53312e-09	0.0496109
1.53325e-09	0.0477558
1.53338e-09	0.0459009
1.53351e-09	0.0440462
1.53363e-09	0.0421918
1.53376e-09	0.0403376
1.53389e-09	0.0384837
1.53402e-09	0.0366301
1.53415e-09	0.0347767
1.53428e-09	0.0329237
1.5344e-09	0.0310709
1.53453e-09	0.0292184
1.53466e-09	0.0273663
1.53479e-09	0.0255145
1.53492e-09	0.023663
1.53505e-09	0.0218118
1.53517e-09	0.019961
1.5353e-09	0.0181105
1.53543e-09	0.0162604
1.53556e-09	0.0144107
1.53569e-09	0.0125613
1.53582e-09	0.0107123
1.53595e-09	0.00886373
1.53607e-09	0.00701552
1.5362e-09	0.00516773
1.53633e-09	0.00332034
1.53646e-09	0.00147337
1.53659e-09	-0.000373167
1.53672e-09	-0.00221927
1.53684e-09	-0.00406493
1.53697e-09	-0.00591015
1.5371e-09	-0.0077549
1.53723e-09	-0.00959919
1.53736e-09	-0.011443
1.53749e-09	-0.0132863
1.53761e-09	-0.0151292
1.53774e-09	-0.0169715
1.53787e-09	-0.0188134
1.538e-09	-0.0206547
1.53813e-09	-0.0224955
1.53826e-09	-0.0243358
1.53838e-09	-0.0261756
1.53851e-09	-0.0280148
1.53864e-09	-0.0298535
1.53877e-09	-0.0316916
1.5389e-09	-0.0335291
1.53903e-09	-0.0353661
1.53916e-09	-0.0372025
1.53928e-09	-0.0390383
1.53941e-09	-0.0408735
1.53954e-09	-0.0427081
1.53967e-09	-0.0445421
1.5398e-09	-0.0463755
1.53993e-09	-0.0482082
1.54005e-09	-0.0500404
1.54018e-09	-0.0518719
1.54031e-09	-0.0537027
1.54044e-09	-0.0555329
1.54057e-09	-0.0573624
1.5407e-09	-0.0591912
1.54082e-09	-0.0610194
1.54095e-09	-0.0628469
1.54108e-09	-0.0646737
1.54121e-09	-0.0664998
1.54134e-09	-0.0683252
1.54147e-09	-0.0701499
1.5416e-09	-0.0719738
1.54172e-09	-0.073797
1.54185e-09	-0.0756195
1.54198e-09	-0.0774412
1.54211e-09	-0.0792622
1.54224e-09	-0.0810824
1.54237e-09	-0.0829019
1.54249e-09	-0.0847206
1.54262e-09	-0.0865385
1.54275e-09	-0.0883556
1.54288e-09	-0.0901719
1.54301e-09	-0.0919874
1.54314e-09	-0.0938021
1.54326e-09	-0.095616
1.54339e-09	-0.097429
1.54352e-09	-0.0992413
1.54365e-09	-0.101053
1.54378e-09	-0.102863
1.54391e-09	-0.104673
1.54404e-09	-0.106482
1.54416e-09	-0.10829
1.54429e-09	-0.110097
1.54442e-09	-0.111903
1.54455e-09	-0.113708
1.54468e-09	-0.115512
1.54481e-09	-0.117316
1.54493e-09	-0.119118
1.54506e-09	-0.12092
1.54519e-09	-0.122721
1.54532e-09	-0.124521
1.54545e-09	-0.126319
1.54558e-09	-0.128117
1.5457e-09	-0.129914
1.54583e-09	-0.13171
1.54596e-09	-0.133505
1.54609e-09	-0.135299
1.54622e-09	-0.137092
1.54635e-09	-0.138884
1.54647e-09	-0.140675
1.5466e-09	-0.142465
1.54673e-09	-0.144254
1.54686e-09	-0.146042
1.54699e-09	-0.147829
1.54712e-09	-0.149615
1.54725e-09	-0.151399
1.54737e-09	-0.153183
1.5475e-09	-0.154966
1.54763e-09	-0.156748
1.54776e-09	-0.158528
1.54789e-09	-0.160308
1.54802e-09	-0.162086
1.54814e-09	-0.163863
1.54827e-09	-0.16564
1.5484e-09	-0.167415
1.54853e-09	-0.169189
1.54866e-09	-0.170961
1.54879e-09	-0.172733
1.54891e-09	-0.174504
1.54904e-09	-0.176273
1.54917e-09	-0.178041
1.5493e-09	-0.179808
1.54943e-09	-0.181574
1.54956e-09	-0.183339
1.54969e-09	-0.185103
1.54981e-09	-0.186865
1.54994e-09	-0.188626
1.55007e-09	-0.190386
1.5502e-09	-0.192145
1.55033e-09	-0.193903
1.55046e-09	-0.195659
1.55058e-09	-0.197414
1.55071e-09	-0.199168
1.55084e-09	-0.20092
1.55097e-09	-0.202672
1.5511e-09	-0.204422
1.55123e-09	-0.206171
1.55135e-09	-0.207918
1.55148e-09	-0.209665
1.55161e-09	-0.21141
1.55174e-09	-0.213153
1.55187e-09	-0.214896
1.552e-09	-0.216637
1.55213e-09	-0.218376
1.55225e-09	-0.220115
1.55238e-09	-0.221852
1.55251e-09	-0.223588
1.55264e-09	-0.225322
1.55277e-09	-0.227055
1.5529e-09	-0.228787
1.55302e-09	-0.230517
1.55315e-09	-0.232246
1.55328e-09	-0.233974
1.55341e-09	-0.2357
1.55354e-09	-0.237425
1.55367e-09	-0.239148
1.55379e-09	-0.24087
1.55392e-09	-0.242591
1.55405e-09	-0.24431
1.55418e-09	-0.246028
1.55431e-09	-0.247744
1.55444e-09	-0.249459
1.55456e-09	-0.251172
1.55469e-09	-0.252884
1.55482e-09	-0.254595
1.55495e-09	-0.256304
1.55508e-09	-0.258011
1.55521e-09	-0.259718
1.55534e-09	-0.261422
1.55546e-09	-0.263125
1.55559e-09	-0.264827
1.55572e-09	-0.266527
1.55585e-09	-0.268226
1.55598e-09	-0.269923
1.55611e-09	-0.271618
1.55623e-09	-0.273312
1.55636e-09	-0.275005
1.55649e-09	-0.276695
1.55662e-09	-0.278385
1.55675e-09	-0.280073
1.55688e-09	-0.281759
1.557e-09	-0.283443
1.55713e-09	-0.285126
1.55726e-09	-0.286808
1.55739e-09	-0.288488
1.55752e-09	-0.290166
1.55765e-09	-0.291843
1.55778e-09	-0.293518
1.5579e-09	-0.295191
1.55803e-09	-0.296863
1.55816e-09	-0.298533
1.55829e-09	-0.300202
1.55842e-09	-0.301869
1.55855e-09	-0.303534
1.55867e-09	-0.305197
1.5588e-09	-0.306859
1.55893e-09	-0.308519
1.55906e-09	-0.310178
1.55919e-09	-0.311835
1.55932e-09	-0.31349
1.55944e-09	-0.315143
1.55957e-09	-0.316795
1.5597e-09	-0.318445
1.55983e-09	-0.320093
1.55996e-09	-0.32174
1.56009e-09	-0.323385
1.56022e-09	-0.325028
1.56034e-09	-0.326669
1.56047e-09	-0.328309
1.5606e-09	-0.329947
1.56073e-09	-0.331583
1.56086e-09	-0.333217
1.56099e-09	-0.33485
1.56111e-09	-0.336481
1.56124e-09	-0.33811
1.56137e-09	-0.339737
1.5615e-09	-0.341362
1.56163e-09	-0.342986
1.56176e-09	-0.344607
1.56188e-09	-0.346227
1.56201e-09	-0.347845
1.56214e-09	-0.349462
1.56227e-09	-0.351076
1.5624e-09	-0.352689
1.56253e-09	-0.354299
1.56265e-09	-0.355908
1.56278e-09	-0.357515
1.56291e-09	-0.35912
1.56304e-09	-0.360724
1.56317e-09	-0.362325
1.5633e-09	-0.363924
1.56343e-09	-0.365522
1.56355e-09	-0.367118
1.56368e-09	-0.368711
1.56381e-09	-0.370303
1.56394e-09	-0.371893
1.56407e-09	-0.373481
1.5642e-09	-0.375067
1.56432e-09	-0.376651
1.56445e-09	-0.378234
1.56458e-09	-0.379814
1.56471e-09	-0.381392
1.56484e-09	-0.382968
1.56497e-09	-0.384543
1.56509e-09	-0.386115
1.56522e-09	-0.387685
1.56535e-09	-0.389254
1.56548e-09	-0.39082
1.56561e-09	-0.392385
1.56574e-09	-0.393947
1.56587e-09	-0.395507
1.56599e-09	-0.397066
1.56612e-09	-0.398622
1.56625e-09	-0.400176
1.56638e-09	-0.401729
1.56651e-09	-0.403279
1.56664e-09	-0.404827
1.56676e-09	-0.406373
1.56689e-09	-0.407917
1.56702e-09	-0.409459
1.56715e-09	-0.410999
1.56728e-09	-0.412537
1.56741e-09	-0.414073
1.56753e-09	-0.415606
1.56766e-09	-0.417138
1.56779e-09	-0.418668
1.56792e-09	-0.420195
1.56805e-09	-0.42172
1.56818e-09	-0.423243
1.56831e-09	-0.424764
1.56843e-09	-0.426283
1.56856e-09	-0.4278
1.56869e-09	-0.429315
1.56882e-09	-0.430827
1.56895e-09	-0.432337
1.56908e-09	-0.433846
1.5692e-09	-0.435352
1.56933e-09	-0.436855
1.56946e-09	-0.438357
1.56959e-09	-0.439856
1.56972e-09	-0.441354
1.56985e-09	-0.442849
1.56997e-09	-0.444342
1.5701e-09	-0.445832
1.57023e-09	-0.447321
1.57036e-09	-0.448807
1.57049e-09	-0.450291
1.57062e-09	-0.451773
1.57074e-09	-0.453253
1.57087e-09	-0.45473
1.571e-09	-0.456205
1.57113e-09	-0.457678
1.57126e-09	-0.459149
1.57139e-09	-0.460617
1.57152e-09	-0.462083
1.57164e-09	-0.463547
1.57177e-09	-0.465008
1.5719e-09	-0.466468
1.57203e-09	-0.467925
1.57216e-09	-0.469379
1.57229e-09	-0.470832
1.57241e-09	-0.472282
1.57254e-09	-0.473729
1.57267e-09	-0.475175
1.5728e-09	-0.476618
1.57293e-09	-0.478059
1.57306e-09	-0.479497
1.57318e-09	-0.480933
1.57331e-09	-0.482367
1.57344e-09	-0.483799
1.57357e-09	-0.485228
1.5737e-09	-0.486655
1.57383e-09	-0.488079
1.57396e-09	-0.489501
1.57408e-09	-0.490921
1.57421e-09	-0.492338
1.57434e-09	-0.493753
1.57447e-09	-0.495165
1.5746e-09	-0.496575
1.57473e-09	-0.497983
1.57485e-09	-0.499388
1.57498e-09	-0.500791
1.57511e-09	-0.502192
1.57524e-09	-0.50359
1.57537e-09	-0.504986
1.5755e-09	-0.506379
1.57562e-09	-0.50777
1.57575e-09	-0.509158
1.57588e-09	-0.510544
1.57601e-09	-0.511927
1.57614e-09	-0.513308
1.57627e-09	-0.514687
1.5764e-09	-0.516063
1.57652e-09	-0.517437
1.57665e-09	-0.518808
1.57678e-09	-0.520176
1.57691e-09	-0.521542
1.57704e-09	-0.522906
1.57717e-09	-0.524267
1.57729e-09	-0.525626
1.57742e-09	-0.526982
1.57755e-09	-0.528336
1.57768e-09	-0.529687
1.57781e-09	-0.531036
1.57794e-09	-0.532382
1.57806e-09	-0.533725
1.57819e-09	-0.535066
1.57832e-09	-0.536405
1.57845e-09	-0.537741
1.57858e-09	-0.539074
1.57871e-09	-0.540405
1.57883e-09	-0.541734
1.57896e-09	-0.543059
1.57909e-09	-0.544382
1.57922e-09	-0.545703
1.57935e-09	-0.547021
1.57948e-09	-0.548337
1.57961e-09	-0.549649
1.57973e-09	-0.55096
1.57986e-09	-0.552267
1.57999e-09	-0.553572
1.58012e-09	-0.554875
1.58025e-09	-0.556175
1.58038e-09	-0.557472
1.5805e-09	-0.558767
1.58063e-09	-0.560059
1.58076e-09	-0.561348
1.58089e-09	-0.562635
1.58102e-09	-0.563919
1.58115e-09	-0.5652
1.58127e-09	-0.566479
1.5814e-09	-0.567755
1.58153e-09	-0.569029
1.58166e-09	-0.5703
1.58179e-09	-0.571568
1.58192e-09	-0.572834
1.58205e-09	-0.574096
1.58217e-09	-0.575357
1.5823e-09	-0.576614
1.58243e-09	-0.577869
1.58256e-09	-0.579121
1.58269e-09	-0.58037
1.58282e-09	-0.581617
1.58294e-09	-0.582861
1.58307e-09	-0.584103
1.5832e-09	-0.585341
1.58333e-09	-0.586577
1.58346e-09	-0.58781
1.58359e-09	-0.589041
1.58371e-09	-0.590268
1.58384e-09	-0.591493
1.58397e-09	-0.592716
1.5841e-09	-0.593935
1.58423e-09	-0.595152
1.58436e-09	-0.596366
1.58449e-09	-0.597577
1.58461e-09	-0.598786
1.58474e-09	-0.599991
1.58487e-09	-0.601194
1.585e-09	-0.602394
1.58513e-09	-0.603592
1.58526e-09	-0.604786
1.58538e-09	-0.605978
1.58551e-09	-0.607167
1.58564e-09	-0.608353
1.58577e-09	-0.609537
1.5859e-09	-0.610718
1.58603e-09	-0.611896
1.58615e-09	-0.613071
1.58628e-09	-0.614243
1.58641e-09	-0.615412
1.58654e-09	-0.616579
1.58667e-09	-0.617743
1.5868e-09	-0.618904
1.58692e-09	-0.620062
1.58705e-09	-0.621217
1.58718e-09	-0.622369
1.58731e-09	-0.623519
1.58744e-09	-0.624666
1.58757e-09	-0.62581
1.5877e-09	-0.626951
1.58782e-09	-0.628089
1.58795e-09	-0.629224
1.58808e-09	-0.630357
1.58821e-09	-0.631486
1.58834e-09	-0.632613
1.58847e-09	-0.633737
1.58859e-09	-0.634858
1.58872e-09	-0.635976
1.58885e-09	-0.637091
1.58898e-09	-0.638203
1.58911e-09	-0.639312
1.58924e-09	-0.640419
1.58936e-09	-0.641522
1.58949e-09	-0.642623
1.58962e-09	-0.643721
1.58975e-09	-0.644816
1.58988e-09	-0.645908
1.59001e-09	-0.646997
1.59014e-09	-0.648083
1.59026e-09	-0.649166
1.59039e-09	-0.650246
1.59052e-09	-0.651323
1.59065e-09	-0.652398
1.59078e-09	-0.653469
1.59091e-09	-0.654537
1.59103e-09	-0.655603
1.59116e-09	-0.656665
1.59129e-09	-0.657725
1.59142e-09	-0.658782
1.59155e-09	-0.659835
1.59168e-09	-0.660886
1.5918e-09	-0.661934
1.59193e-09	-0.662978
1.59206e-09	-0.66402
1.59219e-09	-0.665059
1.59232e-09	-0.666095
1.59245e-09	-0.667127
1.59258e-09	-0.668157
1.5927e-09	-0.669184
1.59283e-09	-0.670208
1.59296e-09	-0.671229
1.59309e-09	-0.672247
1.59322e-09	-0.673261
1.59335e-09	-0.674273
1.59347e-09	-0.675282
1.5936e-09	-0.676288
1.59373e-09	-0.67729
1.59386e-09	-0.67829
1.59399e-09	-0.679287
1.59412e-09	-0.68028
1.59424e-09	-0.681271
1.59437e-09	-0.682259
1.5945e-09	-0.683243
1.59463e-09	-0.684225
1.59476e-09	-0.685203
1.59489e-09	-0.686179
1.59501e-09	-0.687151
1.59514e-09	-0.68812
1.59527e-09	-0.689086
1.5954e-09	-0.69005
1.59553e-09	-0.69101
1.59566e-09	-0.691967
1.59579e-09	-0.692921
1.59591e-09	-0.693872
1.59604e-09	-0.694819
1.59617e-09	-0.695764
1.5963e-09	-0.696706
1.59643e-09	-0.697644
1.59656e-09	-0.69858
1.59668e-09	-0.699512
1.59681e-09	-0.700442
1.59694e-09	-0.701368
1.59707e-09	-0.702291
1.5972e-09	-0.703211
1.59733e-09	-0.704128
1.59745e-09	-0.705042
1.59758e-09	-0.705953
1.59771e-09	-0.70686
1.59784e-09	-0.707765
1.59797e-09	-0.708666
1.5981e-09	-0.709564
1.59823e-09	-0.710459
1.59835e-09	-0.711351
1.59848e-09	-0.71224
1.59861e-09	-0.713126
1.59874e-09	-0.714008
1.59887e-09	-0.714888
1.599e-09	-0.715764
1.59912e-09	-0.716637
1.59925e-09	-0.717507
1.59938e-09	-0.718374
1.59951e-09	-0.719238
1.59964e-09	-0.720099
1.59977e-09	-0.720956
1.59989e-09	-0.72181
1.60002e-09	-0.722662
1.60015e-09	-0.72351
1.60028e-09	-0.724354
1.60041e-09	-0.725196
1.60054e-09	-0.726034
1.60067e-09	-0.72687
1.60079e-09	-0.727702
1.60092e-09	-0.728531
1.60105e-09	-0.729357
1.60118e-09	-0.730179
1.60131e-09	-0.730999
1.60144e-09	-0.731815
1.60156e-09	-0.732628
1.60169e-09	-0.733438
1.60182e-09	-0.734244
1.60195e-09	-0.735048
1.60208e-09	-0.735848
1.60221e-09	-0.736645
1.60233e-09	-0.737439
1.60246e-09	-0.73823
1.60259e-09	-0.739017
1.60272e-09	-0.739801
1.60285e-09	-0.740582
1.60298e-09	-0.74136
1.6031e-09	-0.742135
1.60323e-09	-0.742906
1.60336e-09	-0.743675
1.60349e-09	-0.744439
1.60362e-09	-0.745201
1.60375e-09	-0.74596
1.60388e-09	-0.746715
1.604e-09	-0.747467
1.60413e-09	-0.748216
1.60426e-09	-0.748962
1.60439e-09	-0.749704
1.60452e-09	-0.750443
1.60465e-09	-0.751179
1.60477e-09	-0.751912
1.6049e-09	-0.752641
1.60503e-09	-0.753367
1.60516e-09	-0.75409
1.60529e-09	-0.75481
1.60542e-09	-0.755526
1.60554e-09	-0.75624
1.60567e-09	-0.75695
1.6058e-09	-0.757656
1.60593e-09	-0.75836
1.60606e-09	-0.75906
1.60619e-09	-0.759757
1.60632e-09	-0.760451
1.60644e-09	-0.761141
1.60657e-09	-0.761828
1.6067e-09	-0.762512
1.60683e-09	-0.763193
1.60696e-09	-0.76387
1.60709e-09	-0.764544
1.60721e-09	-0.765215
1.60734e-09	-0.765882
1.60747e-09	-0.766547
1.6076e-09	-0.767208
1.60773e-09	-0.767865
1.60786e-09	-0.76852
1.60798e-09	-0.769171
1.60811e-09	-0.769819
1.60824e-09	-0.770463
1.60837e-09	-0.771105
1.6085e-09	-0.771743
1.60863e-09	-0.772377
1.60876e-09	-0.773009
1.60888e-09	-0.773637
1.60901e-09	-0.774262
1.60914e-09	-0.774883
1.60927e-09	-0.775501
1.6094e-09	-0.776116
1.60953e-09	-0.776728
1.60965e-09	-0.777336
1.60978e-09	-0.777941
1.60991e-09	-0.778543
1.61004e-09	-0.779142
1.61017e-09	-0.779737
1.6103e-09	-0.780329
1.61042e-09	-0.780917
1.61055e-09	-0.781502
1.61068e-09	-0.782084
1.61081e-09	-0.782663
1.61094e-09	-0.783238
1.61107e-09	-0.78381
1.61119e-09	-0.784379
1.61132e-09	-0.784944
1.61145e-09	-0.785506
1.61158e-09	-0.786065
1.61171e-09	-0.78662
1.61184e-09	-0.787172
1.61197e-09	-0.787721
1.61209e-09	-0.788267
1.61222e-09	-0.788809
1.61235e-09	-0.789347
1.61248e-09	-0.789883
1.61261e-09	-0.790415
1.61274e-09	-0.790944
1.61286e-09	-0.791469
1.61299e-09	-0.791992
1.61312e-09	-0.79251
1.61325e-09	-0.793026
1.61338e-09	-0.793538
1.61351e-09	-0.794047
1.61363e-09	-0.794552
1.61376e-09	-0.795055
1.61389e-09	-0.795553
1.61402e-09	-0.796049
1.61415e-09	-0.796541
1.61428e-09	-0.79703
1.61441e-09	-0.797515
1.61453e-09	-0.797998
1.61466e-09	-0.798476
1.61479e-09	-0.798952
1.61492e-09	-0.799424
1.61505e-09	-0.799893
1.61518e-09	-0.800358
1.6153e-09	-0.80082
1.61543e-09	-0.801279
1.61556e-09	-0.801735
1.61569e-09	-0.802187
1.61582e-09	-0.802635
1.61595e-09	-0.803081
1.61607e-09	-0.803523
1.6162e-09	-0.803962
1.61633e-09	-0.804397
1.61646e-09	-0.804829
1.61659e-09	-0.805258
1.61672e-09	-0.805683
1.61685e-09	-0.806105
1.61697e-09	-0.806524
1.6171e-09	-0.806939
1.61723e-09	-0.807351
1.61736e-09	-0.807759
1.61749e-09	-0.808165
1.61762e-09	-0.808567
1.61774e-09	-0.808965
1.61787e-09	-0.80936
1.618e-09	-0.809752
1.61813e-09	-0.81014
1.61826e-09	-0.810526
1.61839e-09	-0.810907
1.61851e-09	-0.811286
1.61864e-09	-0.811661
1.61877e-09	-0.812033
1.6189e-09	-0.812401
1.61903e-09	-0.812766
1.61916e-09	-0.813128
1.61928e-09	-0.813486
1.61941e-09	-0.813841
1.61954e-09	-0.814192
1.61967e-09	-0.814541
1.6198e-09	-0.814885
1.61993e-09	-0.815227
1.62006e-09	-0.815565
1.62018e-09	-0.8159
1.62031e-09	-0.816231
1.62044e-09	-0.816559
1.62057e-09	-0.816884
1.6207e-09	-0.817206
1.62083e-09	-0.817524
1.62095e-09	-0.817838
1.62108e-09	-0.81815
1.62121e-09	-0.818458
1.62134e-09	-0.818762
1.62147e-09	-0.819063
1.6216e-09	-0.819361
1.62172e-09	-0.819656
1.62185e-09	-0.819947
1.62198e-09	-0.820235
1.62211e-09	-0.820519
1.62224e-09	-0.820801
1.62237e-09	-0.821078
1.6225e-09	-0.821353
1.62262e-09	-0.821624
1.62275e-09	-0.821892
1.62288e-09	-0.822156
1.62301e-09	-0.822417
1.62314e-09	-0.822675
1.62327e-09	-0.822929
1.62339e-09	-0.82318
1.62352e-09	-0.823427
1.62365e-09	-0.823672
1.62378e-09	-0.823913
1.62391e-09	-0.82415
1.62404e-09	-0.824384
1.62416e-09	-0.824615
1.62429e-09	-0.824843
1.62442e-09	-0.825067
1.62455e-09	-0.825288
1.62468e-09	-0.825505
1.62481e-09	-0.825719
1.62494e-09	-0.82593
1.62506e-09	-0.826138
1.62519e-09	-0.826342
1.62532e-09	-0.826542
1.62545e-09	-0.82674
1.62558e-09	-0.826934
1.62571e-09	-0.827125
1.62583e-09	-0.827312
1.62596e-09	-0.827496
1.62609e-09	-0.827677
1.62622e-09	-0.827854
1.62635e-09	-0.828028
1.62648e-09	-0.828199
1.6266e-09	-0.828366
1.62673e-09	-0.82853
1.62686e-09	-0.828691
1.62699e-09	-0.828848
1.62712e-09	-0.829002
1.62725e-09	-0.829152
1.62737e-09	-0.8293
1.6275e-09	-0.829444
1.62763e-09	-0.829584
1.62776e-09	-0.829722
1.62789e-09	-0.829856
1.62802e-09	-0.829986
1.62815e-09	-0.830114
1.62827e-09	-0.830238
1.6284e-09	-0.830358
1.62853e-09	-0.830476
1.62866e-09	-0.83059
1.62879e-09	-0.8307
1.62892e-09	-0.830808
1.62904e-09	-0.830912
1.62917e-09	-0.831012
1.6293e-09	-0.83111
1.62943e-09	-0.831204
1.62956e-09	-0.831294
1.62969e-09	-0.831382
1.62981e-09	-0.831466
1.62994e-09	-0.831547
1.63007e-09	-0.831624
1.6302e-09	-0.831698
1.63033e-09	-0.831769
1.63046e-09	-0.831837
1.63059e-09	-0.831901
1.63071e-09	-0.831962
1.63084e-09	-0.83202
1.63097e-09	-0.832074
1.6311e-09	-0.832125
1.63123e-09	-0.832173
1.63136e-09	-0.832217
1.63148e-09	-0.832258
1.63161e-09	-0.832296
1.63174e-09	-0.83233
1.63187e-09	-0.832362
1.632e-09	-0.83239
1.63213e-09	-0.832414
1.63225e-09	-0.832435
1.63238e-09	-0.832453
1.63251e-09	-0.832468
1.63264e-09	-0.83248
1.63277e-09	-0.832488
1.6329e-09	-0.832493
1.63303e-09	-0.832494
1.63315e-09	-0.832493
1.63328e-09	-0.832488
1.63341e-09	-0.832479
1.63354e-09	-0.832468
1.63367e-09	-0.832453
1.6338e-09	-0.832435
1.63392e-09	-0.832413
1.63405e-09	-0.832389
1.63418e-09	-0.832361
1.63431e-09	-0.83233
1.63444e-09	-0.832295
1.63457e-09	-0.832257
1.63469e-09	-0.832216
1.63482e-09	-0.832172
1.63495e-09	-0.832125
1.63508e-09	-0.832074
1.63521e-09	-0.83202
1.63534e-09	-0.831962
1.63546e-09	-0.831902
1.63559e-09	-0.831838
1.63572e-09	-0.831771
1.63585e-09	-0.831701
1.63598e-09	-0.831627
1.63611e-09	-0.83155
1.63624e-09	-0.83147
1.63636e-09	-0.831387
1.63649e-09	-0.8313
1.63662e-09	-0.83121
1.63675e-09	-0.831117
1.63688e-09	-0.831021
1.63701e-09	-0.830922
1.63713e-09	-0.830819
1.63726e-09	-0.830713
1.63739e-09	-0.830604
1.63752e-09	-0.830491
1.63765e-09	-0.830375
1.63778e-09	-0.830257
1.6379e-09	-0.830135
1.63803e-09	-0.830009
1.63816e-09	-0.829881
1.63829e-09	-0.829749
1.63842e-09	-0.829614
1.63855e-09	-0.829476
1.63868e-09	-0.829334
1.6388e-09	-0.82919
1.63893e-09	-0.829042
1.63906e-09	-0.828891
1.63919e-09	-0.828737
1.63932e-09	-0.828579
1.63945e-09	-0.828419
1.63957e-09	-0.828255
1.6397e-09	-0.828088
1.63983e-09	-0.827918
1.63996e-09	-0.827744
1.64009e-09	-0.827568
1.64022e-09	-0.827388
1.64034e-09	-0.827205
1.64047e-09	-0.827019
1.6406e-09	-0.826829
1.64073e-09	-0.826637
1.64086e-09	-0.826441
1.64099e-09	-0.826243
1.64112e-09	-0.826041
1.64124e-09	-0.825835
1.64137e-09	-0.825627
1.6415e-09	-0.825416
1.64163e-09	-0.825201
1.64176e-09	-0.824983
1.64189e-09	-0.824762
1.64201e-09	-0.824538
1.64214e-09	-0.824311
1.64227e-09	-0.82408
1.6424e-09	-0.823847
1.64253e-09	-0.82361
1.64266e-09	-0.82337
1.64278e-09	-0.823127
1.64291e-09	-0.822881
1.64304e-09	-0.822632
1.64317e-09	-0.82238
1.6433e-09	-0.822124
1.64343e-09	-0.821865
1.64355e-09	-0.821604
1.64368e-09	-0.821339
1.64381e-09	-0.821071
1.64394e-09	-0.8208
1.64407e-09	-0.820526
1.6442e-09	-0.820248
1.64433e-09	-0.819968
1.64445e-09	-0.819684
1.64458e-09	-0.819398
1.64471e-09	-0.819108
1.64484e-09	-0.818815
1.64497e-09	-0.818519
1.6451e-09	-0.81822
1.64522e-09	-0.817918
1.64535e-09	-0.817613
1.64548e-09	-0.817304
1.64561e-09	-0.816993
1.64574e-09	-0.816679
1.64587e-09	-0.816361
1.64599e-09	-0.81604
1.64612e-09	-0.815717
1.64625e-09	-0.81539
1.64638e-09	-0.81506
1.64651e-09	-0.814727
1.64664e-09	-0.814391
1.64677e-09	-0.814052
1.64689e-09	-0.81371
1.64702e-09	-0.813365
1.64715e-09	-0.813017
1.64728e-09	-0.812666
1.64741e-09	-0.812312
1.64754e-09	-0.811954
1.64766e-09	-0.811594
1.64779e-09	-0.811231
1.64792e-09	-0.810865
1.64805e-09	-0.810495
1.64818e-09	-0.810123
1.64831e-09	-0.809747
1.64843e-09	-0.809369
1.64856e-09	-0.808987
1.64869e-09	-0.808603
1.64882e-09	-0.808215
1.64895e-09	-0.807825
1.64908e-09	-0.807431
1.64921e-09	-0.807035
1.64933e-09	-0.806635
1.64946e-09	-0.806233
1.64959e-09	-0.805828
1.64972e-09	-0.805419
1.64985e-09	-0.805008
1.64998e-09	-0.804593
1.6501e-09	-0.804176
1.65023e-09	-0.803755
1.65036e-09	-0.803332
1.65049e-09	-0.802906
1.65062e-09	-0.802477
1.65075e-09	-0.802044
1.65087e-09	-0.801609
1.651e-09	-0.801171
1.65113e-09	-0.80073
1.65126e-09	-0.800286
1.65139e-09	-0.799839
1.65152e-09	-0.799389
1.65164e-09	-0.798936
1.65177e-09	-0.79848
1.6519e-09	-0.798021
1.65203e-09	-0.79756
1.65216e-09	-0.797095
1.65229e-09	-0.796628
1.65242e-09	-0.796157
1.65254e-09	-0.795684
1.65267e-09	-0.795207
1.6528e-09	-0.794728
1.65293e-09	-0.794246
1.65306e-09	-0.793761
1.65319e-09	-0.793273
1.65331e-09	-0.792783
1.65344e-09	-0.792289
1.65357e-09	-0.791792
1.6537e-09	-0.791293
1.65383e-09	-0.79079
1.65396e-09	-0.790285
1.65408e-09	-0.789777
1.65421e-09	-0.789266
1.65434e-09	-0.788752
1.65447e-09	-0.788236
1.6546e-09	-0.787716
1.65473e-09	-0.787194
1.65486e-09	-0.786669
1.65498e-09	-0.786141
1.65511e-09	-0.78561
1.65524e-09	-0.785076
1.65537e-09	-0.784539
1.6555e-09	-0.784
1.65563e-09	-0.783457
1.65575e-09	-0.782912
1.65588e-09	-0.782364
1.65601e-09	-0.781814
1.65614e-09	-0.78126
1.65627e-09	-0.780704
1.6564e-09	-0.780144
1.65652e-09	-0.779582
1.65665e-09	-0.779018
1.65678e-09	-0.77845
1.65691e-09	-0.77788
1.65704e-09	-0.777306
1.65717e-09	-0.77673
1.6573e-09	-0.776152
1.65742e-09	-0.77557
1.65755e-09	-0.774986
1.65768e-09	-0.774399
1.65781e-09	-0.773809
1.65794e-09	-0.773216
1.65807e-09	-0.772621
1.65819e-09	-0.772023
1.65832e-09	-0.771422
1.65845e-09	-0.770818
1.65858e-09	-0.770212
1.65871e-09	-0.769603
1.65884e-09	-0.768991
1.65896e-09	-0.768376
1.65909e-09	-0.767759
1.65922e-09	-0.767139
1.65935e-09	-0.766516
1.65948e-09	-0.765891
1.65961e-09	-0.765263
1.65973e-09	-0.764632
1.65986e-09	-0.763998
1.65999e-09	-0.763362
1.66012e-09	-0.762723
1.66025e-09	-0.762081
1.66038e-09	-0.761437
1.66051e-09	-0.76079
1.66063e-09	-0.76014
1.66076e-09	-0.759488
1.66089e-09	-0.758833
1.66102e-09	-0.758175
1.66115e-09	-0.757515
1.66128e-09	-0.756852
1.6614e-09	-0.756186
1.66153e-09	-0.755517
1.66166e-09	-0.754846
1.66179e-09	-0.754173
1.66192e-09	-0.753497
1.66205e-09	-0.752818
1.66217e-09	-0.752136
1.6623e-09	-0.751452
1.66243e-09	-0.750765
1.66256e-09	-0.750076
1.66269e-09	-0.749384
1.66282e-09	-0.748689
1.66295e-09	-0.747992
1.66307e-09	-0.747292
1.6632e-09	-0.746589
1.66333e-09	-0.745884
1.66346e-09	-0.745177
1.66359e-09	-0.744466
1.66372e-09	-0.743754
1.66384e-09	-0.743038
1.66397e-09	-0.74232
1.6641e-09	-0.7416
1.66423e-09	-0.740877
1.66436e-09	-0.740151
1.66449e-09	-0.739423
1.66461e-09	-0.738692
1.66474e-09	-0.737959
1.66487e-09	-0.737223
1.665e-09	-0.736485
1.66513e-09	-0.735744
1.66526e-09	-0.735001
1.66539e-09	-0.734255
1.66551e-09	-0.733506
1.66564e-09	-0.732755
1.66577e-09	-0.732002
1.6659e-09	-0.731246
1.66603e-09	-0.730487
1.66616e-09	-0.729726
1.66628e-09	-0.728963
1.66641e-09	-0.728197
1.66654e-09	-0.727429
1.66667e-09	-0.726658
1.6668e-09	-0.725884
1.66693e-09	-0.725108
1.66705e-09	-0.72433
1.66718e-09	-0.723549
1.66731e-09	-0.722766
1.66744e-09	-0.721981
1.66757e-09	-0.721192
1.6677e-09	-0.720402
1.66782e-09	-0.719609
1.66795e-09	-0.718813
1.66808e-09	-0.718016
1.66821e-09	-0.717215
1.66834e-09	-0.716413
1.66847e-09	-0.715607
1.6686e-09	-0.7148
1.66872e-09	-0.71399
1.66885e-09	-0.713178
1.66898e-09	-0.712363
1.66911e-09	-0.711546
1.66924e-09	-0.710726
1.66937e-09	-0.709905
1.66949e-09	-0.70908
1.66962e-09	-0.708254
1.66975e-09	-0.707425
1.66988e-09	-0.706593
1.67001e-09	-0.70576
1.67014e-09	-0.704924
1.67026e-09	-0.704085
1.67039e-09	-0.703245
1.67052e-09	-0.702401
1.67065e-09	-0.701556
1.67078e-09	-0.700708
1.67091e-09	-0.699858
1.67104e-09	-0.699006
1.67116e-09	-0.698151
1.67129e-09	-0.697294
1.67142e-09	-0.696435
1.67155e-09	-0.695573
1.67168e-09	-0.694709
1.67181e-09	-0.693843
1.67193e-09	-0.692975
1.67206e-09	-0.692104
1.67219e-09	-0.691231
1.67232e-09	-0.690356
1.67245e-09	-0.689478
1.67258e-09	-0.688598
1.6727e-09	-0.687716
1.67283e-09	-0.686832
1.67296e-09	-0.685945
1.67309e-09	-0.685056
1.67322e-09	-0.684165
1.67335e-09	-0.683272
1.67348e-09	-0.682377
1.6736e-09	-0.681479
1.67373e-09	-0.680579
1.67386e-09	-0.679677
1.67399e-09	-0.678772
1.67412e-09	-0.677866
1.67425e-09	-0.676957
1.67437e-09	-0.676046
1.6745e-09	-0.675133
1.67463e-09	-0.674218
1.67476e-09	-0.6733
1.67489e-09	-0.67238
1.67502e-09	-0.671459
1.67514e-09	-0.670535
1.67527e-09	-0.669608
1.6754e-09	-0.66868
1.67553e-09	-0.66775
1.67566e-09	-0.666817
1.67579e-09	-0.665882
1.67591e-09	-0.664946
1.67604e-09	-0.664007
1.67617e-09	-0.663065
1.6763e-09	-0.662122
1.67643e-09	-0.661177
1.67656e-09	-0.66023
1.67669e-09	-0.65928
1.67681e-09	-0.658328
1.67694e-09	-0.657375
1.67707e-09	-0.656419
1.6772e-09	-0.655461
1.67733e-09	-0.654501
1.67746e-09	-0.653539
1.67758e-09	-0.652575
1.67771e-09	-0.651609
1.67784e-09	-0.650641
1.67797e-09	-0.64967
1.6781e-09	-0.648698
1.67823e-09	-0.647724
1.67835e-09	-0.646748
1.67848e-09	-0.645769
1.67861e-09	-0.644789
1.67874e-09	-0.643806
1.67887e-09	-0.642822
1.679e-09	-0.641836
1.67913e-09	-0.640847
1.67925e-09	-0.639857
1.67938e-09	-0.638864
1.67951e-09	-0.63787
1.67964e-09	-0.636874
1.67977e-09	-0.635875
1.6799e-09	-0.634875
1.68002e-09	-0.633873
1.68015e-09	-0.632868
1.68028e-09	-0.631862
1.68041e-09	-0.630854
1.68054e-09	-0.629844
1.68067e-09	-0.628832
1.68079e-09	-0.627818
1.68092e-09	-0.626802
1.68105e-09	-0.625784
1.68118e-09	-0.624765
1.68131e-09	-0.623743
1.68144e-09	-0.622719
1.68157e-09	-0.621694
1.68169e-09	-0.620667
1.68182e-09	-0.619637
1.68195e-09	-0.618606
1.68208e-09	-0.617573
1.68221e-09	-0.616539
1.68234e-09	-0.615502
1.68246e-09	-0.614463
1.68259e-09	-0.613423
1.68272e-09	-0.612381
1.68285e-09	-0.611337
1.68298e-09	-0.610291
1.68311e-09	-0.609243
1.68323e-09	-0.608193
1.68336e-09	-0.607142
1.68349e-09	-0.606088
1.68362e-09	-0.605033
1.68375e-09	-0.603976
1.68388e-09	-0.602918
1.684e-09	-0.601857
1.68413e-09	-0.600795
1.68426e-09	-0.599731
1.68439e-09	-0.598665
1.68452e-09	-0.597598
1.68465e-09	-0.596528
1.68478e-09	-0.595457
1.6849e-09	-0.594384
1.68503e-09	-0.59331
1.68516e-09	-0.592233
1.68529e-09	-0.591155
1.68542e-09	-0.590075
1.68555e-09	-0.588993
1.68567e-09	-0.58791
1.6858e-09	-0.586825
1.68593e-09	-0.585738
1.68606e-09	-0.58465
1.68619e-09	-0.58356
1.68632e-09	-0.582468
1.68644e-09	-0.581374
1.68657e-09	-0.580279
1.6867e-09	-0.579182
1.68683e-09	-0.578084
1.68696e-09	-0.576983
1.68709e-09	-0.575881
1.68722e-09	-0.574778
1.68734e-09	-0.573673
1.68747e-09	-0.572566
1.6876e-09	-0.571457
1.68773e-09	-0.570347
1.68786e-09	-0.569235
1.68799e-09	-0.568122
1.68811e-09	-0.567007
1.68824e-09	-0.56589
1.68837e-09	-0.564772
1.6885e-09	-0.563652
1.68863e-09	-0.562531
1.68876e-09	-0.561408
1.68888e-09	-0.560283
1.68901e-09	-0.559157
1.68914e-09	-0.558029
1.68927e-09	-0.5569
1.6894e-09	-0.555769
1.68953e-09	-0.554636
1.68966e-09	-0.553502
1.68978e-09	-0.552367
1.68991e-09	-0.55123
1.69004e-09	-0.550091
1.69017e-09	-0.548951
1.6903e-09	-0.547809
1.69043e-09	-0.546666
1.69055e-09	-0.545521
1.69068e-09	-0.544375
1.69081e-09	-0.543227
1.69094e-09	-0.542078
1.69107e-09	-0.540928
1.6912e-09	-0.539775
1.69132e-09	-0.538622
1.69145e-09	-0.537467
1.69158e-09	-0.53631
1.69171e-09	-0.535152
1.69184e-09	-0.533993
1.69197e-09	-0.532832
1.69209e-09	-0.531669
1.69222e-09	-0.530506
1.69235e-09	-0.52934
1.69248e-09	-0.528174
1.69261e-09	-0.527006
1.69274e-09	-0.525836
1.69287e-09	-0.524665
1.69299e-09	-0.523493
1.69312e-09	-0.522319
1.69325e-09	-0.521144
1.69338e-09	-0.519968
1.69351e-09	-0.51879
1.69364e-09	-0.517611
1.69376e-09	-0.51643
1.69389e-09	-0.515248
1.69402e-09	-0.514065
1.69415e-09	-0.51288
1.69428e-09	-0.511694
1.69441e-09	-0.510507
1.69453e-09	-0.509318
1.69466e-09	-0.508128
1.69479e-09	-0.506937
1.69492e-09	-0.505744
1.69505e-09	-0.504551
1.69518e-09	-0.503355
1.69531e-09	-0.502159
1.69543e-09	-0.500961
1.69556e-09	-0.499762
1.69569e-09	-0.498562
1.69582e-09	-0.49736
1.69595e-09	-0.496157
1.69608e-09	-0.494953
1.6962e-09	-0.493747
1.69633e-09	-0.492541
1.69646e-09	-0.491333
1.69659e-09	-0.490124
1.69672e-09	-0.488913
1.69685e-09	-0.487702
1.69697e-09	-0.486489
1.6971e-09	-0.485275
1.69723e-09	-0.484059
1.69736e-09	-0.482843
1.69749e-09	-0.481625
1.69762e-09	-0.480406
1.69775e-09	-0.479186
1.69787e-09	-0.477965
1.698e-09	-0.476743
1.69813e-09	-0.475519
1.69826e-09	-0.474295
1.69839e-09	-0.473069
1.69852e-09	-0.471842
1.69864e-09	-0.470614
1.69877e-09	-0.469384
1.6989e-09	-0.468154
1.69903e-09	-0.466922
1.69916e-09	-0.46569
1.69929e-09	-0.464456
1.69941e-09	-0.463221
1.69954e-09	-0.461985
1.69967e-09	-0.460748
1.6998e-09	-0.45951
1.69993e-09	-0.45827
1.70006e-09	-0.45703
1.70018e-09	-0.455788
1.70031e-09	-0.454546
1.70044e-09	-0.453302
1.70057e-09	-0.452058
1.7007e-09	-0.450812
1.70083e-09	-0.449565
1.70096e-09	-0.448318
1.70108e-09	-0.447069
1.70121e-09	-0.445819
1.70134e-09	-0.444568
1.70147e-09	-0.443316
1.7016e-09	-0.442064
1.70173e-09	-0.44081
1.70185e-09	-0.439555
1.70198e-09	-0.438299
1.70211e-09	-0.437042
1.70224e-09	-0.435784
1.70237e-09	-0.434526
1.7025e-09	-0.433266
1.70262e-09	-0.432005
1.70275e-09	-0.430744
1.70288e-09	-0.429481
1.70301e-09	-0.428217
1.70314e-09	-0.426953
1.70327e-09	-0.425688
1.7034e-09	-0.424421
1.70352e-09	-0.423154
1.70365e-09	-0.421886
1.70378e-09	-0.420617
1.70391e-09	-0.419347
1.70404e-09	-0.418076
1.70417e-09	-0.416804
1.70429e-09	-0.415532
1.70442e-09	-0.414258
1.70455e-09	-0.412984
1.70468e-09	-0.411708
1.70481e-09	-0.410432
1.70494e-09	-0.409155
1.70506e-09	-0.407877
1.70519e-09	-0.406599
1.70532e-09	-0.405319
1.70545e-09	-0.404039
1.70558e-09	-0.402758
1.70571e-09	-0.401476
1.70584e-09	-0.400193
1.70596e-09	-0.39891
1.70609e-09	-0.397625
1.70622e-09	-0.39634
1.70635e-09	-0.395054
1.70648e-09	-0.393767
1.70661e-09	-0.39248
1.70673e-09	-0.391191
1.70686e-09	-0.389902
1.70699e-09	-0.388613
1.70712e-09	-0.387322
1.70725e-09	-0.386031
1.70738e-09	-0.384739
1.7075e-09	-0.383446
1.70763e-09	-0.382152
1.70776e-09	-0.380858
1.70789e-09	-0.379563
1.70802e-09	-0.378267
1.70815e-09	-0.376971
1.70827e-09	-0.375674
1.7084e-09	-0.374376
1.70853e-09	-0.373078
1.70866e-09	-0.371779
1.70879e-09	-0.370479
1.70892e-09	-0.369178
1.70905e-09	-0.367877
1.70917e-09	-0.366575
1.7093e-09	-0.365273
1.70943e-09	-0.36397
1.70956e-09	-0.362666
1.70969e-09	-0.361362
1.70982e-09	-0.360057
1.70994e-09	-0.358751
1.71007e-09	-0.357445
1.7102e-09	-0.356138
1.71033e-09	-0.354831
1.71046e-09	-0.353523
1.71059e-09	-0.352214
1.71071e-09	-0.350905
1.71084e-09	-0.349595
1.71097e-09	-0.348285
1.7111e-09	-0.346974
1.71123e-09	-0.345662
1.71136e-09	-0.34435
1.71149e-09	-0.343038
1.71161e-09	-0.341724
1.71174e-09	-0.340411
1.71187e-09	-0.339096
1.712e-09	-0.337782
1.71213e-09	-0.336466
1.71226e-09	-0.335151
1.71238e-09	-0.333834
1.71251e-09	-0.332518
1.71264e-09	-0.3312
1.71277e-09	-0.329883
1.7129e-09	-0.328564
1.71303e-09	-0.327246
1.71315e-09	-0.325926
1.71328e-09	-0.324607
1.71341e-09	-0.323286
1.71354e-09	-0.321966
1.71367e-09	-0.320645
1.7138e-09	-0.319323
1.71393e-09	-0.318001
1.71405e-09	-0.316679
1.71418e-09	-0.315356
1.71431e-09	-0.314033
1.71444e-09	-0.312709
1.71457e-09	-0.311385
1.7147e-09	-0.310061
1.71482e-09	-0.308736
1.71495e-09	-0.307411
1.71508e-09	-0.306085
1.71521e-09	-0.304759
1.71534e-09	-0.303433
1.71547e-09	-0.302106
1.71559e-09	-0.300779
1.71572e-09	-0.299452
1.71585e-09	-0.298124
1.71598e-09	-0.296796
1.71611e-09	-0.295467
1.71624e-09	-0.294138
1.71636e-09	-0.292809
1.71649e-09	-0.29148
1.71662e-09	-0.29015
1.71675e-09	-0.28882
1.71688e-09	-0.28749
1.71701e-09	-0.286159
1.71714e-09	-0.284828
1.71726e-09	-0.283497
1.71739e-09	-0.282165
1.71752e-09	-0.280833
1.71765e-09	-0.279501
1.71778e-09	-0.278169
1.71791e-09	-0.276836
1.71803e-09	-0.275504
1.71816e-09	-0.274171
1.71829e-09	-0.272837
1.71842e-09	-0.271504
1.71855e-09	-0.27017
1.71868e-09	-0.268836
1.7188e-09	-0.267502
1.71893e-09	-0.266167
1.71906e-09	-0.264833
1.71919e-09	-0.263498
1.71932e-09	-0.262163
1.71945e-09	-0.260828
1.71958e-09	-0.259492
1.7197e-09	-0.258157
1.71983e-09	-0.256821
1.71996e-09	-0.255485
1.72009e-09	-0.254149
1.72022e-09	-0.252813
1.72035e-09	-0.251477
1.72047e-09	-0.25014
1.7206e-09	-0.248804
1.72073e-09	-0.247467
1.72086e-09	-0.24613
1.72099e-09	-0.244793
1.72112e-09	-0.243456
1.72124e-09	-0.242119
1.72137e-09	-0.240782
1.7215e-09	-0.239444
1.72163e-09	-0.238107
1.72176e-09	-0.236769
1.72189e-09	-0.235432
1.72202e-09	-0.234094
1.72214e-09	-0.232756
1.72227e-09	-0.231419
1.7224e-09	-0.230081
1.72253e-09	-0.228743
1.72266e-09	-0.227405
1.72279e-09	-0.226067
1.72291e-09	-0.224729
1.72304e-09	-0.223391
1.72317e-09	-0.222053
1.7233e-09	-0.220715
1.72343e-09	-0.219377
1.72356e-09	-0.218039
1.72368e-09	-0.216701
1.72381e-09	-0.215363
1.72394e-09	-0.214025
1.72407e-09	-0.212687
1.7242e-09	-0.211349
1.72433e-09	-0.210011
1.72445e-09	-0.208673
1.72458e-09	-0.207335
1.72471e-09	-0.205997
1.72484e-09	-0.204659
1.72497e-09	-0.203322
1.7251e-09	-0.201984
1.72523e-09	-0.200646
1.72535e-09	-0.199309
1.72548e-09	-0.197972
1.72561e-09	-0.196634
1.72574e-09	-0.195297
1.72587e-09	-0.19396
1.726e-09	-0.192623
1.72612e-09	-0.191286
1.72625e-09	-0.189949
1.72638e-09	-0.188613
1.72651e-09	-0.187276
1.72664e-09	-0.18594
1.72677e-09	-0.184604
1.72689e-09	-0.183268
1.72702e-09	-0.181932
1.72715e-09	-0.180596
1.72728e-09	-0.17926
1.72741e-09	-0.177925
1.72754e-09	-0.17659
1.72767e-09	-0.175255
1.72779e-09	-0.17392
1.72792e-09	-0.172585
1.72805e-09	-0.17125
1.72818e-09	-0.169916
1.72831e-09	-0.168582
1.72844e-09	-0.167248
1.72856e-09	-0.165915
1.72869e-09	-0.164581
1.72882e-09	-0.163248
1.72895e-09	-0.161915
1.72908e-09	-0.160582
1.72921e-09	-0.15925
1.72933e-09	-0.157918
1.72946e-09	-0.156586
1.72959e-09	-0.155254
1.72972e-09	-0.153923
1.72985e-09	-0.152591
1.72998e-09	-0.15126
1.73011e-09	-0.14993
1.73023e-09	-0.1486
1.73036e-09	-0.14727
1.73049e-09	-0.14594
1.73062e-09	-0.144611
1.73075e-09	-0.143281
1.73088e-09	-0.141953
1.731e-09	-0.140624
1.73113e-09	-0.139296
1.73126e-09	-0.137968
1.73139e-09	-0.136641
1.73152e-09	-0.135314
1.73165e-09	-0.133987
1.73177e-09	-0.132661
1.7319e-09	-0.131335
1.73203e-09	-0.130009
1.73216e-09	-0.128684
1.73229e-09	-0.127359
1.73242e-09	-0.126035
1.73254e-09	-0.12471
1.73267e-09	-0.123387
1.7328e-09	-0.122063
1.73293e-09	-0.120741
1.73306e-09	-0.119418
1.73319e-09	-0.118096
1.73332e-09	-0.116774
1.73344e-09	-0.115453
1.73357e-09	-0.114132
1.7337e-09	-0.112812
1.73383e-09	-0.111492
1.73396e-09	-0.110173
1.73409e-09	-0.108854
1.73421e-09	-0.107535
1.73434e-09	-0.106217
1.73447e-09	-0.104899
1.7346e-09	-0.103582
1.73473e-09	-0.102266
1.73486e-09	-0.100949
1.73498e-09	-0.0996337
1.73511e-09	-0.0983185
1.73524e-09	-0.0970039
1.73537e-09	-0.0956897
1.7355e-09	-0.094376
1.73563e-09	-0.0930629
1.73576e-09	-0.0917503
1.73588e-09	-0.0904382
1.73601e-09	-0.0891267
1.73614e-09	-0.0878156
1.73627e-09	-0.0865052
1.7364e-09	-0.0851953
1.73653e-09	-0.0838859
1.73665e-09	-0.0825771
1.73678e-09	-0.0812689
1.73691e-09	-0.0799612
1.73704e-09	-0.0786541
1.73717e-09	-0.0773476
1.7373e-09	-0.0760417
1.73742e-09	-0.0747364
1.73755e-09	-0.0734317
1.73768e-09	-0.0721275
1.73781e-09	-0.070824
1.73794e-09	-0.0695211
1.73807e-09	-0.0682188
1.7382e-09	-0.0669172
1.73832e-09	-0.0656161
1.73845e-09	-0.0643157
1.73858e-09	-0.063016
1.73871e-09	-0.0617168
1.73884e-09	-0.0604184
1.73897e-09	-0.0591205
1.73909e-09	-0.0578234
1.73922e-09	-0.0565269
1.73935e-09	-0.055231
1.73948e-09	-0.0539359
1.73961e-09	-0.0526414
1.73974e-09	-0.0513476
1.73986e-09	-0.0500545
1.73999e-09	-0.0487621
1.74012e-09	-0.0474704
1.74025e-09	-0.0461794
1.74038e-09	-0.0448891
1.74051e-09	-0.0435996
1.74063e-09	-0.0423107
1.74076e-09	-0.0410226
1.74089e-09	-0.0397352
1.74102e-09	-0.0384485
1.74115e-09	-0.0371626
1.74128e-09	-0.0358774
1.74141e-09	-0.034593
1.74153e-09	-0.0333093
1.74166e-09	-0.0320264
1.74179e-09	-0.0307442
1.74192e-09	-0.0294628
1.74205e-09	-0.0281822
1.74218e-09	-0.0269024
1.7423e-09	-0.0256234
1.74243e-09	-0.0243451
1.74256e-09	-0.0230677
1.74269e-09	-0.021791
1.74282e-09	-0.0205152
1.74295e-09	-0.0192401
1.74307e-09	-0.0179659
1.7432e-09	-0.0166925
1.74333e-09	-0.0154199
1.74346e-09	-0.0141482
1.74359e-09	-0.0128772
1.74372e-09	-0.0116072
1.74385e-09	-0.0103379
1.74397e-09	-0.00906953
1.7441e-09	-0.007802
1.74423e-09	-0.00653532
1.74436e-09	-0.00526951
1.74449e-09	-0.00400457
1.74462e-09	-0.0027405
1.74474e-09	-0.00147731
1.74487e-09	-0.000214998
1.745e-09	0.00104642
1.74513e-09	0.00230695
1.74526e-09	0.00356659
1.74539e-09	0.00482532
1.74551e-09	0.00608314
1.74564e-09	0.00734005
1.74577e-09	0.00859605
1.7459e-09	0.00985112
1.74603e-09	0.0111053
1.74616e-09	0.0123585
1.74629e-09	0.0136108
1.74641e-09	0.0148621
1.74654e-09	0.0161125
1.74667e-09	0.017362
1.7468e-09	0.0186105
1.74693e-09	0.019858
1.74706e-09	0.0211046
1.74718e-09	0.0223502
1.74731e-09	0.0235948
1.74744e-09	0.0248385
1.74757e-09	0.0260811
1.7477e-09	0.0273228
1.74783e-09	0.0285635
1.74795e-09	0.0298032
1.74808e-09	0.0310419
1.74821e-09	0.0322796
1.74834e-09	0.0335163
1.74847e-09	0.0347519
1.7486e-09	0.0359866
1.74872e-09	0.0372202
1.74885e-09	0.0384528
1.74898e-09	0.0396843
1.74911e-09	0.0409149
1.74924e-09	0.0421444
1.74937e-09	0.0433728
1.7495e-09	0.0446002
1.74962e-09	0.0458265
1.74975e-09	0.0470518
1.74988e-09	0.048276
1.75001e-09	0.0494991
1.75014e-09	0.0507211
1.75027e-09	0.0519421
1.75039e-09	0.053162
1.75052e-09	0.0543808
1.75065e-09	0.0555985
1.75078e-09	0.0568152
1.75091e-09	0.0580307
1.75104e-09	0.0592451
1.75116e-09	0.0604584
1.75129e-09	0.0616706
1.75142e-09	0.0628817
1.75155e-09	0.0640916
1.75168e-09	0.0653004
1.75181e-09	0.0665081
1.75194e-09	0.0677147
1.75206e-09	0.0689201
1.75219e-09	0.0701243
1.75232e-09	0.0713274
1.75245e-09	0.0725294
1.75258e-09	0.0737302
1.75271e-09	0.0749299
1.75283e-09	0.0761283
1.75296e-09	0.0773256
1.75309e-09	0.0785218
1.75322e-09	0.0797167
1.75335e-09	0.0809105
1.75348e-09	0.082103
1.7536e-09	0.0832944
1.75373e-09	0.0844846
1.75386e-09	0.0856736
1.75399e-09	0.0868614
1.75412e-09	0.0880479
1.75425e-09	0.0892333
1.75438e-09	0.0904174
1.7545e-09	0.0916003
1.75463e-09	0.092782
1.75476e-09	0.0939625
1.75489e-09	0.0951417
1.75502e-09	0.0963197
1.75515e-09	0.0974964
1.75527e-09	0.0986719
1.7554e-09	0.0998461
1.75553e-09	0.101019
1.75566e-09	0.102191
1.75579e-09	0.103361
1.75592e-09	0.10453
1.75604e-09	0.105698
1.75617e-09	0.106865
1.7563e-09	0.10803
1.75643e-09	0.109194
1.75656e-09	0.110357
1.75669e-09	0.111519
1.75681e-09	0.112679
1.75694e-09	0.113838
1.75707e-09	0.114995
1.7572e-09	0.116152
1.75733e-09	0.117307
1.75746e-09	0.11846
1.75759e-09	0.119613
1.75771e-09	0.120764
1.75784e-09	0.121913
1.75797e-09	0.123062
1.7581e-09	0.124209
1.75823e-09	0.125354
1.75836e-09	0.126499
1.75848e-09	0.127642
1.75861e-09	0.128783
1.75874e-09	0.129923
1.75887e-09	0.131062
1.759e-09	0.1322
1.75913e-09	0.133336
1.75925e-09	0.134471
1.75938e-09	0.135604
1.75951e-09	0.136736
1.75964e-09	0.137867
1.75977e-09	0.138996
1.7599e-09	0.140124
1.76003e-09	0.14125
1.76015e-09	0.142375
1.76028e-09	0.143499
1.76041e-09	0.144621
1.76054e-09	0.145742
1.76067e-09	0.146862
1.7608e-09	0.147979
1.76092e-09	0.149096
1.76105e-09	0.150211
1.76118e-09	0.151325
1.76131e-09	0.152437
1.76144e-09	0.153548
1.76157e-09	0.154657
1.76169e-09	0.155765
1.76182e-09	0.156872
1.76195e-09	0.157977
1.76208e-09	0.159081
1.76221e-09	0.160183
1.76234e-09	0.161283
1.76247e-09	0.162383
1.76259e-09	0.16348
1.76272e-09	0.164577
1.76285e-09	0.165671
1.76298e-09	0.166765
1.76311e-09	0.167856
1.76324e-09	0.168947
1.76336e-09	0.170036
1.76349e-09	0.171123
1.76362e-09	0.172209
1.76375e-09	0.173293
1.76388e-09	0.174376
1.76401e-09	0.175457
1.76413e-09	0.176537
1.76426e-09	0.177615
1.76439e-09	0.178692
1.76452e-09	0.179767
1.76465e-09	0.180841
1.76478e-09	0.181913
1.7649e-09	0.182984
1.76503e-09	0.184053
1.76516e-09	0.18512
1.76529e-09	0.186186
1.76542e-09	0.187251
1.76555e-09	0.188314
1.76568e-09	0.189375
1.7658e-09	0.190435
1.76593e-09	0.191493
1.76606e-09	0.19255
1.76619e-09	0.193605
1.76632e-09	0.194658
1.76645e-09	0.19571
1.76657e-09	0.19676
1.7667e-09	0.197809
1.76683e-09	0.198856
1.76696e-09	0.199902
1.76709e-09	0.200946
1.76722e-09	0.201988
1.76734e-09	0.203029
1.76747e-09	0.204068
1.7676e-09	0.205106
1.76773e-09	0.206142
1.76786e-09	0.207176
1.76799e-09	0.208209
1.76812e-09	0.20924
1.76824e-09	0.210269
1.76837e-09	0.211297
1.7685e-09	0.212323
1.76863e-09	0.213348
1.76876e-09	0.214371
1.76889e-09	0.215392
1.76901e-09	0.216412
1.76914e-09	0.21743
1.76927e-09	0.218446
1.7694e-09	0.219461
1.76953e-09	0.220474
1.76966e-09	0.221485
1.76978e-09	0.222495
1.76991e-09	0.223503
1.77004e-09	0.22451
1.77017e-09	0.225514
1.7703e-09	0.226517
1.77043e-09	0.227519
1.77056e-09	0.228519
1.77068e-09	0.229517
1.77081e-09	0.230513
1.77094e-09	0.231507
1.77107e-09	0.2325
1.7712e-09	0.233492
1.77133e-09	0.234481
1.77145e-09	0.235469
1.77158e-09	0.236455
1.77171e-09	0.23744
1.77184e-09	0.238422
1.77197e-09	0.239403
1.7721e-09	0.240383
1.77222e-09	0.24136
1.77235e-09	0.242336
1.77248e-09	0.24331
1.77261e-09	0.244283
1.77274e-09	0.245253
1.77287e-09	0.246222
1.773e-09	0.247189
1.77312e-09	0.248155
1.77325e-09	0.249118
1.77338e-09	0.25008
1.77351e-09	0.251041
1.77364e-09	0.251999
1.77377e-09	0.252956
1.77389e-09	0.253911
1.77402e-09	0.254864
1.77415e-09	0.255815
1.77428e-09	0.256765
1.77441e-09	0.257713
1.77454e-09	0.258659
1.77466e-09	0.259603
1.77479e-09	0.260546
1.77492e-09	0.261487
1.77505e-09	0.262426
1.77518e-09	0.263363
1.77531e-09	0.264298
1.77543e-09	0.265232
1.77556e-09	0.266164
1.77569e-09	0.267094
1.77582e-09	0.268022
1.77595e-09	0.268948
1.77608e-09	0.269873
1.77621e-09	0.270796
1.77633e-09	0.271717
1.77646e-09	0.272636
1.77659e-09	0.273554
1.77672e-09	0.274469
1.77685e-09	0.275383
1.77698e-09	0.276295
1.7771e-09	0.277205
1.77723e-09	0.278113
1.77736e-09	0.27902
1.77749e-09	0.279924
1.77762e-09	0.280827
1.77775e-09	0.281728
1.77787e-09	0.282627
1.778e-09	0.283524
1.77813e-09	0.28442
1.77826e-09	0.285313
1.77839e-09	0.286205
1.77852e-09	0.287095
1.77865e-09	0.287983
1.77877e-09	0.288869
1.7789e-09	0.289753
1.77903e-09	0.290636
1.77916e-09	0.291516
1.77929e-09	0.292395
1.77942e-09	0.293272
1.77954e-09	0.294147
1.77967e-09	0.29502
1.7798e-09	0.295891
1.77993e-09	0.296761
1.78006e-09	0.297628
1.78019e-09	0.298494
1.78031e-09	0.299357
1.78044e-09	0.300219
1.78057e-09	0.301079
1.7807e-09	0.301937
1.78083e-09	0.302793
1.78096e-09	0.303647
1.78109e-09	0.3045
1.78121e-09	0.30535
1.78134e-09	0.306199
1.78147e-09	0.307045
1.7816e-09	0.30789
1.78173e-09	0.308733
1.78186e-09	0.309574
1.78198e-09	0.310413
1.78211e-09	0.31125
1.78224e-09	0.312085
1.78237e-09	0.312918
1.7825e-09	0.313749
1.78263e-09	0.314579
1.78275e-09	0.315406
1.78288e-09	0.316231
1.78301e-09	0.317055
1.78314e-09	0.317877
1.78327e-09	0.318696
1.7834e-09	0.319514
1.78352e-09	0.32033
1.78365e-09	0.321144
1.78378e-09	0.321956
1.78391e-09	0.322766
1.78404e-09	0.323574
1.78417e-09	0.32438
1.7843e-09	0.325184
1.78442e-09	0.325986
1.78455e-09	0.326786
1.78468e-09	0.327585
1.78481e-09	0.328381
1.78494e-09	0.329175
1.78507e-09	0.329968
1.78519e-09	0.330758
1.78532e-09	0.331547
1.78545e-09	0.332333
1.78558e-09	0.333118
1.78571e-09	0.3339
1.78584e-09	0.334681
1.78596e-09	0.335459
1.78609e-09	0.336236
1.78622e-09	0.33701
1.78635e-09	0.337783
1.78648e-09	0.338554
1.78661e-09	0.339322
1.78674e-09	0.340089
1.78686e-09	0.340854
1.78699e-09	0.341616
1.78712e-09	0.342377
1.78725e-09	0.343136
1.78738e-09	0.343893
1.78751e-09	0.344647
1.78763e-09	0.3454
1.78776e-09	0.346151
1.78789e-09	0.346899
1.78802e-09	0.347646
1.78815e-09	0.348391
1.78828e-09	0.349133
1.7884e-09	0.349874
1.78853e-09	0.350613
1.78866e-09	0.351349
1.78879e-09	0.352084
1.78892e-09	0.352817
1.78905e-09	0.353547
1.78918e-09	0.354276
1.7893e-09	0.355002
1.78943e-09	0.355727
1.78956e-09	0.356449
1.78969e-09	0.35717
1.78982e-09	0.357888
1.78995e-09	0.358605
1.79007e-09	0.359319
1.7902e-09	0.360031
1.79033e-09	0.360742
1.79046e-09	0.36145
1.79059e-09	0.362156
1.79072e-09	0.362861
1.79084e-09	0.363563
1.79097e-09	0.364263
1.7911e-09	0.364961
1.79123e-09	0.365657
1.79136e-09	0.366351
1.79149e-09	0.367043
1.79161e-09	0.367733
1.79174e-09	0.368421
1.79187e-09	0.369106
1.792e-09	0.36979
1.79213e-09	0.370472
1.79226e-09	0.371152
1.79239e-09	0.371829
1.79251e-09	0.372505
1.79264e-09	0.373178
1.79277e-09	0.373849
1.7929e-09	0.374519
1.79303e-09	0.375186
1.79316e-09	0.375851
1.79328e-09	0.376514
1.79341e-09	0.377176
1.79354e-09	0.377835
1.79367e-09	0.378492
1.7938e-09	0.379146
1.79393e-09	0.379799
1.79405e-09	0.38045
1.79418e-09	0.381099
1.79431e-09	0.381745
1.79444e-09	0.38239
1.79457e-09	0.383032
1.7947e-09	0.383672
1.79483e-09	0.384311
1.79495e-09	0.384947
1.79508e-09	0.385581
1.79521e-09	0.386213
1.79534e-09	0.386843
1.79547e-09	0.387471
1.7956e-09	0.388097
1.79572e-09	0.38872
1.79585e-09	0.389342
1.79598e-09	0.389961
1.79611e-09	0.390579
1.79624e-09	0.391194
1.79637e-09	0.391807
1.79649e-09	0.392418
1.79662e-09	0.393027
1.79675e-09	0.393634
1.79688e-09	0.394239
1.79701e-09	0.394842
1.79714e-09	0.395443
1.79727e-09	0.396041
1.79739e-09	0.396638
1.79752e-09	0.397232
1.79765e-09	0.397824
1.79778e-09	0.398414
1.79791e-09	0.399002
1.79804e-09	0.399588
1.79816e-09	0.400172
1.79829e-09	0.400754
1.79842e-09	0.401333
1.79855e-09	0.401911
1.79868e-09	0.402486
1.79881e-09	0.40306
1.79893e-09	0.403631
1.79906e-09	0.4042
1.79919e-09	0.404767
1.79932e-09	0.405332
1.79945e-09	0.405894
1.79958e-09	0.406455
1.7997e-09	0.407013
1.79983e-09	0.40757
1.79996e-09	0.408124
1.80009e-09	0.408676
1.80022e-09	0.409226
1.80035e-09	0.409774
1.80048e-09	0.41032
1.8006e-09	0.410864
1.80073e-09	0.411405
1.80086e-09	0.411944
1.80099e-09	0.412482
1.80112e-09	0.413017
1.80125e-09	0.41355
1.80137e-09	0.414081
1.8015e-09	0.41461
1.80163e-09	0.415136
1.80176e-09	0.415661
1.80189e-09	0.416183
1.80202e-09	0.416704
1.80214e-09	0.417222
1.80227e-09	0.417738
1.8024e-09	0.418252
1.80253e-09	0.418764
1.80266e-09	0.419273
1.80279e-09	0.419781
1.80292e-09	0.420286
1.80304e-09	0.420789
1.80317e-09	0.421291
1.8033e-09	0.42179
1.80343e-09	0.422286
1.80356e-09	0.422781
1.80369e-09	0.423274
1.80381e-09	0.423764
1.80394e-09	0.424253
1.80407e-09	0.424739
1.8042e-09	0.425223
1.80433e-09	0.425705
1.80446e-09	0.426185
1.80458e-09	0.426662
1.80471e-09	0.427138
1.80484e-09	0.427611
1.80497e-09	0.428082
1.8051e-09	0.428552
1.80523e-09	0.429018
1.80536e-09	0.429483
1.80548e-09	0.429946
1.80561e-09	0.430407
1.80574e-09	0.430865
1.80587e-09	0.431321
1.806e-09	0.431775
1.80613e-09	0.432227
1.80625e-09	0.432677
1.80638e-09	0.433125
1.80651e-09	0.433571
1.80664e-09	0.434014
1.80677e-09	0.434455
1.8069e-09	0.434895
1.80702e-09	0.435332
1.80715e-09	0.435766
1.80728e-09	0.436199
1.80741e-09	0.43663
1.80754e-09	0.437058
1.80767e-09	0.437485
1.80779e-09	0.437909
1.80792e-09	0.438331
1.80805e-09	0.438751
1.80818e-09	0.439168
1.80831e-09	0.439584
1.80844e-09	0.439997
1.80857e-09	0.440409
1.80869e-09	0.440818
1.80882e-09	0.441225
1.80895e-09	0.44163
1.80908e-09	0.442033
1.80921e-09	0.442433
1.80934e-09	0.442832
1.80946e-09	0.443228
1.80959e-09	0.443622
1.80972e-09	0.444014
1.80985e-09	0.444404
1.80998e-09	0.444792
1.81011e-09	0.445178
1.81023e-09	0.445561
1.81036e-09	0.445942
1.81049e-09	0.446322
1.81062e-09	0.446699
1.81075e-09	0.447074
1.81088e-09	0.447446
1.81101e-09	0.447817
1.81113e-09	0.448186
1.81126e-09	0.448552
1.81139e-09	0.448916
1.81152e-09	0.449278
1.81165e-09	0.449638
1.81178e-09	0.449996
1.8119e-09	0.450352
1.81203e-09	0.450705
1.81216e-09	0.451056
1.81229e-09	0.451406
1.81242e-09	0.451753
1.81255e-09	0.452098
1.81267e-09	0.452441
1.8128e-09	0.452781
1.81293e-09	0.45312
1.81306e-09	0.453456
1.81319e-09	0.45379
1.81332e-09	0.454123
1.81345e-09	0.454453
1.81357e-09	0.45478
1.8137e-09	0.455106
1.81383e-09	0.45543
1.81396e-09	0.455751
1.81409e-09	0.456071
1.81422e-09	0.456388
1.81434e-09	0.456703
1.81447e-09	0.457016
1.8146e-09	0.457326
1.81473e-09	0.457635
1.81486e-09	0.457942
1.81499e-09	0.458246
1.81511e-09	0.458548
1.81524e-09	0.458848
1.81537e-09	0.459146
1.8155e-09	0.459442
1.81563e-09	0.459736
1.81576e-09	0.460028
1.81588e-09	0.460317
1.81601e-09	0.460604
1.81614e-09	0.46089
1.81627e-09	0.461173
1.8164e-09	0.461454
1.81653e-09	0.461733
1.81666e-09	0.462009
1.81678e-09	0.462284
1.81691e-09	0.462556
1.81704e-09	0.462827
1.81717e-09	0.463095
1.8173e-09	0.463361
1.81743e-09	0.463625
1.81755e-09	0.463887
1.81768e-09	0.464147
1.81781e-09	0.464404
1.81794e-09	0.46466
1.81807e-09	0.464913
1.8182e-09	0.465165
1.81832e-09	0.465414
1.81845e-09	0.465661
1.81858e-09	0.465906
1.81871e-09	0.466148
1.81884e-09	0.466389
1.81897e-09	0.466628
1.8191e-09	0.466864
1.81922e-09	0.467099
1.81935e-09	0.467331
1.81948e-09	0.467561
1.81961e-09	0.467789
1.81974e-09	0.468015
1.81987e-09	0.468239
1.81999e-09	0.46846
1.82012e-09	0.46868
1.82025e-09	0.468897
1.82038e-09	0.469113
1.82051e-09	0.469326
1.82064e-09	0.469537
1.82076e-09	0.469746
1.82089e-09	0.469953
1.82102e-09	0.470158
1.82115e-09	0.470361
1.82128e-09	0.470562
1.82141e-09	0.47076
1.82154e-09	0.470957
1.82166e-09	0.471151
1.82179e-09	0.471343
1.82192e-09	0.471534
1.82205e-09	0.471722
1.82218e-09	0.471908
1.82231e-09	0.472092
1.82243e-09	0.472273
1.82256e-09	0.472453
1.82269e-09	0.472631
1.82282e-09	0.472806
1.82295e-09	0.47298
1.82308e-09	0.473151
1.8232e-09	0.473321
1.82333e-09	0.473488
1.82346e-09	0.473653
1.82359e-09	0.473816
1.82372e-09	0.473977
1.82385e-09	0.474136
1.82397e-09	0.474293
1.8241e-09	0.474447
1.82423e-09	0.4746
1.82436e-09	0.474751
1.82449e-09	0.474899
1.82462e-09	0.475046
1.82475e-09	0.47519
1.82487e-09	0.475332
1.825e-09	0.475473
1.82513e-09	0.475611
1.82526e-09	0.475747
1.82539e-09	0.475881
1.82552e-09	0.476013
1.82564e-09	0.476143
1.82577e-09	0.476271
1.8259e-09	0.476396
1.82603e-09	0.47652
1.82616e-09	0.476642
1.82629e-09	0.476761
1.82641e-09	0.476879
1.82654e-09	0.476995
1.82667e-09	0.477108
1.8268e-09	0.477219
1.82693e-09	0.477329
1.82706e-09	0.477436
1.82719e-09	0.477541
1.82731e-09	0.477645
1.82744e-09	0.477746
1.82757e-09	0.477845
1.8277e-09	0.477942
1.82783e-09	0.478037
1.82796e-09	0.47813
1.82808e-09	0.478221
1.82821e-09	0.47831
1.82834e-09	0.478397
1.82847e-09	0.478481
1.8286e-09	0.478564
1.82873e-09	0.478645
1.82885e-09	0.478724
1.82898e-09	0.478801
1.82911e-09	0.478875
1.82924e-09	0.478948
1.82937e-09	0.479019
1.8295e-09	0.479087
1.82963e-09	0.479154
1.82975e-09	0.479218
1.82988e-09	0.479281
1.83001e-09	0.479341
1.83014e-09	0.4794
1.83027e-09	0.479456
1.8304e-09	0.479511
1.83052e-09	0.479563
1.83065e-09	0.479614
1.83078e-09	0.479662
1.83091e-09	0.479709
1.83104e-09	0.479753
1.83117e-09	0.479796
1.83129e-09	0.479836
1.83142e-09	0.479874
1.83155e-09	0.479911
1.83168e-09	0.479945
1.83181e-09	0.479978
1.83194e-09	0.480008
1.83206e-09	0.480037
1.83219e-09	0.480063
1.83232e-09	0.480088
1.83245e-09	0.48011
1.83258e-09	0.480131
1.83271e-09	0.480149
1.83284e-09	0.480166
1.83296e-09	0.48018
1.83309e-09	0.480193
1.83322e-09	0.480203
1.83335e-09	0.480212
1.83348e-09	0.480219
1.83361e-09	0.480223
1.83373e-09	0.480226
1.83386e-09	0.480227
1.83399e-09	0.480226
1.83412e-09	0.480222
1.83425e-09	0.480217
1.83438e-09	0.48021
1.8345e-09	0.480201
1.83463e-09	0.48019
1.83476e-09	0.480177
1.83489e-09	0.480162
1.83502e-09	0.480145
1.83515e-09	0.480126
1.83528e-09	0.480105
1.8354e-09	0.480082
1.83553e-09	0.480058
1.83566e-09	0.480031
1.83579e-09	0.480002
1.83592e-09	0.479972
1.83605e-09	0.479939
1.83617e-09	0.479905
1.8363e-09	0.479869
1.83643e-09	0.47983
1.83656e-09	0.47979
1.83669e-09	0.479748
1.83682e-09	0.479704
1.83694e-09	0.479658
1.83707e-09	0.47961
1.8372e-09	0.47956
1.83733e-09	0.479508
1.83746e-09	0.479454
1.83759e-09	0.479399
1.83772e-09	0.479341
1.83784e-09	0.479282
1.83797e-09	0.479221
1.8381e-09	0.479157
1.83823e-09	0.479092
1.83836e-09	0.479025
1.83849e-09	0.478956
1.83861e-09	0.478885
1.83874e-09	0.478812
1.83887e-09	0.478738
1.839e-09	0.478661
1.83913e-09	0.478583
1.83926e-09	0.478502
1.83938e-09	0.47842
1.83951e-09	0.478336
1.83964e-09	0.47825
1.83977e-09	0.478162
1.8399e-09	0.478072
1.84003e-09	0.47798
1.84015e-09	0.477887
1.84028e-09	0.477791
1.84041e-09	0.477694
1.84054e-09	0.477595
1.84067e-09	0.477494
1.8408e-09	0.477391
1.84093e-09	0.477286
1.84105e-09	0.47718
1.84118e-09	0.477071
1.84131e-09	0.476961
1.84144e-09	0.476849
1.84157e-09	0.476734
1.8417e-09	0.476619
1.84182e-09	0.476501
1.84195e-09	0.476381
1.84208e-09	0.47626
1.84221e-09	0.476136
1.84234e-09	0.476011
1.84247e-09	0.475884
1.84259e-09	0.475755
1.84272e-09	0.475625
1.84285e-09	0.475492
1.84298e-09	0.475358
1.84311e-09	0.475222
1.84324e-09	0.475084
1.84337e-09	0.474944
1.84349e-09	0.474802
1.84362e-09	0.474659
1.84375e-09	0.474514
1.84388e-09	0.474367
1.84401e-09	0.474218
1.84414e-09	0.474067
1.84426e-09	0.473915
1.84439e-09	0.47376
1.84452e-09	0.473604
1.84465e-09	0.473446
1.84478e-09	0.473287
1.84491e-09	0.473125
1.84503e-09	0.472962
1.84516e-09	0.472797
1.84529e-09	0.47263
1.84542e-09	0.472461
1.84555e-09	0.472291
1.84568e-09	0.472119
1.84581e-09	0.471945
1.84593e-09	0.471769
1.84606e-09	0.471591
1.84619e-09	0.471412
1.84632e-09	0.471231
1.84645e-09	0.471048
1.84658e-09	0.470863
1.8467e-09	0.470677
1.84683e-09	0.470489
1.84696e-09	0.470299
1.84709e-09	0.470107
1.84722e-09	0.469914
1.84735e-09	0.469719
1.84747e-09	0.469522
1.8476e-09	0.469323
1.84773e-09	0.469123
1.84786e-09	0.46892
1.84799e-09	0.468717
1.84812e-09	0.468511
1.84824e-09	0.468304
1.84837e-09	0.468095
1.8485e-09	0.467884
1.84863e-09	0.467671
1.84876e-09	0.467457
1.84889e-09	0.467241
1.84902e-09	0.467023
1.84914e-09	0.466804
1.84927e-09	0.466583
1.8494e-09	0.46636
1.84953e-09	0.466135
1.84966e-09	0.465909
1.84979e-09	0.465681
1.84991e-09	0.465451
1.85004e-09	0.46522
1.85017e-09	0.464987
1.8503e-09	0.464752
1.85043e-09	0.464516
1.85056e-09	0.464277
1.85068e-09	0.464038
1.85081e-09	0.463796
1.85094e-09	0.463553
1.85107e-09	0.463308
1.8512e-09	0.463061
1.85133e-09	0.462813
1.85146e-09	0.462563
1.85158e-09	0.462312
1.85171e-09	0.462059
1.85184e-09	0.461804
1.85197e-09	0.461547
1.8521e-09	0.461289
1.85223e-09	0.461029
1.85235e-09	0.460768
1.85248e-09	0.460504
1.85261e-09	0.46024
1.85274e-09	0.459973
1.85287e-09	0.459705
1.853e-09	0.459435
1.85312e-09	0.459164
1.85325e-09	0.458891
1.85338e-09	0.458616
1.85351e-09	0.45834
1.85364e-09	0.458062
1.85377e-09	0.457783
1.8539e-09	0.457502
1.85402e-09	0.457219
1.85415e-09	0.456934
1.85428e-09	0.456648
1.85441e-09	0.456361
1.85454e-09	0.456072
1.85467e-09	0.455781
1.85479e-09	0.455489
1.85492e-09	0.455195
1.85505e-09	0.454899
1.85518e-09	0.454602
1.85531e-09	0.454303
1.85544e-09	0.454003
1.85556e-09	0.453701
1.85569e-09	0.453397
1.85582e-09	0.453092
1.85595e-09	0.452785
1.85608e-09	0.452477
1.85621e-09	0.452167
1.85633e-09	0.451856
1.85646e-09	0.451543
1.85659e-09	0.451229
1.85672e-09	0.450913
1.85685e-09	0.450595
1.85698e-09	0.450276
1.85711e-09	0.449955
1.85723e-09	0.449633
1.85736e-09	0.449309
1.85749e-09	0.448984
1.85762e-09	0.448657
1.85775e-09	0.448328
1.85788e-09	0.447998
1.858e-09	0.447667
1.85813e-09	0.447334
1.85826e-09	0.446999
1.85839e-09	0.446663
1.85852e-09	0.446326
1.85865e-09	0.445986
1.85877e-09	0.445646
1.8589e-09	0.445304
1.85903e-09	0.44496
1.85916e-09	0.444615
1.85929e-09	0.444268
1.85942e-09	0.44392
1.85955e-09	0.44357
1.85967e-09	0.443219
1.8598e-09	0.442867
1.85993e-09	0.442513
1.86006e-09	0.442157
1.86019e-09	0.4418
1.86032e-09	0.441441
1.86044e-09	0.441081
1.86057e-09	0.44072
1.8607e-09	0.440357
1.86083e-09	0.439992
1.86096e-09	0.439626
1.86109e-09	0.439259
1.86121e-09	0.43889
1.86134e-09	0.43852
1.86147e-09	0.438148
1.8616e-09	0.437775
1.86173e-09	0.4374
1.86186e-09	0.437024
1.86199e-09	0.436647
1.86211e-09	0.436268
1.86224e-09	0.435888
1.86237e-09	0.435506
1.8625e-09	0.435123
1.86263e-09	0.434738
1.86276e-09	0.434352
1.86288e-09	0.433964
1.86301e-09	0.433575
1.86314e-09	0.433185
1.86327e-09	0.432793
1.8634e-09	0.4324
1.86353e-09	0.432006
1.86365e-09	0.43161
1.86378e-09	0.431212
1.86391e-09	0.430814
1.86404e-09	0.430414
1.86417e-09	0.430012
1.8643e-09	0.429609
1.86442e-09	0.429205
1.86455e-09	0.428799
1.86468e-09	0.428392
1.86481e-09	0.427984
1.86494e-09	0.427574
1.86507e-09	0.427163
1.8652e-09	0.42675
1.86532e-09	0.426336
1.86545e-09	0.425921
1.86558e-09	0.425505
1.86571e-09	0.425087
1.86584e-09	0.424667
1.86597e-09	0.424247
1.86609e-09	0.423825
1.86622e-09	0.423402
1.86635e-09	0.422977
1.86648e-09	0.422551
1.86661e-09	0.422124
1.86674e-09	0.421695
1.86686e-09	0.421265
1.86699e-09	0.420834
1.86712e-09	0.420401
1.86725e-09	0.419967
1.86738e-09	0.419532
1.86751e-09	0.419095
1.86764e-09	0.418658
1.86776e-09	0.418219
1.86789e-09	0.417778
1.86802e-09	0.417336
1.86815e-09	0.416893
1.86828e-09	0.416449
1.86841e-09	0.416003
1.86853e-09	0.415557
1.86866e-09	0.415108
1.86879e-09	0.414659
1.86892e-09	0.414208
1.86905e-09	0.413756
1.86918e-09	0.413303
1.8693e-09	0.412849
1.86943e-09	0.412393
1.86956e-09	0.411936
1.86969e-09	0.411478
1.86982e-09	0.411018
1.86995e-09	0.410557
1.87008e-09	0.410095
1.8702e-09	0.409632
1.87033e-09	0.409168
1.87046e-09	0.408702
1.87059e-09	0.408235
1.87072e-09	0.407767
1.87085e-09	0.407297
1.87097e-09	0.406827
1.8711e-09	0.406355
1.87123e-09	0.405882
1.87136e-09	0.405408
1.87149e-09	0.404932
1.87162e-09	0.404455
1.87174e-09	0.403978
1.87187e-09	0.403499
1.872e-09	0.403018
1.87213e-09	0.402537
1.87226e-09	0.402054
1.87239e-09	0.40157
1.87251e-09	0.401085
1.87264e-09	0.400599
1.87277e-09	0.400112
1.8729e-09	0.399623
1.87303e-09	0.399133
1.87316e-09	0.398643
1.87329e-09	0.398151
1.87341e-09	0.397657
1.87354e-09	0.397163
1.87367e-09	0.396667
1.8738e-09	0.396171
1.87393e-09	0.395673
1.87406e-09	0.395174
1.87418e-09	0.394674
1.87431e-09	0.394173
1.87444e-09	0.39367
1.87457e-09	0.393167
1.8747e-09	0.392662
1.87483e-09	0.392156
1.87495e-09	0.39165
1.87508e-09	0.391142
1.87521e-09	0.390633
1.87534e-09	0.390122
1.87547e-09	0.389611
1.8756e-09	0.389099
1.87573e-09	0.388585
1.87585e-09	0.38807
1.87598e-09	0.387555
1.87611e-09	0.387038
1.87624e-09	0.38652
1.87637e-09	0.386001
1.8765e-09	0.385481
1.87662e-09	0.38496
1.87675e-09	0.384438
1.87688e-09	0.383915
1.87701e-09	0.38339
1.87714e-09	0.382865
1.87727e-09	0.382338
1.87739e-09	0.381811
1.87752e-09	0.381282
1.87765e-09	0.380753
1.87778e-09	0.380222
1.87791e-09	0.37969
1.87804e-09	0.379158
1.87817e-09	0.378624
1.87829e-09	0.378089
1.87842e-09	0.377553
1.87855e-09	0.377016
1.87868e-09	0.376478
1.87881e-09	0.375939
1.87894e-09	0.375399
1.87906e-09	0.374859
1.87919e-09	0.374317
1.87932e-09	0.373774
1.87945e-09	0.37323
1.87958e-09	0.372685
1.87971e-09	0.372139
1.87983e-09	0.371592
1.87996e-09	0.371044
1.88009e-09	0.370495
1.88022e-09	0.369945
1.88035e-09	0.369394
1.88048e-09	0.368842
1.8806e-09	0.368289
1.88073e-09	0.367736
1.88086e-09	0.367181
1.88099e-09	0.366625
1.88112e-09	0.366068
1.88125e-09	0.365511
1.88138e-09	0.364952
1.8815e-09	0.364393
1.88163e-09	0.363832
1.88176e-09	0.363271
1.88189e-09	0.362708
1.88202e-09	0.362145
1.88215e-09	0.361581
1.88227e-09	0.361015
1.8824e-09	0.360449
1.88253e-09	0.359882
1.88266e-09	0.359314
1.88279e-09	0.358746
1.88292e-09	0.358176
1.88304e-09	0.357605
1.88317e-09	0.357034
1.8833e-09	0.356461
1.88343e-09	0.355888
1.88356e-09	0.355313
1.88369e-09	0.354738
1.88382e-09	0.354162
1.88394e-09	0.353585
1.88407e-09	0.353007
1.8842e-09	0.352429
1.88433e-09	0.351849
1.88446e-09	0.351269
1.88459e-09	0.350687
1.88471e-09	0.350105
1.88484e-09	0.349522
1.88497e-09	0.348938
1.8851e-09	0.348353
1.88523e-09	0.347768
1.88536e-09	0.347181
1.88548e-09	0.346594
1.88561e-09	0.346006
1.88574e-09	0.345417
1.88587e-09	0.344827
1.886e-09	0.344237
1.88613e-09	0.343645
1.88626e-09	0.343053
1.88638e-09	0.34246
1.88651e-09	0.341866
1.88664e-09	0.341271
1.88677e-09	0.340676
1.8869e-09	0.340079
1.88703e-09	0.339482
1.88715e-09	0.338884
1.88728e-09	0.338285
1.88741e-09	0.337686
1.88754e-09	0.337086
1.88767e-09	0.336484
1.8878e-09	0.335883
1.88792e-09	0.33528
1.88805e-09	0.334677
1.88818e-09	0.334072
1.88831e-09	0.333467
1.88844e-09	0.332862
1.88857e-09	0.332255
1.88869e-09	0.331648
1.88882e-09	0.33104
1.88895e-09	0.330431
1.88908e-09	0.329821
1.88921e-09	0.329211
1.88934e-09	0.3286
1.88947e-09	0.327988
1.88959e-09	0.327376
1.88972e-09	0.326763
1.88985e-09	0.326149
1.88998e-09	0.325534
1.89011e-09	0.324919
1.89024e-09	0.324303
1.89036e-09	0.323686
1.89049e-09	0.323068
1.89062e-09	0.32245
1.89075e-09	0.321831
1.89088e-09	0.321212
1.89101e-09	0.320591
1.89113e-09	0.31997
1.89126e-09	0.319349
1.89139e-09	0.318726
1.89152e-09	0.318103
1.89165e-09	0.317479
1.89178e-09	0.316855
1.89191e-09	0.31623
1.89203e-09	0.315604
1.89216e-09	0.314978
1.89229e-09	0.314351
1.89242e-09	0.313723
1.89255e-09	0.313094
1.89268e-09	0.312465
1.8928e-09	0.311836
1.89293e-09	0.311205
1.89306e-09	0.310574
1.89319e-09	0.309943
1.89332e-09	0.30931
1.89345e-09	0.308678
1.89357e-09	0.308044
1.8937e-09	0.30741
1.89383e-09	0.306775
1.89396e-09	0.30614
1.89409e-09	0.305504
1.89422e-09	0.304867
1.89435e-09	0.30423
1.89447e-09	0.303592
1.8946e-09	0.302954
1.89473e-09	0.302315
1.89486e-09	0.301675
1.89499e-09	0.301035
1.89512e-09	0.300394
1.89524e-09	0.299753
1.89537e-09	0.299111
1.8955e-09	0.298468
1.89563e-09	0.297825
1.89576e-09	0.297181
1.89589e-09	0.296537
1.89601e-09	0.295892
1.89614e-09	0.295247
1.89627e-09	0.294601
1.8964e-09	0.293955
1.89653e-09	0.293308
1.89666e-09	0.29266
1.89678e-09	0.292012
1.89691e-09	0.291363
1.89704e-09	0.290714
1.89717e-09	0.290064
1.8973e-09	0.289414
1.89743e-09	0.288763
1.89756e-09	0.288112
1.89768e-09	0.28746
1.89781e-09	0.286808
1.89794e-09	0.286155
1.89807e-09	0.285502
1.8982e-09	0.284848
1.89833e-09	0.284194
1.89845e-09	0.283539
1.89858e-09	0.282883
1.89871e-09	0.282228
1.89884e-09	0.281571
1.89897e-09	0.280915
1.8991e-09	0.280257
1.89922e-09	0.2796
1.89935e-09	0.278941
1.89948e-09	0.278283
1.89961e-09	0.277623
1.89974e-09	0.276964
1.89987e-09	0.276304
1.9e-09	0.275643
1.90012e-09	0.274982
1.90025e-09	0.274321
1.90038e-09	0.273659
1.90051e-09	0.272996
1.90064e-09	0.272334
1.90077e-09	0.27167
1.90089e-09	0.271007
1.90102e-09	0.270343
1.90115e-09	0.269678
1.90128e-09	0.269013
1.90141e-09	0.268348
1.90154e-09	0.267682
1.90166e-09	0.267016
1.90179e-09	0.266349
1.90192e-09	0.265682
1.90205e-09	0.265015
1.90218e-09	0.264347
1.90231e-09	0.263679
1.90244e-09	0.26301
1.90256e-09	0.262341
1.90269e-09	0.261672
1.90282e-09	0.261002
1.90295e-09	0.260332
1.90308e-09	0.259662
1.90321e-09	0.258991
1.90333e-09	0.258319
1.90346e-09	0.257648
1.90359e-09	0.256976
1.90372e-09	0.256304
1.90385e-09	0.255631
1.90398e-09	0.254958
1.9041e-09	0.254284
1.90423e-09	0.253611
1.90436e-09	0.252937
1.90449e-09	0.252262
1.90462e-09	0.251587
1.90475e-09	0.250912
1.90487e-09	0.250237
1.905e-09	0.249561
1.90513e-09	0.248885
1.90526e-09	0.248209
1.90539e-09	0.247532
1.90552e-09	0.246855
1.90565e-09	0.246178
1.90577e-09	0.2455
1.9059e-09	0.244822
1.90603e-09	0.244144
1.90616e-09	0.243465
1.90629e-09	0.242786
1.90642e-09	0.242107
1.90654e-09	0.241428
1.90667e-09	0.240748
1.9068e-09	0.240068
1.90693e-09	0.239388
1.90706e-09	0.238707
1.90719e-09	0.238027
1.90731e-09	0.237346
1.90744e-09	0.236664
1.90757e-09	0.235983
1.9077e-09	0.235301
1.90783e-09	0.234619
1.90796e-09	0.233936
1.90809e-09	0.233254
1.90821e-09	0.232571
1.90834e-09	0.231888
1.90847e-09	0.231205
1.9086e-09	0.230521
1.90873e-09	0.229837
1.90886e-09	0.229153
1.90898e-09	0.228469
1.90911e-09	0.227785
1.90924e-09	0.2271
1.90937e-09	0.226415
1.9095e-09	0.22573
1.90963e-09	0.225045
1.90975e-09	0.224359
1.90988e-09	0.223673
1.91001e-09	0.222988
1.91014e-09	0.222301
1.91027e-09	0.221615
1.9104e-09	0.220929
1.91053e-09	0.220242
1.91065e-09	0.219555
1.91078e-09	0.218868
1.91091e-09	0.218181
1.91104e-09	0.217494
1.91117e-09	0.216806
1.9113e-09	0.216118
1.91142e-09	0.21543
1.91155e-09	0.214742
1.91168e-09	0.214054
1.91181e-09	0.213366
1.91194e-09	0.212677
1.91207e-09	0.211989
1.91219e-09	0.2113
1.91232e-09	0.210611
1.91245e-09	0.209922
1.91258e-09	0.209233
1.91271e-09	0.208544
1.91284e-09	0.207854
1.91296e-09	0.207165
1.91309e-09	0.206475
1.91322e-09	0.205785
1.91335e-09	0.205095
1.91348e-09	0.204405
1.91361e-09	0.203715
1.91374e-09	0.203025
1.91386e-09	0.202334
1.91399e-09	0.201644
1.91412e-09	0.200953
1.91425e-09	0.200263
1.91438e-09	0.199572
1.91451e-09	0.198881
1.91463e-09	0.19819
1.91476e-09	0.1975
1.91489e-09	0.196808
1.91502e-09	0.196117
1.91515e-09	0.195426
1.91528e-09	0.194735
1.9154e-09	0.194044
1.91553e-09	0.193352
1.91566e-09	0.192661
1.91579e-09	0.191969
1.91592e-09	0.191278
1.91605e-09	0.190586
1.91618e-09	0.189895
1.9163e-09	0.189203
1.91643e-09	0.188511
1.91656e-09	0.187819
1.91669e-09	0.187128
1.91682e-09	0.186436
1.91695e-09	0.185744
1.91707e-09	0.185052
1.9172e-09	0.18436
1.91733e-09	0.183668
1.91746e-09	0.182976
1.91759e-09	0.182284
1.91772e-09	0.181593
1.91784e-09	0.180901
1.91797e-09	0.180209
1.9181e-09	0.179517
1.91823e-09	0.178825
1.91836e-09	0.178133
1.91849e-09	0.177441
1.91862e-09	0.176749
1.91874e-09	0.176057
1.91887e-09	0.175365
1.919e-09	0.174673
1.91913e-09	0.173982
1.91926e-09	0.17329
1.91939e-09	0.172598
1.91951e-09	0.171906
1.91964e-09	0.171215
1.91977e-09	0.170523
1.9199e-09	0.169831
1.92003e-09	0.16914
1.92016e-09	0.168448
1.92028e-09	0.167757
1.92041e-09	0.167066
1.92054e-09	0.166374
1.92067e-09	0.165683
1.9208e-09	0.164992
1.92093e-09	0.164301
1.92105e-09	0.16361
1.92118e-09	0.162919
1.92131e-09	0.162228
1.92144e-09	0.161537
1.92157e-09	0.160846
1.9217e-09	0.160155
1.92183e-09	0.159465
1.92195e-09	0.158774
1.92208e-09	0.158084
1.92221e-09	0.157394
1.92234e-09	0.156703
1.92247e-09	0.156013
1.9226e-09	0.155323
1.92272e-09	0.154633
1.92285e-09	0.153944
1.92298e-09	0.153254
1.92311e-09	0.152565
1.92324e-09	0.151875
1.92337e-09	0.151186
1.92349e-09	0.150497
1.92362e-09	0.149808
1.92375e-09	0.149119
1.92388e-09	0.14843
1.92401e-09	0.147741
1.92414e-09	0.147053
1.92427e-09	0.146365
1.92439e-09	0.145676
1.92452e-09	0.144988
1.92465e-09	0.144301
1.92478e-09	0.143613
1.92491e-09	0.142925
1.92504e-09	0.142238
1.92516e-09	0.141551
1.92529e-09	0.140864
1.92542e-09	0.140177
1.92555e-09	0.13949
1.92568e-09	0.138803
1.92581e-09	0.138117
1.92593e-09	0.137431
1.92606e-09	0.136745
1.92619e-09	0.136059
1.92632e-09	0.135374
1.92645e-09	0.134688
1.92658e-09	0.134003
1.92671e-09	0.133318
1.92683e-09	0.132633
1.92696e-09	0.131948
1.92709e-09	0.131264
1.92722e-09	0.13058
1.92735e-09	0.129896
1.92748e-09	0.129212
1.9276e-09	0.128529
1.92773e-09	0.127845
1.92786e-09	0.127162
1.92799e-09	0.126479
1.92812e-09	0.125797
1.92825e-09	0.125114
1.92837e-09	0.124432
1.9285e-09	0.12375
1.92863e-09	0.123068
1.92876e-09	0.122387
1.92889e-09	0.121706
1.92902e-09	0.121025
1.92914e-09	0.120344
1.92927e-09	0.119664
1.9294e-09	0.118983
1.92953e-09	0.118303
1.92966e-09	0.117624
1.92979e-09	0.116944
1.92992e-09	0.116265
1.93004e-09	0.115586
1.93017e-09	0.114908
1.9303e-09	0.11423
1.93043e-09	0.113552
1.93056e-09	0.112874
1.93069e-09	0.112196
1.93081e-09	0.111519
1.93094e-09	0.110842
1.93107e-09	0.110166
1.9312e-09	0.109489
1.93133e-09	0.108813
1.93146e-09	0.108138
1.93158e-09	0.107462
1.93171e-09	0.106787
1.93184e-09	0.106113
1.93197e-09	0.105438
1.9321e-09	0.104764
1.93223e-09	0.10409
1.93236e-09	0.103417
1.93248e-09	0.102743
1.93261e-09	0.102071
1.93274e-09	0.101398
1.93287e-09	0.100726
1.933e-09	0.100054
1.93313e-09	0.0993825
1.93325e-09	0.0987113
1.93338e-09	0.0980404
1.93351e-09	0.0973699
1.93364e-09	0.0966998
1.93377e-09	0.09603
1.9339e-09	0.0953605
1.93402e-09	0.0946914
1.93415e-09	0.0940227
1.93428e-09	0.0933543
1.93441e-09	0.0926863
1.93454e-09	0.0920186
1.93467e-09	0.0913514
1.9348e-09	0.0906844
1.93492e-09	0.0900179
1.93505e-09	0.0893517
1.93518e-09	0.0886859
1.93531e-09	0.0880205
1.93544e-09	0.0873555
1.93557e-09	0.0866909
1.93569e-09	0.0860266
1.93582e-09	0.0853627
1.93595e-09	0.0846993
1.93608e-09	0.0840362
1.93621e-09	0.0833735
1.93634e-09	0.0827112
1.93646e-09	0.0820494
1.93659e-09	0.0813879
1.93672e-09	0.0807268
1.93685e-09	0.0800662
1.93698e-09	0.0794059
1.93711e-09	0.0787461
1.93723e-09	0.0780867
1.93736e-09	0.0774277
1.93749e-09	0.0767692
1.93762e-09	0.076111
1.93775e-09	0.0754533
1.93788e-09	0.0747961
1.93801e-09	0.0741392
1.93813e-09	0.0734828
1.93826e-09	0.0728268
1.93839e-09	0.0721713
1.93852e-09	0.0715162
1.93865e-09	0.0708616
1.93878e-09	0.0702074
1.9389e-09	0.0695536
1.93903e-09	0.0689003
1.93916e-09	0.0682475
1.93929e-09	0.0675951
1.93942e-09	0.0669432
1.93955e-09	0.0662917
1.93967e-09	0.0656407
1.9398e-09	0.0649902
1.93993e-09	0.0643401
1.94006e-09	0.0636906
1.94019e-09	0.0630414
1.94032e-09	0.0623928
1.94045e-09	0.0617446
1.94057e-09	0.061097
1.9407e-09	0.0604498
1.94083e-09	0.0598031
1.94096e-09	0.0591568
1.94109e-09	0.0585111
1.94122e-09	0.0578659
1.94134e-09	0.0572211
1.94147e-09	0.0565769
1.9416e-09	0.0559331
1.94173e-09	0.0552899
1.94186e-09	0.0546471
1.94199e-09	0.0540049
1.94211e-09	0.0533632
1.94224e-09	0.052722
1.94237e-09	0.0520813
1.9425e-09	0.0514411
1.94263e-09	0.0508014
1.94276e-09	0.0501623
1.94289e-09	0.0495236
1.94301e-09	0.0488856
1.94314e-09	0.048248
1.94327e-09	0.0476109
1.9434e-09	0.0469744
1.94353e-09	0.0463385
1.94366e-09	0.045703
1.94378e-09	0.0450681
1.94391e-09	0.0444338
1.94404e-09	0.0437999
1.94417e-09	0.0431667
1.9443e-09	0.0425339
1.94443e-09	0.0419018
1.94455e-09	0.0412702
1.94468e-09	0.0406391
1.94481e-09	0.0400086
1.94494e-09	0.0393786
1.94507e-09	0.0387492
1.9452e-09	0.0381204
1.94532e-09	0.0374921
1.94545e-09	0.0368644
1.94558e-09	0.0362373
1.94571e-09	0.0356108
1.94584e-09	0.0349848
1.94597e-09	0.0343594
1.9461e-09	0.0337345
1.94622e-09	0.0331103
1.94635e-09	0.0324866
1.94648e-09	0.0318635
1.94661e-09	0.031241
1.94674e-09	0.0306191
1.94687e-09	0.0299978
1.94699e-09	0.0293771
1.94712e-09	0.028757
1.94725e-09	0.0281374
1.94738e-09	0.0275185
1.94751e-09	0.0269002
1.94764e-09	0.0262825
1.94776e-09	0.0256653
1.94789e-09	0.0250488
1.94802e-09	0.0244329
1.94815e-09	0.0238176
1.94828e-09	0.0232029
1.94841e-09	0.0225889
1.94854e-09	0.0219754
1.94866e-09	0.0213626
1.94879e-09	0.0207504
1.94892e-09	0.0201388
1.94905e-09	0.0195279
1.94918e-09	0.0189176
1.94931e-09	0.0183079
1.94943e-09	0.0176988
1.94956e-09	0.0170904
1.94969e-09	0.0164826
1.94982e-09	0.0158754
1.94995e-09	0.0152689
1.95008e-09	0.0146631
1.9502e-09	0.0140578
1.95033e-09	0.0134533
1.95046e-09	0.0128493
1.95059e-09	0.012246
1.95072e-09	0.0116434
1.95085e-09	0.0110414
1.95098e-09	0.0104401
1.9511e-09	0.00983946
1.95123e-09	0.00923946
1.95136e-09	0.00864012
1.95149e-09	0.00804144
1.95162e-09	0.00744343
1.95175e-09	0.00684609
1.95187e-09	0.00624942
1.952e-09	0.00565342
1.95213e-09	0.00505809
1.95226e-09	0.00446344
1.95239e-09	0.00386947
1.95252e-09	0.00327617
1.95264e-09	0.00268356
1.95277e-09	0.00209163
1.9529e-09	0.00150038
1.95303e-09	0.000909818
1.95316e-09	0.000319947
1.95329e-09	-0.000269235
1.95341e-09	-0.000857724
1.95354e-09	-0.00144552
1.95367e-09	-0.00203262
1.9538e-09	-0.00261902
1.95393e-09	-0.00320472
1.95406e-09	-0.00378972
1.95419e-09	-0.00437402
1.95431e-09	-0.00495761
1.95444e-09	-0.0055405
1.95457e-09	-0.00612267
1.9547e-09	-0.00670414
1.95483e-09	-0.00728489
1.95496e-09	-0.00786493
1.95508e-09	-0.00844426
1.95521e-09	-0.00902286
1.95534e-09	-0.00960075
1.95547e-09	-0.0101779
1.9556e-09	-0.0107544
1.95573e-09	-0.0113301
1.95585e-09	-0.0119051
1.95598e-09	-0.0124793
1.95611e-09	-0.0130529
1.95624e-09	-0.0136257
1.95637e-09	-0.0141977
1.9565e-09	-0.0147691
1.95663e-09	-0.0153397
1.95675e-09	-0.0159095
1.95688e-09	-0.0164786
1.95701e-09	-0.017047
1.95714e-09	-0.0176146
1.95727e-09	-0.0181815
1.9574e-09	-0.0187477
1.95752e-09	-0.0193131
1.95765e-09	-0.0198777
1.95778e-09	-0.0204416
1.95791e-09	-0.0210047
1.95804e-09	-0.0215671
1.95817e-09	-0.0221287
1.95829e-09	-0.0226896
1.95842e-09	-0.0232497
1.95855e-09	-0.023809
1.95868e-09	-0.0243676
1.95881e-09	-0.0249254
1.95894e-09	-0.0254824
1.95907e-09	-0.0260387
1.95919e-09	-0.0265942
1.95932e-09	-0.027149
1.95945e-09	-0.0277029
1.95958e-09	-0.0282561
1.95971e-09	-0.0288085
1.95984e-09	-0.0293601
1.95996e-09	-0.029911
1.96009e-09	-0.0304611
1.96022e-09	-0.0310103
1.96035e-09	-0.0315588
1.96048e-09	-0.0321066
1.96061e-09	-0.0326535
1.96073e-09	-0.0331996
1.96086e-09	-0.033745
1.96099e-09	-0.0342895
1.96112e-09	-0.0348333
1.96125e-09	-0.0353762
1.96138e-09	-0.0359184
1.9615e-09	-0.0364598
1.96163e-09	-0.0370004
1.96176e-09	-0.0375401
1.96189e-09	-0.0380791
1.96202e-09	-0.0386173
1.96215e-09	-0.0391546
1.96228e-09	-0.0396912
1.9624e-09	-0.0402269
1.96253e-09	-0.0407618
1.96266e-09	-0.0412959
1.96279e-09	-0.0418293
1.96292e-09	-0.0423617
1.96305e-09	-0.0428934
1.96317e-09	-0.0434243
1.9633e-09	-0.0439543
1.96343e-09	-0.0444835
1.96356e-09	-0.0450119
1.96369e-09	-0.0455395
1.96382e-09	-0.0460662
1.96394e-09	-0.0465922
1.96407e-09	-0.0471173
1.9642e-09	-0.0476415
1.96433e-09	-0.048165
1.96446e-09	-0.0486876
1.96459e-09	-0.0492093
1.96472e-09	-0.0497303
1.96484e-09	-0.0502504
1.96497e-09	-0.0507696
1.9651e-09	-0.051288
1.96523e-09	-0.0518056
1.96536e-09	-0.0523224
1.96549e-09	-0.0528383
1.96561e-09	-0.0533533
1.96574e-09	-0.0538675
1.96587e-09	-0.0543809
1.966e-09	-0.0548934
1.96613e-09	-0.0554051
1.96626e-09	-0.0559159
1.96638e-09	-0.0564259
1.96651e-09	-0.056935
1.96664e-09	-0.0574432
1.96677e-09	-0.0579506
1.9669e-09	-0.0584572
1.96703e-09	-0.0589629
1.96716e-09	-0.0594677
1.96728e-09	-0.0599716
1.96741e-09	-0.0604747
1.96754e-09	-0.060977
1.96767e-09	-0.0614784
1.9678e-09	-0.0619789
1.96793e-09	-0.0624785
1.96805e-09	-0.0629773
1.96818e-09	-0.0634752
1.96831e-09	-0.0639722
1.96844e-09	-0.0644684
1.96857e-09	-0.0649637
1.9687e-09	-0.0654581
1.96882e-09	-0.0659516
1.96895e-09	-0.0664443
1.96908e-09	-0.066936
1.96921e-09	-0.0674269
1.96934e-09	-0.067917
1.96947e-09	-0.0684061
1.96959e-09	-0.0688944
1.96972e-09	-0.0693817
1.96985e-09	-0.0698682
1.96998e-09	-0.0703538
1.97011e-09	-0.0708385
1.97024e-09	-0.0713224
1.97037e-09	-0.0718053
1.97049e-09	-0.0722874
1.97062e-09	-0.0727685
1.97075e-09	-0.0732488
1.97088e-09	-0.0737281
1.97101e-09	-0.0742066
1.97114e-09	-0.0746842
1.97126e-09	-0.0751609
1.97139e-09	-0.0756366
1.97152e-09	-0.0761115
1.97165e-09	-0.0765855
1.97178e-09	-0.0770586
1.97191e-09	-0.0775307
1.97203e-09	-0.078002
1.97216e-09	-0.0784724
1.97229e-09	-0.0789418
1.97242e-09	-0.0794104
1.97255e-09	-0.079878
1.97268e-09	-0.0803448
1.97281e-09	-0.0808106
1.97293e-09	-0.0812755
1.97306e-09	-0.0817395
1.97319e-09	-0.0822026
1.97332e-09	-0.0826647
1.97345e-09	-0.083126
1.97358e-09	-0.0835863
1.9737e-09	-0.0840458
1.97383e-09	-0.0845043
1.97396e-09	-0.0849618
1.97409e-09	-0.0854185
1.97422e-09	-0.0858743
1.97435e-09	-0.0863291
1.97447e-09	-0.086783
1.9746e-09	-0.0872359
1.97473e-09	-0.087688
1.97486e-09	-0.0881391
1.97499e-09	-0.0885893
1.97512e-09	-0.0890386
1.97525e-09	-0.0894869
1.97537e-09	-0.0899343
1.9755e-09	-0.0903808
1.97563e-09	-0.0908264
1.97576e-09	-0.091271
1.97589e-09	-0.0917147
1.97602e-09	-0.0921574
1.97614e-09	-0.0925992
1.97627e-09	-0.0930401
1.9764e-09	-0.09348
1.97653e-09	-0.093919
1.97666e-09	-0.0943571
1.97679e-09	-0.0947942
1.97691e-09	-0.0952304
1.97704e-09	-0.0956656
1.97717e-09	-0.0960999
1.9773e-09	-0.0965333
1.97743e-09	-0.0969657
1.97756e-09	-0.0973972
1.97768e-09	-0.0978277
1.97781e-09	-0.0982573
1.97794e-09	-0.0986859
1.97807e-09	-0.0991136
1.9782e-09	-0.0995403
1.97833e-09	-0.0999661
1.97846e-09	-0.100391
1.97858e-09	-0.100815
1.97871e-09	-0.101238
1.97884e-09	-0.10166
1.97897e-09	-0.102081
1.9791e-09	-0.102501
1.97923e-09	-0.10292
1.97935e-09	-0.103338
1.97948e-09	-0.103755
1.97961e-09	-0.104172
1.97974e-09	-0.104587
1.97987e-09	-0.105001
1.98e-09	-0.105414
1.98012e-09	-0.105827
1.98025e-09	-0.106238
1.98038e-09	-0.106649
1.98051e-09	-0.107058
1.98064e-09	-0.107467
1.98077e-09	-0.107875
1.9809e-09	-0.108281
1.98102e-09	-0.108687
1.98115e-09	-0.109092
1.98128e-09	-0.109495
1.98141e-09	-0.109898
1.98154e-09	-0.1103
1.98167e-09	-0.110701
1.98179e-09	-0.111101
1.98192e-09	-0.111499
1.98205e-09	-0.111897
1.98218e-09	-0.112294
1.98231e-09	-0.11269
1.98244e-09	-0.113085
1.98256e-09	-0.113479
1.98269e-09	-0.113872
1.98282e-09	-0.114264
1.98295e-09	-0.114656
1.98308e-09	-0.115046
1.98321e-09	-0.115435
1.98334e-09	-0.115823
1.98346e-09	-0.11621
1.98359e-09	-0.116597
1.98372e-09	-0.116982
1.98385e-09	-0.117366
1.98398e-09	-0.117749
1.98411e-09	-0.118132
1.98423e-09	-0.118513
1.98436e-09	-0.118893
1.98449e-09	-0.119273
1.98462e-09	-0.119651
1.98475e-09	-0.120029
1.98488e-09	-0.120405
1.985e-09	-0.12078
1.98513e-09	-0.121155
1.98526e-09	-0.121528
1.98539e-09	-0.121901
1.98552e-09	-0.122272
1.98565e-09	-0.122643
1.98577e-09	-0.123012
1.9859e-09	-0.123381
1.98603e-09	-0.123749
1.98616e-09	-0.124115
1.98629e-09	-0.124481
1.98642e-09	-0.124845
1.98655e-09	-0.125209
1.98667e-09	-0.125572
1.9868e-09	-0.125933
1.98693e-09	-0.126294
1.98706e-09	-0.126653
1.98719e-09	-0.127012
1.98732e-09	-0.12737
1.98744e-09	-0.127726
1.98757e-09	-0.128082
1.9877e-09	-0.128437
1.98783e-09	-0.12879
1.98796e-09	-0.129143
1.98809e-09	-0.129495
1.98821e-09	-0.129846
1.98834e-09	-0.130195
1.98847e-09	-0.130544
1.9886e-09	-0.130892
1.98873e-09	-0.131238
1.98886e-09	-0.131584
1.98899e-09	-0.131929
1.98911e-09	-0.132273
1.98924e-09	-0.132615
1.98937e-09	-0.132957
1.9895e-09	-0.133298
1.98963e-09	-0.133637
1.98976e-09	-0.133976
1.98988e-09	-0.134314
1.99001e-09	-0.134651
1.99014e-09	-0.134986
1.99027e-09	-0.135321
1.9904e-09	-0.135655
1.99053e-09	-0.135988
1.99065e-09	-0.136319
1.99078e-09	-0.13665
1.99091e-09	-0.13698
1.99104e-09	-0.137309
1.99117e-09	-0.137636
1.9913e-09	-0.137963
1.99143e-09	-0.138289
1.99155e-09	-0.138613
1.99168e-09	-0.138937
1.99181e-09	-0.13926
1.99194e-09	-0.139582
1.99207e-09	-0.139902
1.9922e-09	-0.140222
1.99232e-09	-0.140541
1.99245e-09	-0.140858
1.99258e-09	-0.141175
1.99271e-09	-0.141491
1.99284e-09	-0.141805
1.99297e-09	-0.142119
1.99309e-09	-0.142432
1.99322e-09	-0.142743
1.99335e-09	-0.143054
1.99348e-09	-0.143364
1.99361e-09	-0.143672
1.99374e-09	-0.14398
1.99386e-09	-0.144287
1.99399e-09	-0.144592
1.99412e-09	-0.144897
1.99425e-09	-0.145201
1.99438e-09	-0.145503
1.99451e-09	-0.145805
1.99464e-09	-0.146105
1.99476e-09	-0.146405
1.99489e-09	-0.146703
1.99502e-09	-0.147001
1.99515e-09	-0.147298
1.99528e-09	-0.147593
1.99541e-09	-0.147888
1.99553e-09	-0.148181
1.99566e-09	-0.148474
1.99579e-09	-0.148765
1.99592e-09	-0.149056
1.99605e-09	-0.149345
1.99618e-09	-0.149634
1.9963e-09	-0.149921
1.99643e-09	-0.150208
1.99656e-09	-0.150493
1.99669e-09	-0.150778
1.99682e-09	-0.151061
1.99695e-09	-0.151343
1.99708e-09	-0.151625
1.9972e-09	-0.151905
1.99733e-09	-0.152185
1.99746e-09	-0.152463
1.99759e-09	-0.15274
1.99772e-09	-0.153017
1.99785e-09	-0.153292
1.99797e-09	-0.153567
1.9981e-09	-0.15384
1.99823e-09	-0.154112
1.99836e-09	-0.154384
1.99849e-09	-0.154654
1.99862e-09	-0.154923
1.99874e-09	-0.155191
1.99887e-09	-0.155459
1.999e-09	-0.155725
1.99913e-09	-0.15599
1.99926e-09	-0.156255
1.99939e-09	-0.156518
1.99952e-09	-0.15678
1.99964e-09	-0.157041
1.99977e-09	-0.157302
1.9999e-09	-0.157561
2.00003e-09	-0.157819
2.00016e-09	-0.158076
2.00029e-09	-0.158332
2.00041e-09	-0.158588
2.00054e-09	-0.158842
2.00067e-09	-0.159095
2.0008e-09	-0.159347
2.00093e-09	-0.159598
2.00106e-09	-0.159848
2.00118e-09	-0.160097
2.00131e-09	-0.160346
2.00144e-09	-0.160593
2.00157e-09	-0.160839
2.0017e-09	-0.161084
2.00183e-09	-0.161328
2.00195e-09	-0.161571
2.00208e-09	-0.161813
2.00221e-09	-0.162054
2.00234e-09	-0.162294
2.00247e-09	-0.162533
2.0026e-09	-0.162771
2.00273e-09	-0.163008
2.00285e-09	-0.163245
2.00298e-09	-0.16348
2.00311e-09	-0.163714
2.00324e-09	-0.163947
2.00337e-09	-0.164179
2.0035e-09	-0.16441
2.00362e-09	-0.16464
2.00375e-09	-0.164869
2.00388e-09	-0.165097
2.00401e-09	-0.165324
2.00414e-09	-0.16555
2.00427e-09	-0.165775
2.00439e-09	-0.165999
2.00452e-09	-0.166222
2.00465e-09	-0.166444
2.00478e-09	-0.166665
2.00491e-09	-0.166885
2.00504e-09	-0.167103
2.00517e-09	-0.167321
2.00529e-09	-0.167538
2.00542e-09	-0.167754
2.00555e-09	-0.167969
2.00568e-09	-0.168183
2.00581e-09	-0.168396
2.00594e-09	-0.168608
2.00606e-09	-0.168819
2.00619e-09	-0.169029
2.00632e-09	-0.169238
2.00645e-09	-0.169446
2.00658e-09	-0.169653
2.00671e-09	-0.169859
2.00683e-09	-0.170064
2.00696e-09	-0.170268
2.00709e-09	-0.170471
2.00722e-09	-0.170673
2.00735e-09	-0.170874
2.00748e-09	-0.171074
2.00761e-09	-0.171273
2.00773e-09	-0.171471
2.00786e-09	-0.171668
2.00799e-09	-0.171864
2.00812e-09	-0.172059
2.00825e-09	-0.172253
2.00838e-09	-0.172446
2.0085e-09	-0.172638
2.00863e-09	-0.172829
2.00876e-09	-0.173019
2.00889e-09	-0.173208
2.00902e-09	-0.173396
2.00915e-09	-0.173583
2.00927e-09	-0.173769
2.0094e-09	-0.173954
2.00953e-09	-0.174138
2.00966e-09	-0.174321
2.00979e-09	-0.174503
2.00992e-09	-0.174684
2.01004e-09	-0.174865
2.01017e-09	-0.175044
2.0103e-09	-0.175222
2.01043e-09	-0.175399
2.01056e-09	-0.175575
2.01069e-09	-0.17575
2.01082e-09	-0.175925
2.01094e-09	-0.176098
2.01107e-09	-0.17627
2.0112e-09	-0.176441
2.01133e-09	-0.176611
2.01146e-09	-0.176781
2.01159e-09	-0.176949
2.01171e-09	-0.177116
2.01184e-09	-0.177283
2.01197e-09	-0.177448
2.0121e-09	-0.177612
2.01223e-09	-0.177776
2.01236e-09	-0.177938
2.01248e-09	-0.178099
2.01261e-09	-0.17826
2.01274e-09	-0.178419
2.01287e-09	-0.178578
2.013e-09	-0.178735
2.01313e-09	-0.178892
2.01326e-09	-0.179047
2.01338e-09	-0.179202
2.01351e-09	-0.179355
2.01364e-09	-0.179508
2.01377e-09	-0.17966
2.0139e-09	-0.17981
2.01403e-09	-0.17996
2.01415e-09	-0.180109
2.01428e-09	-0.180256
2.01441e-09	-0.180403
2.01454e-09	-0.180549
2.01467e-09	-0.180694
2.0148e-09	-0.180838
2.01492e-09	-0.180981
2.01505e-09	-0.181122
2.01518e-09	-0.181263
2.01531e-09	-0.181403
2.01544e-09	-0.181542
2.01557e-09	-0.18168
2.0157e-09	-0.181818
2.01582e-09	-0.181954
2.01595e-09	-0.182089
2.01608e-09	-0.182223
2.01621e-09	-0.182356
2.01634e-09	-0.182488
2.01647e-09	-0.18262
2.01659e-09	-0.18275
2.01672e-09	-0.182879
2.01685e-09	-0.183008
2.01698e-09	-0.183135
2.01711e-09	-0.183262
2.01724e-09	-0.183387
2.01736e-09	-0.183512
2.01749e-09	-0.183635
2.01762e-09	-0.183758
2.01775e-09	-0.18388
2.01788e-09	-0.184
2.01801e-09	-0.18412
2.01813e-09	-0.184239
2.01826e-09	-0.184357
2.01839e-09	-0.184474
2.01852e-09	-0.18459
2.01865e-09	-0.184705
2.01878e-09	-0.184819
2.01891e-09	-0.184932
2.01903e-09	-0.185044
2.01916e-09	-0.185155
2.01929e-09	-0.185266
2.01942e-09	-0.185375
2.01955e-09	-0.185483
2.01968e-09	-0.185591
2.0198e-09	-0.185697
2.01993e-09	-0.185803
2.02006e-09	-0.185907
2.02019e-09	-0.186011
2.02032e-09	-0.186114
2.02045e-09	-0.186215
2.02057e-09	-0.186316
2.0207e-09	-0.186416
2.02083e-09	-0.186515
2.02096e-09	-0.186613
2.02109e-09	-0.18671
2.02122e-09	-0.186806
2.02135e-09	-0.186901
2.02147e-09	-0.186996
2.0216e-09	-0.187089
2.02173e-09	-0.187181
2.02186e-09	-0.187273
2.02199e-09	-0.187363
2.02212e-09	-0.187453
2.02224e-09	-0.187541
2.02237e-09	-0.187629
2.0225e-09	-0.187716
2.02263e-09	-0.187802
2.02276e-09	-0.187887
2.02289e-09	-0.187971
2.02301e-09	-0.188054
2.02314e-09	-0.188136
2.02327e-09	-0.188217
2.0234e-09	-0.188298
2.02353e-09	-0.188377
2.02366e-09	-0.188455
2.02379e-09	-0.188533
2.02391e-09	-0.18861
2.02404e-09	-0.188685
2.02417e-09	-0.18876
2.0243e-09	-0.188834
2.02443e-09	-0.188907
2.02456e-09	-0.188979
2.02468e-09	-0.18905
2.02481e-09	-0.18912
2.02494e-09	-0.189189
2.02507e-09	-0.189258
2.0252e-09	-0.189325
2.02533e-09	-0.189392
2.02545e-09	-0.189457
2.02558e-09	-0.189522
2.02571e-09	-0.189586
2.02584e-09	-0.189649
2.02597e-09	-0.189711
2.0261e-09	-0.189772
2.02622e-09	-0.189832
2.02635e-09	-0.189892
2.02648e-09	-0.18995
2.02661e-09	-0.190007
2.02674e-09	-0.190064
2.02687e-09	-0.19012
2.027e-09	-0.190174
2.02712e-09	-0.190228
2.02725e-09	-0.190281
2.02738e-09	-0.190333
2.02751e-09	-0.190385
2.02764e-09	-0.190435
2.02777e-09	-0.190484
2.02789e-09	-0.190533
2.02802e-09	-0.19058
2.02815e-09	-0.190627
2.02828e-09	-0.190673
2.02841e-09	-0.190718
2.02854e-09	-0.190762
2.02866e-09	-0.190805
2.02879e-09	-0.190847
2.02892e-09	-0.190889
2.02905e-09	-0.190929
2.02918e-09	-0.190969
2.02931e-09	-0.191008
2.02944e-09	-0.191046
2.02956e-09	-0.191083
2.02969e-09	-0.191119
2.02982e-09	-0.191154
2.02995e-09	-0.191188
2.03008e-09	-0.191222
2.03021e-09	-0.191254
2.03033e-09	-0.191286
2.03046e-09	-0.191317
2.03059e-09	-0.191347
2.03072e-09	-0.191376
2.03085e-09	-0.191404
2.03098e-09	-0.191432
2.0311e-09	-0.191458
2.03123e-09	-0.191484
2.03136e-09	-0.191508
2.03149e-09	-0.191532
2.03162e-09	-0.191555
2.03175e-09	-0.191578
2.03188e-09	-0.191599
2.032e-09	-0.191619
2.03213e-09	-0.191639
2.03226e-09	-0.191658
2.03239e-09	-0.191675
2.03252e-09	-0.191692
2.03265e-09	-0.191709
2.03277e-09	-0.191724
2.0329e-09	-0.191738
2.03303e-09	-0.191752
2.03316e-09	-0.191765
2.03329e-09	-0.191776
2.03342e-09	-0.191788
2.03354e-09	-0.191798
2.03367e-09	-0.191807
2.0338e-09	-0.191816
2.03393e-09	-0.191823
2.03406e-09	-0.19183
2.03419e-09	-0.191836
2.03431e-09	-0.191841
2.03444e-09	-0.191845
2.03457e-09	-0.191849
2.0347e-09	-0.191851
2.03483e-09	-0.191853
2.03496e-09	-0.191854
2.03509e-09	-0.191854
2.03521e-09	-0.191853
2.03534e-09	-0.191852
2.03547e-09	-0.191849
2.0356e-09	-0.191846
2.03573e-09	-0.191842
2.03586e-09	-0.191837
2.03598e-09	-0.191831
2.03611e-09	-0.191825
2.03624e-09	-0.191817
2.03637e-09	-0.191809
2.0365e-09	-0.1918
2.03663e-09	-0.19179
2.03675e-09	-0.191779
2.03688e-09	-0.191768
2.03701e-09	-0.191756
2.03714e-09	-0.191742
2.03727e-09	-0.191728
2.0374e-09	-0.191714
2.03753e-09	-0.191698
2.03765e-09	-0.191682
2.03778e-09	-0.191664
2.03791e-09	-0.191646
2.03804e-09	-0.191627
2.03817e-09	-0.191608
2.0383e-09	-0.191587
2.03842e-09	-0.191566
2.03855e-09	-0.191544
2.03868e-09	-0.191521
2.03881e-09	-0.191497
2.03894e-09	-0.191473
2.03907e-09	-0.191448
2.03919e-09	-0.191422
2.03932e-09	-0.191395
2.03945e-09	-0.191367
2.03958e-09	-0.191338
2.03971e-09	-0.191309
2.03984e-09	-0.191279
2.03997e-09	-0.191248
2.04009e-09	-0.191217
2.04022e-09	-0.191184
2.04035e-09	-0.191151
2.04048e-09	-0.191117
2.04061e-09	-0.191082
2.04074e-09	-0.191046
2.04086e-09	-0.19101
2.04099e-09	-0.190973
2.04112e-09	-0.190935
2.04125e-09	-0.190896
2.04138e-09	-0.190857
2.04151e-09	-0.190816
2.04163e-09	-0.190775
2.04176e-09	-0.190734
2.04189e-09	-0.190691
2.04202e-09	-0.190648
2.04215e-09	-0.190603
2.04228e-09	-0.190558
2.0424e-09	-0.190513
2.04253e-09	-0.190466
2.04266e-09	-0.190419
2.04279e-09	-0.190371
2.04292e-09	-0.190322
2.04305e-09	-0.190273
2.04318e-09	-0.190222
2.0433e-09	-0.190171
2.04343e-09	-0.19012
2.04356e-09	-0.190067
2.04369e-09	-0.190014
2.04382e-09	-0.18996
2.04395e-09	-0.189905
2.04407e-09	-0.189849
2.0442e-09	-0.189793
2.04433e-09	-0.189736
2.04446e-09	-0.189678
2.04459e-09	-0.189619
2.04472e-09	-0.18956
2.04484e-09	-0.1895
2.04497e-09	-0.189439
2.0451e-09	-0.189377
2.04523e-09	-0.189315
2.04536e-09	-0.189252
2.04549e-09	-0.189188
2.04562e-09	-0.189124
2.04574e-09	-0.189058
2.04587e-09	-0.188992
2.046e-09	-0.188926
2.04613e-09	-0.188858
2.04626e-09	-0.18879
2.04639e-09	-0.188721
2.04651e-09	-0.188651
2.04664e-09	-0.188581
2.04677e-09	-0.18851
2.0469e-09	-0.188438
2.04703e-09	-0.188365
2.04716e-09	-0.188292
2.04728e-09	-0.188218
2.04741e-09	-0.188143
2.04754e-09	-0.188068
2.04767e-09	-0.187992
2.0478e-09	-0.187915
2.04793e-09	-0.187837
2.04806e-09	-0.187759
2.04818e-09	-0.18768
2.04831e-09	-0.1876
2.04844e-09	-0.18752
2.04857e-09	-0.187438
2.0487e-09	-0.187357
2.04883e-09	-0.187274
2.04895e-09	-0.187191
2.04908e-09	-0.187107
2.04921e-09	-0.187022
2.04934e-09	-0.186937
2.04947e-09	-0.186851
2.0496e-09	-0.186764
2.04972e-09	-0.186676
2.04985e-09	-0.186588
2.04998e-09	-0.186499
2.05011e-09	-0.18641
2.05024e-09	-0.186319
2.05037e-09	-0.186228
2.05049e-09	-0.186137
2.05062e-09	-0.186045
2.05075e-09	-0.185952
2.05088e-09	-0.185858
2.05101e-09	-0.185763
2.05114e-09	-0.185668
2.05127e-09	-0.185573
2.05139e-09	-0.185476
2.05152e-09	-0.185379
2.05165e-09	-0.185281
2.05178e-09	-0.185183
2.05191e-09	-0.185084
2.05204e-09	-0.184984
2.05216e-09	-0.184884
2.05229e-09	-0.184782
2.05242e-09	-0.184681
2.05255e-09	-0.184578
2.05268e-09	-0.184475
2.05281e-09	-0.184371
2.05293e-09	-0.184267
2.05306e-09	-0.184162
2.05319e-09	-0.184056
2.05332e-09	-0.18395
2.05345e-09	-0.183842
2.05358e-09	-0.183735
2.05371e-09	-0.183626
2.05383e-09	-0.183517
2.05396e-09	-0.183408
2.05409e-09	-0.183297
2.05422e-09	-0.183186
2.05435e-09	-0.183075
2.05448e-09	-0.182962
2.0546e-09	-0.182849
2.05473e-09	-0.182736
2.05486e-09	-0.182621
2.05499e-09	-0.182507
2.05512e-09	-0.182391
2.05525e-09	-0.182275
2.05537e-09	-0.182158
2.0555e-09	-0.182041
2.05563e-09	-0.181923
2.05576e-09	-0.181804
2.05589e-09	-0.181685
2.05602e-09	-0.181565
2.05615e-09	-0.181444
2.05627e-09	-0.181323
2.0564e-09	-0.181201
2.05653e-09	-0.181079
2.05666e-09	-0.180956
2.05679e-09	-0.180832
2.05692e-09	-0.180708
2.05704e-09	-0.180583
2.05717e-09	-0.180457
2.0573e-09	-0.180331
2.05743e-09	-0.180204
2.05756e-09	-0.180077
2.05769e-09	-0.179949
2.05781e-09	-0.17982
2.05794e-09	-0.179691
2.05807e-09	-0.179561
2.0582e-09	-0.179431
2.05833e-09	-0.1793
2.05846e-09	-0.179168
2.05858e-09	-0.179036
2.05871e-09	-0.178903
2.05884e-09	-0.17877
2.05897e-09	-0.178636
2.0591e-09	-0.178501
2.05923e-09	-0.178366
2.05936e-09	-0.17823
2.05948e-09	-0.178094
2.05961e-09	-0.177957
2.05974e-09	-0.177819
2.05987e-09	-0.177681
2.06e-09	-0.177542
2.06013e-09	-0.177403
2.06025e-09	-0.177263
2.06038e-09	-0.177123
2.06051e-09	-0.176982
2.06064e-09	-0.17684
2.06077e-09	-0.176698
2.0609e-09	-0.176555
2.06102e-09	-0.176412
2.06115e-09	-0.176268
2.06128e-09	-0.176123
2.06141e-09	-0.175978
2.06154e-09	-0.175832
2.06167e-09	-0.175686
2.0618e-09	-0.175539
2.06192e-09	-0.175392
2.06205e-09	-0.175244
2.06218e-09	-0.175096
2.06231e-09	-0.174947
2.06244e-09	-0.174797
2.06257e-09	-0.174647
2.06269e-09	-0.174496
2.06282e-09	-0.174345
2.06295e-09	-0.174193
2.06308e-09	-0.174041
2.06321e-09	-0.173888
2.06334e-09	-0.173735
2.06346e-09	-0.173581
2.06359e-09	-0.173426
2.06372e-09	-0.173271
2.06385e-09	-0.173115
2.06398e-09	-0.172959
2.06411e-09	-0.172802
2.06424e-09	-0.172645
2.06436e-09	-0.172487
2.06449e-09	-0.172329
2.06462e-09	-0.17217
2.06475e-09	-0.172011
2.06488e-09	-0.171851
2.06501e-09	-0.171691
2.06513e-09	-0.17153
2.06526e-09	-0.171368
2.06539e-09	-0.171206
2.06552e-09	-0.171044
2.06565e-09	-0.170881
2.06578e-09	-0.170717
2.0659e-09	-0.170553
2.06603e-09	-0.170388
2.06616e-09	-0.170223
2.06629e-09	-0.170058
2.06642e-09	-0.169892
2.06655e-09	-0.169725
2.06667e-09	-0.169558
2.0668e-09	-0.16939
2.06693e-09	-0.169222
2.06706e-09	-0.169053
2.06719e-09	-0.168884
2.06732e-09	-0.168714
2.06745e-09	-0.168544
2.06757e-09	-0.168374
2.0677e-09	-0.168202
2.06783e-09	-0.168031
2.06796e-09	-0.167859
2.06809e-09	-0.167686
2.06822e-09	-0.167513
2.06834e-09	-0.167339
2.06847e-09	-0.167165
2.0686e-09	-0.16699
2.06873e-09	-0.166815
2.06886e-09	-0.16664
2.06899e-09	-0.166464
2.06911e-09	-0.166287
2.06924e-09	-0.16611
2.06937e-09	-0.165933
2.0695e-09	-0.165755
2.06963e-09	-0.165576
2.06976e-09	-0.165397
2.06989e-09	-0.165218
2.07001e-09	-0.165038
2.07014e-09	-0.164858
2.07027e-09	-0.164677
2.0704e-09	-0.164495
2.07053e-09	-0.164314
2.07066e-09	-0.164131
2.07078e-09	-0.163949
2.07091e-09	-0.163766
2.07104e-09	-0.163582
2.07117e-09	-0.163398
2.0713e-09	-0.163214
2.07143e-09	-0.163029
2.07155e-09	-0.162843
2.07168e-09	-0.162657
2.07181e-09	-0.162471
2.07194e-09	-0.162284
2.07207e-09	-0.162097
2.0722e-09	-0.161909
2.07233e-09	-0.161721
2.07245e-09	-0.161533
2.07258e-09	-0.161344
2.07271e-09	-0.161154
2.07284e-09	-0.160965
2.07297e-09	-0.160774
2.0731e-09	-0.160584
2.07322e-09	-0.160392
2.07335e-09	-0.160201
2.07348e-09	-0.160009
2.07361e-09	-0.159816
2.07374e-09	-0.159623
2.07387e-09	-0.15943
2.07399e-09	-0.159236
2.07412e-09	-0.159042
2.07425e-09	-0.158848
2.07438e-09	-0.158653
2.07451e-09	-0.158457
2.07464e-09	-0.158262
2.07476e-09	-0.158065
2.07489e-09	-0.157869
2.07502e-09	-0.157672
2.07515e-09	-0.157474
2.07528e-09	-0.157276
2.07541e-09	-0.157078
2.07554e-09	-0.156879
2.07566e-09	-0.15668
2.07579e-09	-0.156481
2.07592e-09	-0.156281
2.07605e-09	-0.15608
2.07618e-09	-0.15588
2.07631e-09	-0.155679
2.07643e-09	-0.155477
2.07656e-09	-0.155275
2.07669e-09	-0.155073
2.07682e-09	-0.15487
2.07695e-09	-0.154667
2.07708e-09	-0.154464
2.0772e-09	-0.15426
2.07733e-09	-0.154056
2.07746e-09	-0.153851
2.07759e-09	-0.153646
2.07772e-09	-0.15344
2.07785e-09	-0.153235
2.07798e-09	-0.153029
2.0781e-09	-0.152822
2.07823e-09	-0.152615
2.07836e-09	-0.152408
2.07849e-09	-0.1522
2.07862e-09	-0.151992
2.07875e-09	-0.151784
2.07887e-09	-0.151575
2.079e-09	-0.151366
2.07913e-09	-0.151157
2.07926e-09	-0.150947
2.07939e-09	-0.150736
2.07952e-09	-0.150526
2.07964e-09	-0.150315
2.07977e-09	-0.150104
2.0799e-09	-0.149892
2.08003e-09	-0.14968
2.08016e-09	-0.149468
2.08029e-09	-0.149255
2.08042e-09	-0.149042
2.08054e-09	-0.148829
2.08067e-09	-0.148615
2.0808e-09	-0.148401
2.08093e-09	-0.148186
2.08106e-09	-0.147972
2.08119e-09	-0.147756
2.08131e-09	-0.147541
2.08144e-09	-0.147325
2.08157e-09	-0.147109
2.0817e-09	-0.146893
2.08183e-09	-0.146676
2.08196e-09	-0.146459
2.08208e-09	-0.146241
2.08221e-09	-0.146023
2.08234e-09	-0.145805
2.08247e-09	-0.145587
2.0826e-09	-0.145368
2.08273e-09	-0.145149
2.08285e-09	-0.14493
2.08298e-09	-0.14471
2.08311e-09	-0.14449
2.08324e-09	-0.144269
2.08337e-09	-0.144049
2.0835e-09	-0.143828
2.08363e-09	-0.143606
2.08375e-09	-0.143385
2.08388e-09	-0.143163
2.08401e-09	-0.142941
2.08414e-09	-0.142718
2.08427e-09	-0.142495
2.0844e-09	-0.142272
2.08452e-09	-0.142048
2.08465e-09	-0.141825
2.08478e-09	-0.141601
2.08491e-09	-0.141376
2.08504e-09	-0.141152
2.08517e-09	-0.140927
2.08529e-09	-0.140701
2.08542e-09	-0.140476
2.08555e-09	-0.14025
2.08568e-09	-0.140024
2.08581e-09	-0.139797
2.08594e-09	-0.139571
2.08607e-09	-0.139344
2.08619e-09	-0.139116
2.08632e-09	-0.138889
2.08645e-09	-0.138661
2.08658e-09	-0.138433
2.08671e-09	-0.138205
2.08684e-09	-0.137976
2.08696e-09	-0.137747
2.08709e-09	-0.137518
2.08722e-09	-0.137288
2.08735e-09	-0.137059
2.08748e-09	-0.136829
2.08761e-09	-0.136598
2.08773e-09	-0.136368
2.08786e-09	-0.136137
2.08799e-09	-0.135906
2.08812e-09	-0.135674
2.08825e-09	-0.135443
2.08838e-09	-0.135211
2.08851e-09	-0.134979
2.08863e-09	-0.134746
2.08876e-09	-0.134514
2.08889e-09	-0.134281
2.08902e-09	-0.134048
2.08915e-09	-0.133814
2.08928e-09	-0.133581
2.0894e-09	-0.133347
2.08953e-09	-0.133113
2.08966e-09	-0.132878
2.08979e-09	-0.132644
2.08992e-09	-0.132409
2.09005e-09	-0.132174
2.09017e-09	-0.131938
2.0903e-09	-0.131703
2.09043e-09	-0.131467
2.09056e-09	-0.131231
2.09069e-09	-0.130995
2.09082e-09	-0.130758
2.09095e-09	-0.130521
2.09107e-09	-0.130284
2.0912e-09	-0.130047
2.09133e-09	-0.12981
2.09146e-09	-0.129572
2.09159e-09	-0.129334
2.09172e-09	-0.129096
2.09184e-09	-0.128858
2.09197e-09	-0.128619
2.0921e-09	-0.128381
2.09223e-09	-0.128142
2.09236e-09	-0.127902
2.09249e-09	-0.127663
2.09261e-09	-0.127423
2.09274e-09	-0.127184
2.09287e-09	-0.126944
2.093e-09	-0.126703
2.09313e-09	-0.126463
2.09326e-09	-0.126222
2.09338e-09	-0.125981
2.09351e-09	-0.12574
2.09364e-09	-0.125499
2.09377e-09	-0.125258
2.0939e-09	-0.125016
2.09403e-09	-0.124774
2.09416e-09	-0.124532
2.09428e-09	-0.12429
2.09441e-09	-0.124047
2.09454e-09	-0.123805
2.09467e-09	-0.123562
2.0948e-09	-0.123319
2.09493e-09	-0.123076
2.09505e-09	-0.122833
2.09518e-09	-0.122589
2.09531e-09	-0.122345
2.09544e-09	-0.122101
2.09557e-09	-0.121857
2.0957e-09	-0.121613
2.09582e-09	-0.121369
2.09595e-09	-0.121124
2.09608e-09	-0.120879
2.09621e-09	-0.120634
2.09634e-09	-0.120389
2.09647e-09	-0.120144
2.0966e-09	-0.119898
2.09672e-09	-0.119653
2.09685e-09	-0.119407
2.09698e-09	-0.119161
2.09711e-09	-0.118915
2.09724e-09	-0.118669
2.09737e-09	-0.118422
2.09749e-09	-0.118175
2.09762e-09	-0.117929
2.09775e-09	-0.117682
2.09788e-09	-0.117435
2.09801e-09	-0.117187
2.09814e-09	-0.11694
2.09826e-09	-0.116693
2.09839e-09	-0.116445
2.09852e-09	-0.116197
2.09865e-09	-0.115949
2.09878e-09	-0.115701
2.09891e-09	-0.115453
2.09904e-09	-0.115204
2.09916e-09	-0.114956
2.09929e-09	-0.114707
2.09942e-09	-0.114458
2.09955e-09	-0.114209
2.09968e-09	-0.11396
2.09981e-09	-0.113711
2.09993e-09	-0.113462
2.10006e-09	-0.113212
2.10019e-09	-0.112963
2.10032e-09	-0.112713
2.10045e-09	-0.112463
2.10058e-09	-0.112213
2.1007e-09	-0.111963
2.10083e-09	-0.111713
2.10096e-09	-0.111462
2.10109e-09	-0.111212
2.10122e-09	-0.110961
2.10135e-09	-0.110711
2.10147e-09	-0.11046
2.1016e-09	-0.110209
2.10173e-09	-0.109958
2.10186e-09	-0.109707
2.10199e-09	-0.109455
2.10212e-09	-0.109204
2.10225e-09	-0.108952
2.10237e-09	-0.108701
2.1025e-09	-0.108449
2.10263e-09	-0.108197
2.10276e-09	-0.107945
2.10289e-09	-0.107693
2.10302e-09	-0.107441
2.10314e-09	-0.107189
2.10327e-09	-0.106937
2.1034e-09	-0.106684
2.10353e-09	-0.106432
2.10366e-09	-0.106179
2.10379e-09	-0.105926
2.10391e-09	-0.105674
2.10404e-09	-0.105421
2.10417e-09	-0.105168
2.1043e-09	-0.104915
2.10443e-09	-0.104662
2.10456e-09	-0.104408
2.10469e-09	-0.104155
2.10481e-09	-0.103902
2.10494e-09	-0.103648
2.10507e-09	-0.103395
2.1052e-09	-0.103141
2.10533e-09	-0.102887
2.10546e-09	-0.102634
2.10558e-09	-0.10238
2.10571e-09	-0.102126
2.10584e-09	-0.101872
2.10597e-09	-0.101618
2.1061e-09	-0.101364
2.10623e-09	-0.10111
2.10635e-09	-0.100855
2.10648e-09	-0.100601
2.10661e-09	-0.100347
2.10674e-09	-0.100092
2.10687e-09	-0.0998376
2.107e-09	-0.0995831
2.10713e-09	-0.0993284
2.10725e-09	-0.0990737
2.10738e-09	-0.098819
2.10751e-09	-0.0985642
2.10764e-09	-0.0983094
2.10777e-09	-0.0980545
2.1079e-09	-0.0977995
2.10802e-09	-0.0975445
2.10815e-09	-0.0972895
2.10828e-09	-0.0970344
2.10841e-09	-0.0967792
2.10854e-09	-0.096524
2.10867e-09	-0.0962688
2.10879e-09	-0.0960135
2.10892e-09	-0.0957582
2.10905e-09	-0.0955029
2.10918e-09	-0.0952475
2.10931e-09	-0.094992
2.10944e-09	-0.0947366
2.10956e-09	-0.0944811
2.10969e-09	-0.0942256
2.10982e-09	-0.09397
2.10995e-09	-0.0937144
2.11008e-09	-0.0934588
2.11021e-09	-0.0932031
2.11034e-09	-0.0929475
2.11046e-09	-0.0926918
2.11059e-09	-0.092436
2.11072e-09	-0.0921803
2.11085e-09	-0.0919245
2.11098e-09	-0.0916687
2.11111e-09	-0.0914129
2.11123e-09	-0.0911571
2.11136e-09	-0.0909012
2.11149e-09	-0.0906454
2.11162e-09	-0.0903895
2.11175e-09	-0.0901336
2.11188e-09	-0.0898777
2.112e-09	-0.0896218
2.11213e-09	-0.0893659
2.11226e-09	-0.0891099
2.11239e-09	-0.088854
2.11252e-09	-0.088598
2.11265e-09	-0.0883421
2.11278e-09	-0.0880861
2.1129e-09	-0.0878302
2.11303e-09	-0.0875742
2.11316e-09	-0.0873183
2.11329e-09	-0.0870623
2.11342e-09	-0.0868064
2.11355e-09	-0.0865504
2.11367e-09	-0.0862945
2.1138e-09	-0.0860385
2.11393e-09	-0.0857826
2.11406e-09	-0.0855267
2.11419e-09	-0.0852708
2.11432e-09	-0.0850149
2.11444e-09	-0.084759
2.11457e-09	-0.0845031
2.1147e-09	-0.0842472
2.11483e-09	-0.0839914
2.11496e-09	-0.0837355
2.11509e-09	-0.0834797
2.11522e-09	-0.0832239
2.11534e-09	-0.0829682
2.11547e-09	-0.0827124
2.1156e-09	-0.0824567
2.11573e-09	-0.082201
2.11586e-09	-0.0819453
2.11599e-09	-0.0816896
2.11611e-09	-0.081434
2.11624e-09	-0.0811784
2.11637e-09	-0.0809228
2.1165e-09	-0.0806673
2.11663e-09	-0.0804118
2.11676e-09	-0.0801563
2.11688e-09	-0.0799009
2.11701e-09	-0.0796455
2.11714e-09	-0.0793901
2.11727e-09	-0.0791348
2.1174e-09	-0.0788795
2.11753e-09	-0.0786242
2.11765e-09	-0.078369
2.11778e-09	-0.0781138
2.11791e-09	-0.0778587
2.11804e-09	-0.0776036
2.11817e-09	-0.0773486
2.1183e-09	-0.0770936
2.11843e-09	-0.0768386
2.11855e-09	-0.0765837
2.11868e-09	-0.0763289
2.11881e-09	-0.0760741
2.11894e-09	-0.0758194
2.11907e-09	-0.0755647
2.1192e-09	-0.07531
2.11932e-09	-0.0750555
2.11945e-09	-0.0748009
2.11958e-09	-0.0745465
2.11971e-09	-0.0742921
2.11984e-09	-0.0740377
2.11997e-09	-0.0737834
2.12009e-09	-0.0735292
2.12022e-09	-0.0732751
2.12035e-09	-0.073021
2.12048e-09	-0.072767
2.12061e-09	-0.072513
2.12074e-09	-0.0722591
2.12087e-09	-0.0720053
2.12099e-09	-0.0717515
2.12112e-09	-0.0714978
2.12125e-09	-0.0712442
2.12138e-09	-0.0709907
2.12151e-09	-0.0707372
2.12164e-09	-0.0704838
2.12176e-09	-0.0702305
2.12189e-09	-0.0699773
2.12202e-09	-0.0697241
2.12215e-09	-0.0694711
2.12228e-09	-0.0692181
2.12241e-09	-0.0689652
2.12253e-09	-0.0687123
2.12266e-09	-0.0684596
2.12279e-09	-0.0682069
2.12292e-09	-0.0679543
2.12305e-09	-0.0677018
2.12318e-09	-0.0674495
2.12331e-09	-0.0671971
2.12343e-09	-0.0669449
2.12356e-09	-0.0666928
2.12369e-09	-0.0664408
2.12382e-09	-0.0661888
2.12395e-09	-0.065937
2.12408e-09	-0.0656852
2.1242e-09	-0.0654336
2.12433e-09	-0.065182
2.12446e-09	-0.0649305
2.12459e-09	-0.0646792
2.12472e-09	-0.0644279
2.12485e-09	-0.0641768
2.12497e-09	-0.0639257
2.1251e-09	-0.0636747
2.12523e-09	-0.0634239
2.12536e-09	-0.0631732
2.12549e-09	-0.0629225
2.12562e-09	-0.062672
2.12574e-09	-0.0624216
2.12587e-09	-0.0621713
2.126e-09	-0.0619211
2.12613e-09	-0.061671
2.12626e-09	-0.061421
2.12639e-09	-0.0611712
2.12652e-09	-0.0609214
2.12664e-09	-0.0606718
2.12677e-09	-0.0604223
2.1269e-09	-0.0601729
2.12703e-09	-0.0599236
2.12716e-09	-0.0596745
2.12729e-09	-0.0594254
2.12741e-09	-0.0591765
2.12754e-09	-0.0589277
2.12767e-09	-0.0586791
2.1278e-09	-0.0584305
2.12793e-09	-0.0581821
2.12806e-09	-0.0579339
2.12818e-09	-0.0576857
2.12831e-09	-0.0574377
2.12844e-09	-0.0571898
2.12857e-09	-0.056942
2.1287e-09	-0.0566944
2.12883e-09	-0.0564469
2.12896e-09	-0.0561995
2.12908e-09	-0.0559523
2.12921e-09	-0.0557052
2.12934e-09	-0.0554582
2.12947e-09	-0.0552114
2.1296e-09	-0.0549647
2.12973e-09	-0.0547181
2.12985e-09	-0.0544717
2.12998e-09	-0.0542255
2.13011e-09	-0.0539793
2.13024e-09	-0.0537334
2.13037e-09	-0.0534875
2.1305e-09	-0.0532418
2.13062e-09	-0.0529963
2.13075e-09	-0.0527509
2.13088e-09	-0.0525056
2.13101e-09	-0.0522605
2.13114e-09	-0.0520156
2.13127e-09	-0.0517708
2.1314e-09	-0.0515261
2.13152e-09	-0.0512816
2.13165e-09	-0.0510373
2.13178e-09	-0.0507931
2.13191e-09	-0.0505491
2.13204e-09	-0.0503052
2.13217e-09	-0.0500615
2.13229e-09	-0.0498179
2.13242e-09	-0.0495745
2.13255e-09	-0.0493313
2.13268e-09	-0.0490882
2.13281e-09	-0.0488453
2.13294e-09	-0.0486025
2.13306e-09	-0.0483599
2.13319e-09	-0.0481175
2.13332e-09	-0.0478752
2.13345e-09	-0.0476331
2.13358e-09	-0.0473912
2.13371e-09	-0.0471494
2.13383e-09	-0.0469079
2.13396e-09	-0.0466664
2.13409e-09	-0.0464252
2.13422e-09	-0.0461841
2.13435e-09	-0.0459432
2.13448e-09	-0.0457024
2.13461e-09	-0.0454619
2.13473e-09	-0.0452215
2.13486e-09	-0.0449813
2.13499e-09	-0.0447413
2.13512e-09	-0.0445014
2.13525e-09	-0.0442617
2.13538e-09	-0.0440222
2.1355e-09	-0.0437829
2.13563e-09	-0.0435438
2.13576e-09	-0.0433048
2.13589e-09	-0.043066
2.13602e-09	-0.0428274
2.13615e-09	-0.042589
2.13627e-09	-0.0423508
2.1364e-09	-0.0421128
2.13653e-09	-0.0418749
2.13666e-09	-0.0416373
2.13679e-09	-0.0413998
2.13692e-09	-0.0411625
2.13705e-09	-0.0409254
2.13717e-09	-0.0406885
2.1373e-09	-0.0404518
2.13743e-09	-0.0402153
2.13756e-09	-0.039979
2.13769e-09	-0.0397428
2.13782e-09	-0.0395069
2.13794e-09	-0.0392712
2.13807e-09	-0.0390356
2.1382e-09	-0.0388003
2.13833e-09	-0.0385652
2.13846e-09	-0.0383302
2.13859e-09	-0.0380955
2.13871e-09	-0.0378609
2.13884e-09	-0.0376266
2.13897e-09	-0.0373924
2.1391e-09	-0.0371585
2.13923e-09	-0.0369248
2.13936e-09	-0.0366912
2.13949e-09	-0.0364579
2.13961e-09	-0.0362248
2.13974e-09	-0.0359919
2.13987e-09	-0.0357592
2.14e-09	-0.0355267
2.14013e-09	-0.0352944
2.14026e-09	-0.0350624
2.14038e-09	-0.0348305
2.14051e-09	-0.0345989
2.14064e-09	-0.0343674
2.14077e-09	-0.0341362
2.1409e-09	-0.0339052
2.14103e-09	-0.0336744
2.14115e-09	-0.0334438
2.14128e-09	-0.0332135
2.14141e-09	-0.0329833
2.14154e-09	-0.0327534
2.14167e-09	-0.0325237
2.1418e-09	-0.0322942
2.14192e-09	-0.0320649
2.14205e-09	-0.0318359
2.14218e-09	-0.0316071
2.14231e-09	-0.0313785
2.14244e-09	-0.0311501
2.14257e-09	-0.0309219
2.1427e-09	-0.030694
2.14282e-09	-0.0304663
2.14295e-09	-0.0302388
2.14308e-09	-0.0300116
2.14321e-09	-0.0297845
2.14334e-09	-0.0295577
2.14347e-09	-0.0293312
2.14359e-09	-0.0291048
2.14372e-09	-0.0288787
2.14385e-09	-0.0286529
2.14398e-09	-0.0284272
2.14411e-09	-0.0282018
2.14424e-09	-0.0279766
2.14436e-09	-0.0277517
2.14449e-09	-0.027527
2.14462e-09	-0.0273025
2.14475e-09	-0.0270783
2.14488e-09	-0.0268543
2.14501e-09	-0.0266305
2.14514e-09	-0.026407
2.14526e-09	-0.0261837
2.14539e-09	-0.0259606
2.14552e-09	-0.0257378
2.14565e-09	-0.0255153
2.14578e-09	-0.025293
2.14591e-09	-0.0250709
2.14603e-09	-0.024849
2.14616e-09	-0.0246274
2.14629e-09	-0.0244061
2.14642e-09	-0.024185
2.14655e-09	-0.0239641
2.14668e-09	-0.0237435
2.1468e-09	-0.0235232
2.14693e-09	-0.023303
2.14706e-09	-0.0230832
2.14719e-09	-0.0228635
2.14732e-09	-0.0226442
2.14745e-09	-0.022425
2.14758e-09	-0.0222062
2.1477e-09	-0.0219876
2.14783e-09	-0.0217692
2.14796e-09	-0.0215511
2.14809e-09	-0.0213332
2.14822e-09	-0.0211156
2.14835e-09	-0.0208983
2.14847e-09	-0.0206812
2.1486e-09	-0.0204643
2.14873e-09	-0.0202478
2.14886e-09	-0.0200314
2.14899e-09	-0.0198154
2.14912e-09	-0.0195996
2.14924e-09	-0.019384
2.14937e-09	-0.0191687
2.1495e-09	-0.0189537
2.14963e-09	-0.0187389
2.14976e-09	-0.0185244
2.14989e-09	-0.0183102
2.15001e-09	-0.0180962
2.15014e-09	-0.0178825
2.15027e-09	-0.017669
2.1504e-09	-0.0174558
2.15053e-09	-0.0172429
2.15066e-09	-0.0170302
2.15079e-09	-0.0168178
2.15091e-09	-0.0166057
2.15104e-09	-0.0163939
2.15117e-09	-0.0161823
2.1513e-09	-0.015971
2.15143e-09	-0.0157599
2.15156e-09	-0.0155491
2.15168e-09	-0.0153386
2.15181e-09	-0.0151284
2.15194e-09	-0.0149184
2.15207e-09	-0.0147087
2.1522e-09	-0.0144993
2.15233e-09	-0.0142901
2.15245e-09	-0.0140813
2.15258e-09	-0.0138727
2.15271e-09	-0.0136643
2.15284e-09	-0.0134563
2.15297e-09	-0.0132485
2.1531e-09	-0.013041
2.15323e-09	-0.0128338
2.15335e-09	-0.0126269
2.15348e-09	-0.0124202
2.15361e-09	-0.0122138
2.15374e-09	-0.0120077
2.15387e-09	-0.0118019
2.154e-09	-0.0115964
2.15412e-09	-0.0113911
2.15425e-09	-0.0111861
2.15438e-09	-0.0109814
2.15451e-09	-0.010777
2.15464e-09	-0.0105729
2.15477e-09	-0.010369
2.15489e-09	-0.0101654
2.15502e-09	-0.00996217
2.15515e-09	-0.00975917
2.15528e-09	-0.00955647
2.15541e-09	-0.00935404
2.15554e-09	-0.00915191
2.15567e-09	-0.00895006
2.15579e-09	-0.0087485
2.15592e-09	-0.00854723
2.15605e-09	-0.00834625
2.15618e-09	-0.00814555
2.15631e-09	-0.00794515
2.15644e-09	-0.00774504
2.15656e-09	-0.00754522
2.15669e-09	-0.00734569
2.15682e-09	-0.00714645
2.15695e-09	-0.0069475
2.15708e-09	-0.00674885
2.15721e-09	-0.00655049
2.15733e-09	-0.00635242
2.15746e-09	-0.00615465
2.15759e-09	-0.00595717
2.15772e-09	-0.00575999
2.15785e-09	-0.00556311
2.15798e-09	-0.00536652
2.1581e-09	-0.00517022
2.15823e-09	-0.00497423
2.15836e-09	-0.00477853
2.15849e-09	-0.00458313
2.15862e-09	-0.00438803
2.15875e-09	-0.00419322
2.15888e-09	-0.00399872
2.159e-09	-0.00380452
2.15913e-09	-0.00361061
2.15926e-09	-0.00341701
2.15939e-09	-0.00322371
2.15952e-09	-0.00303071
2.15965e-09	-0.00283801
2.15977e-09	-0.00264562
2.1599e-09	-0.00245353
2.16003e-09	-0.00226174
2.16016e-09	-0.00207025
2.16029e-09	-0.00187907
2.16042e-09	-0.0016882
2.16054e-09	-0.00149763
2.16067e-09	-0.00130736
2.1608e-09	-0.0011174
2.16093e-09	-0.000927748
2.16106e-09	-0.000738402
2.16119e-09	-0.000549364
2.16132e-09	-0.000360633
2.16144e-09	-0.00017221
2.16157e-09	1.59045e-05
2.1617e-09	0.00020371
2.16183e-09	0.000391206
2.16196e-09	0.000578393
2.16209e-09	0.000765269
2.16221e-09	0.000951835
2.16234e-09	0.00113809
2.16247e-09	0.00132403
2.1626e-09	0.00150967
2.16273e-09	0.00169499
2.16286e-09	0.00187999
2.16298e-09	0.00206469
2.16311e-09	0.00224907
2.16324e-09	0.00243314
2.16337e-09	0.00261689
2.1635e-09	0.00280033
2.16363e-09	0.00298346
2.16376e-09	0.00316627
2.16388e-09	0.00334876
2.16401e-09	0.00353094
2.16414e-09	0.0037128
2.16427e-09	0.00389435
2.1644e-09	0.00407558
2.16453e-09	0.00425649
2.16465e-09	0.00443708
2.16478e-09	0.00461736
2.16491e-09	0.00479732
2.16504e-09	0.00497696
2.16517e-09	0.00515628
2.1653e-09	0.00533528
2.16542e-09	0.00551396
2.16555e-09	0.00569232
2.16568e-09	0.00587036
2.16581e-09	0.00604808
2.16594e-09	0.00622548
2.16607e-09	0.00640255
2.16619e-09	0.00657931
2.16632e-09	0.00675574
2.16645e-09	0.00693185
2.16658e-09	0.00710764
2.16671e-09	0.00728311
2.16684e-09	0.00745825
2.16697e-09	0.00763307
2.16709e-09	0.00780756
2.16722e-09	0.00798173
2.16735e-09	0.00815557
2.16748e-09	0.00832909
2.16761e-09	0.00850229
2.16774e-09	0.00867516
2.16786e-09	0.0088477
2.16799e-09	0.00901992
2.16812e-09	0.00919181
2.16825e-09	0.00936337
2.16838e-09	0.00953461
2.16851e-09	0.00970552
2.16863e-09	0.0098761
2.16876e-09	0.0100464
2.16889e-09	0.0102163
2.16902e-09	0.0103859
2.16915e-09	0.0105551
2.16928e-09	0.0107241
2.16941e-09	0.0108927
2.16953e-09	0.011061
2.16966e-09	0.0112289
2.16979e-09	0.0113965
2.16992e-09	0.0115638
2.17005e-09	0.0117308
2.17018e-09	0.0118974
2.1703e-09	0.0120637
2.17043e-09	0.0122297
2.17056e-09	0.0123953
2.17069e-09	0.0125606
2.17082e-09	0.0127256
2.17095e-09	0.0128902
2.17107e-09	0.0130545
2.1712e-09	0.0132185
2.17133e-09	0.0133821
2.17146e-09	0.0135454
2.17159e-09	0.0137084
2.17172e-09	0.013871
2.17185e-09	0.0140333
2.17197e-09	0.0141953
2.1721e-09	0.0143569
2.17223e-09	0.0145182
2.17236e-09	0.0146792
2.17249e-09	0.0148398
2.17262e-09	0.0150001
2.17274e-09	0.0151601
2.17287e-09	0.0153197
2.173e-09	0.015479
2.17313e-09	0.0156379
2.17326e-09	0.0157965
2.17339e-09	0.0159548
2.17351e-09	0.0161127
2.17364e-09	0.0162703
2.17377e-09	0.0164276
2.1739e-09	0.0165845
2.17403e-09	0.0167411
2.17416e-09	0.0168973
2.17428e-09	0.0170532
2.17441e-09	0.0172088
2.17454e-09	0.017364
2.17467e-09	0.0175189
2.1748e-09	0.0176735
2.17493e-09	0.0178277
2.17506e-09	0.0179816
2.17518e-09	0.0181351
2.17531e-09	0.0182883
2.17544e-09	0.0184412
2.17557e-09	0.0185937
2.1757e-09	0.0187458
2.17583e-09	0.0188977
2.17595e-09	0.0190492
2.17608e-09	0.0192003
2.17621e-09	0.0193511
2.17634e-09	0.0195016
2.17647e-09	0.0196517
2.1766e-09	0.0198015
2.17672e-09	0.0199509
2.17685e-09	0.0201
2.17698e-09	0.0202488
2.17711e-09	0.0203972
2.17724e-09	0.0205453
2.17737e-09	0.020693
2.1775e-09	0.0208404
2.17762e-09	0.0209874
2.17775e-09	0.0211341
2.17788e-09	0.0212805
2.17801e-09	0.0214265
2.17814e-09	0.0215722
2.17827e-09	0.0217175
2.17839e-09	0.0218625
2.17852e-09	0.0220071
2.17865e-09	0.0221514
2.17878e-09	0.0222954
2.17891e-09	0.022439
2.17904e-09	0.0225822
2.17916e-09	0.0227251
2.17929e-09	0.0228677
2.17942e-09	0.0230099
2.17955e-09	0.0231518
2.17968e-09	0.0232934
2.17981e-09	0.0234345
2.17994e-09	0.0235754
2.18006e-09	0.0237159
2.18019e-09	0.0238561
2.18032e-09	0.0239959
2.18045e-09	0.0241353
2.18058e-09	0.0242744
2.18071e-09	0.0244132
2.18083e-09	0.0245516
2.18096e-09	0.0246897
2.18109e-09	0.0248275
2.18122e-09	0.0249648
2.18135e-09	0.0251019
2.18148e-09	0.0252386
2.1816e-09	0.0253749
2.18173e-09	0.0255109
2.18186e-09	0.0256466
2.18199e-09	0.0257819
2.18212e-09	0.0259168
2.18225e-09	0.0260514
2.18237e-09	0.0261857
2.1825e-09	0.0263196
2.18263e-09	0.0264532
2.18276e-09	0.0265864
2.18289e-09	0.0267193
2.18302e-09	0.0268518
2.18315e-09	0.026984
2.18327e-09	0.0271158
2.1834e-09	0.0272473
2.18353e-09	0.0273785
2.18366e-09	0.0275093
2.18379e-09	0.0276397
2.18392e-09	0.0277698
2.18404e-09	0.0278995
2.18417e-09	0.0280289
2.1843e-09	0.028158
2.18443e-09	0.0282867
2.18456e-09	0.028415
2.18469e-09	0.028543
2.18481e-09	0.0286707
2.18494e-09	0.028798
2.18507e-09	0.028925
2.1852e-09	0.0290516
2.18533e-09	0.0291778
2.18546e-09	0.0293037
2.18559e-09	0.0294293
2.18571e-09	0.0295545
2.18584e-09	0.0296794
2.18597e-09	0.0298039
2.1861e-09	0.0299281
2.18623e-09	0.0300519
2.18636e-09	0.0301754
2.18648e-09	0.0302985
2.18661e-09	0.0304213
2.18674e-09	0.0305437
2.18687e-09	0.0306658
2.187e-09	0.0307875
2.18713e-09	0.0309089
2.18725e-09	0.0310299
2.18738e-09	0.0311506
2.18751e-09	0.0312709
2.18764e-09	0.0313909
2.18777e-09	0.0315106
2.1879e-09	0.0316299
2.18803e-09	0.0317488
2.18815e-09	0.0318674
2.18828e-09	0.0319856
2.18841e-09	0.0321035
2.18854e-09	0.0322211
2.18867e-09	0.0323383
2.1888e-09	0.0324551
2.18892e-09	0.0325716
2.18905e-09	0.0326877
2.18918e-09	0.0328035
2.18931e-09	0.032919
2.18944e-09	0.0330341
2.18957e-09	0.0331488
2.18969e-09	0.0332633
2.18982e-09	0.0333773
2.18995e-09	0.033491
2.19008e-09	0.0336044
2.19021e-09	0.0337174
2.19034e-09	0.03383
2.19046e-09	0.0339424
2.19059e-09	0.0340543
2.19072e-09	0.0341659
2.19085e-09	0.0342772
2.19098e-09	0.0343881
2.19111e-09	0.0344987
2.19124e-09	0.0346089
2.19136e-09	0.0347188
2.19149e-09	0.0348283
2.19162e-09	0.0349375
2.19175e-09	0.0350463
2.19188e-09	0.0351548
2.19201e-09	0.0352629
2.19213e-09	0.0353707
2.19226e-09	0.0354782
2.19239e-09	0.0355853
2.19252e-09	0.035692
2.19265e-09	0.0357984
2.19278e-09	0.0359044
2.1929e-09	0.0360101
2.19303e-09	0.0361155
2.19316e-09	0.0362205
2.19329e-09	0.0363252
2.19342e-09	0.0364295
2.19355e-09	0.0365334
2.19368e-09	0.036637
2.1938e-09	0.0367403
2.19393e-09	0.0368432
2.19406e-09	0.0369458
2.19419e-09	0.037048
2.19432e-09	0.0371499
2.19445e-09	0.0372515
2.19457e-09	0.0373526
2.1947e-09	0.0374535
2.19483e-09	0.037554
2.19496e-09	0.0376541
2.19509e-09	0.0377539
2.19522e-09	0.0378534
2.19534e-09	0.0379525
2.19547e-09	0.0380513
2.1956e-09	0.0381497
2.19573e-09	0.0382478
2.19586e-09	0.0383455
2.19599e-09	0.0384429
2.19612e-09	0.0385399
2.19624e-09	0.0386366
2.19637e-09	0.0387329
2.1965e-09	0.0388289
2.19663e-09	0.0389246
2.19676e-09	0.0390199
2.19689e-09	0.0391149
2.19701e-09	0.0392095
2.19714e-09	0.0393038
2.19727e-09	0.0393977
2.1974e-09	0.0394913
2.19753e-09	0.0395845
2.19766e-09	0.0396774
2.19778e-09	0.03977
2.19791e-09	0.0398622
2.19804e-09	0.0399541
2.19817e-09	0.0400456
2.1983e-09	0.0401368
2.19843e-09	0.0402276
2.19855e-09	0.0403181
2.19868e-09	0.0404083
2.19881e-09	0.0404981
2.19894e-09	0.0405876
2.19907e-09	0.0406767
2.1992e-09	0.0407655
2.19933e-09	0.0408539
2.19945e-09	0.040942
2.19958e-09	0.0410298
2.19971e-09	0.0411172
2.19984e-09	0.0412042
2.19997e-09	0.041291
2.2001e-09	0.0413774
2.20022e-09	0.0414634
2.20035e-09	0.0415491
2.20048e-09	0.0416345
2.20061e-09	0.0417195
2.20074e-09	0.0418042
2.20087e-09	0.0418885
2.20099e-09	0.0419726
2.20112e-09	0.0420562
2.20125e-09	0.0421395
2.20138e-09	0.0422225
2.20151e-09	0.0423052
2.20164e-09	0.0423875
2.20177e-09	0.0424694
2.20189e-09	0.0425511
2.20202e-09	0.0426324
2.20215e-09	0.0427133
2.20228e-09	0.0427939
2.20241e-09	0.0428742
2.20254e-09	0.0429541
2.20266e-09	0.0430337
2.20279e-09	0.043113
2.20292e-09	0.0431919
2.20305e-09	0.0432705
2.20318e-09	0.0433487
2.20331e-09	0.0434266
2.20343e-09	0.0435042
2.20356e-09	0.0435814
2.20369e-09	0.0436583
2.20382e-09	0.0437349
2.20395e-09	0.0438111
2.20408e-09	0.043887
2.20421e-09	0.0439626
2.20433e-09	0.0440378
2.20446e-09	0.0441127
2.20459e-09	0.0441872
2.20472e-09	0.0442614
2.20485e-09	0.0443353
2.20498e-09	0.0444089
2.2051e-09	0.0444821
2.20523e-09	0.044555
2.20536e-09	0.0446275
2.20549e-09	0.0446997
2.20562e-09	0.0447716
2.20575e-09	0.0448431
2.20587e-09	0.0449143
2.206e-09	0.0449852
2.20613e-09	0.0450558
2.20626e-09	0.045126
2.20639e-09	0.0451958
2.20652e-09	0.0452654
2.20664e-09	0.0453346
2.20677e-09	0.0454035
2.2069e-09	0.045472
2.20703e-09	0.0455403
2.20716e-09	0.0456082
2.20729e-09	0.0456757
2.20742e-09	0.0457429
2.20754e-09	0.0458098
2.20767e-09	0.0458764
2.2078e-09	0.0459427
2.20793e-09	0.0460086
2.20806e-09	0.0460741
2.20819e-09	0.0461394
2.20831e-09	0.0462043
2.20844e-09	0.0462689
2.20857e-09	0.0463332
2.2087e-09	0.0463971
2.20883e-09	0.0464607
2.20896e-09	0.046524
2.20908e-09	0.046587
2.20921e-09	0.0466496
2.20934e-09	0.0467119
2.20947e-09	0.0467739
2.2096e-09	0.0468355
2.20973e-09	0.0468969
2.20986e-09	0.0469579
2.20998e-09	0.0470185
2.21011e-09	0.0470789
2.21024e-09	0.0471389
2.21037e-09	0.0471986
2.2105e-09	0.047258
2.21063e-09	0.047317
2.21075e-09	0.0473757
2.21088e-09	0.0474342
2.21101e-09	0.0474922
2.21114e-09	0.04755
2.21127e-09	0.0476074
2.2114e-09	0.0476645
2.21152e-09	0.0477213
2.21165e-09	0.0477778
2.21178e-09	0.0478339
2.21191e-09	0.0478898
2.21204e-09	0.0479453
2.21217e-09	0.0480004
2.2123e-09	0.0480553
2.21242e-09	0.0481098
2.21255e-09	0.0481641
2.21268e-09	0.048218
2.21281e-09	0.0482715
2.21294e-09	0.0483248
2.21307e-09	0.0483777
2.21319e-09	0.0484304
2.21332e-09	0.0484827
2.21345e-09	0.0485347
2.21358e-09	0.0485863
2.21371e-09	0.0486377
2.21384e-09	0.0486887
2.21396e-09	0.0487394
2.21409e-09	0.0487898
2.21422e-09	0.0488399
2.21435e-09	0.0488897
2.21448e-09	0.0489391
2.21461e-09	0.0489883
2.21473e-09	0.0490371
2.21486e-09	0.0490856
2.21499e-09	0.0491338
2.21512e-09	0.0491817
2.21525e-09	0.0492292
2.21538e-09	0.0492765
2.21551e-09	0.0493234
2.21563e-09	0.04937
2.21576e-09	0.0494164
2.21589e-09	0.0494624
2.21602e-09	0.049508
2.21615e-09	0.0495534
2.21628e-09	0.0495985
2.2164e-09	0.0496432
2.21653e-09	0.0496877
2.21666e-09	0.0497318
2.21679e-09	0.0497756
2.21692e-09	0.0498191
2.21705e-09	0.0498623
2.21717e-09	0.0499052
2.2173e-09	0.0499478
2.21743e-09	0.0499901
2.21756e-09	0.0500321
2.21769e-09	0.0500737
2.21782e-09	0.0501151
2.21795e-09	0.0501561
2.21807e-09	0.0501969
2.2182e-09	0.0502373
2.21833e-09	0.0502774
2.21846e-09	0.0503172
2.21859e-09	0.0503567
2.21872e-09	0.050396
2.21884e-09	0.0504349
2.21897e-09	0.0504735
2.2191e-09	0.0505117
2.21923e-09	0.0505497
2.21936e-09	0.0505874
2.21949e-09	0.0506248
2.21961e-09	0.0506619
2.21974e-09	0.0506987
2.21987e-09	0.0507351
2.22e-09	0.0507713
2.22013e-09	0.0508072
2.22026e-09	0.0508427
2.22039e-09	0.050878
2.22051e-09	0.050913
2.22064e-09	0.0509476
2.22077e-09	0.050982
2.2209e-09	0.0510161
2.22103e-09	0.0510499
2.22116e-09	0.0510833
2.22128e-09	0.0511165
2.22141e-09	0.0511494
2.22154e-09	0.0511819
2.22167e-09	0.0512142
2.2218e-09	0.0512462
2.22193e-09	0.0512779
2.22205e-09	0.0513093
2.22218e-09	0.0513404
2.22231e-09	0.0513712
2.22244e-09	0.0514017
2.22257e-09	0.0514319
2.2227e-09	0.0514618
2.22282e-09	0.0514914
2.22295e-09	0.0515207
2.22308e-09	0.0515498
2.22321e-09	0.0515785
2.22334e-09	0.0516069
2.22347e-09	0.0516351
2.2236e-09	0.0516629
2.22372e-09	0.0516905
2.22385e-09	0.0517178
2.22398e-09	0.0517448
2.22411e-09	0.0517715
2.22424e-09	0.0517979
2.22437e-09	0.051824
2.22449e-09	0.0518498
2.22462e-09	0.0518754
2.22475e-09	0.0519006
2.22488e-09	0.0519256
2.22501e-09	0.0519502
2.22514e-09	0.0519746
2.22526e-09	0.0519987
2.22539e-09	0.0520225
2.22552e-09	0.0520461
2.22565e-09	0.0520693
2.22578e-09	0.0520923
2.22591e-09	0.0521149
2.22604e-09	0.0521373
2.22616e-09	0.0521594
2.22629e-09	0.0521812
2.22642e-09	0.0522027
2.22655e-09	0.052224
2.22668e-09	0.052245
2.22681e-09	0.0522656
2.22693e-09	0.052286
2.22706e-09	0.0523062
2.22719e-09	0.052326
2.22732e-09	0.0523455
2.22745e-09	0.0523648
2.22758e-09	0.0523838
2.2277e-09	0.0524025
2.22783e-09	0.052421
2.22796e-09	0.0524391
2.22809e-09	0.052457
2.22822e-09	0.0524746
2.22835e-09	0.0524919
2.22848e-09	0.052509
2.2286e-09	0.0525257
2.22873e-09	0.0525422
2.22886e-09	0.0525584
2.22899e-09	0.0525744
2.22912e-09	0.05259
2.22925e-09	0.0526054
2.22937e-09	0.0526205
2.2295e-09	0.0526354
2.22963e-09	0.0526499
2.22976e-09	0.0526642
2.22989e-09	0.0526782
2.23002e-09	0.052692
2.23014e-09	0.0527055
2.23027e-09	0.0527187
2.2304e-09	0.0527316
2.23053e-09	0.0527443
2.23066e-09	0.0527566
2.23079e-09	0.0527688
2.23091e-09	0.0527806
2.23104e-09	0.0527922
2.23117e-09	0.0528035
2.2313e-09	0.0528145
2.23143e-09	0.0528253
2.23156e-09	0.0528358
2.23169e-09	0.0528461
2.23181e-09	0.052856
2.23194e-09	0.0528657
2.23207e-09	0.0528752
2.2322e-09	0.0528844
2.23233e-09	0.0528933
2.23246e-09	0.0529019
2.23258e-09	0.0529103
2.23271e-09	0.0529184
2.23284e-09	0.0529263
2.23297e-09	0.0529338
2.2331e-09	0.0529412
2.23323e-09	0.0529482
2.23335e-09	0.052955
2.23348e-09	0.0529616
2.23361e-09	0.0529679
2.23374e-09	0.0529739
2.23387e-09	0.0529796
2.234e-09	0.0529851
2.23413e-09	0.0529904
2.23425e-09	0.0529954
2.23438e-09	0.0530001
2.23451e-09	0.0530046
2.23464e-09	0.0530088
2.23477e-09	0.0530127
2.2349e-09	0.0530164
2.23502e-09	0.0530198
2.23515e-09	0.053023
2.23528e-09	0.053026
2.23541e-09	0.0530286
2.23554e-09	0.053031
2.23567e-09	0.0530332
2.23579e-09	0.0530351
2.23592e-09	0.0530368
2.23605e-09	0.0530382
2.23618e-09	0.0530393
2.23631e-09	0.0530402
2.23644e-09	0.0530409
2.23657e-09	0.0530413
2.23669e-09	0.0530414
2.23682e-09	0.0530413
2.23695e-09	0.053041
2.23708e-09	0.0530404
2.23721e-09	0.0530395
2.23734e-09	0.0530384
2.23746e-09	0.0530371
2.23759e-09	0.0530355
2.23772e-09	0.0530336
2.23785e-09	0.0530315
2.23798e-09	0.0530292
2.23811e-09	0.0530266
2.23823e-09	0.0530238
2.23836e-09	0.0530207
2.23849e-09	0.0530174
2.23862e-09	0.0530139
2.23875e-09	0.05301
2.23888e-09	0.053006
2.239e-09	0.0530017
2.23913e-09	0.0529972
2.23926e-09	0.0529924
2.23939e-09	0.0529874
2.23952e-09	0.0529821
2.23965e-09	0.0529766
2.23978e-09	0.0529709
2.2399e-09	0.0529649
2.24003e-09	0.0529587
2.24016e-09	0.0529523
2.24029e-09	0.0529456
2.24042e-09	0.0529387
2.24055e-09	0.0529315
2.24067e-09	0.0529241
2.2408e-09	0.0529164
2.24093e-09	0.0529086
2.24106e-09	0.0529005
2.24119e-09	0.0528921
2.24132e-09	0.0528835
2.24144e-09	0.0528747
2.24157e-09	0.0528657
2.2417e-09	0.0528564
2.24183e-09	0.0528469
2.24196e-09	0.0528371
2.24209e-09	0.0528272
2.24222e-09	0.052817
2.24234e-09	0.0528065
2.24247e-09	0.0527959
2.2426e-09	0.052785
2.24273e-09	0.0527738
2.24286e-09	0.0527625
2.24299e-09	0.0527509
2.24311e-09	0.0527391
2.24324e-09	0.052727
2.24337e-09	0.0527148
2.2435e-09	0.0527023
2.24363e-09	0.0526896
2.24376e-09	0.0526766
2.24388e-09	0.0526634
2.24401e-09	0.05265
2.24414e-09	0.0526364
2.24427e-09	0.0526226
2.2444e-09	0.0526085
2.24453e-09	0.0525942
2.24466e-09	0.0525797
2.24478e-09	0.052565
2.24491e-09	0.05255
2.24504e-09	0.0525348
2.24517e-09	0.0525194
2.2453e-09	0.0525038
2.24543e-09	0.052488
2.24555e-09	0.0524719
2.24568e-09	0.0524556
2.24581e-09	0.0524391
2.24594e-09	0.0524224
2.24607e-09	0.0524055
2.2462e-09	0.0523884
2.24632e-09	0.052371
2.24645e-09	0.0523534
2.24658e-09	0.0523356
2.24671e-09	0.0523176
2.24684e-09	0.0522994
2.24697e-09	0.0522809
2.24709e-09	0.0522623
2.24722e-09	0.0522434
2.24735e-09	0.0522243
2.24748e-09	0.0522051
2.24761e-09	0.0521856
2.24774e-09	0.0521658
2.24787e-09	0.0521459
2.24799e-09	0.0521258
2.24812e-09	0.0521054
2.24825e-09	0.0520849
2.24838e-09	0.0520641
2.24851e-09	0.0520432
2.24864e-09	0.052022
2.24876e-09	0.0520006
2.24889e-09	0.051979
2.24902e-09	0.0519572
2.24915e-09	0.0519352
2.24928e-09	0.051913
2.24941e-09	0.0518906
2.24953e-09	0.0518679
2.24966e-09	0.0518451
2.24979e-09	0.0518221
2.24992e-09	0.0517989
2.25005e-09	0.0517754
2.25018e-09	0.0517518
2.25031e-09	0.051728
2.25043e-09	0.0517039
2.25056e-09	0.0516797
2.25069e-09	0.0516552
2.25082e-09	0.0516306
2.25095e-09	0.0516058
2.25108e-09	0.0515807
2.2512e-09	0.0515555
2.25133e-09	0.05153
2.25146e-09	0.0515044
2.25159e-09	0.0514786
2.25172e-09	0.0514526
2.25185e-09	0.0514263
2.25197e-09	0.0513999
2.2521e-09	0.0513733
2.25223e-09	0.0513465
2.25236e-09	0.0513195
2.25249e-09	0.0512923
2.25262e-09	0.0512649
2.25275e-09	0.0512373
2.25287e-09	0.0512096
2.253e-09	0.0511816
2.25313e-09	0.0511534
2.25326e-09	0.0511251
2.25339e-09	0.0510966
2.25352e-09	0.0510678
2.25364e-09	0.0510389
2.25377e-09	0.0510098
2.2539e-09	0.0509805
2.25403e-09	0.0509511
2.25416e-09	0.0509214
2.25429e-09	0.0508915
2.25441e-09	0.0508615
2.25454e-09	0.0508313
2.25467e-09	0.0508009
2.2548e-09	0.0507703
2.25493e-09	0.0507395
2.25506e-09	0.0507085
2.25518e-09	0.0506774
2.25531e-09	0.050646
2.25544e-09	0.0506145
2.25557e-09	0.0505828
2.2557e-09	0.0505509
2.25583e-09	0.0505189
2.25596e-09	0.0504866
2.25608e-09	0.0504542
2.25621e-09	0.0504216
2.25634e-09	0.0503889
2.25647e-09	0.0503559
2.2566e-09	0.0503228
2.25673e-09	0.0502894
2.25685e-09	0.050256
2.25698e-09	0.0502223
2.25711e-09	0.0501884
2.25724e-09	0.0501544
2.25737e-09	0.0501202
2.2575e-09	0.0500859
2.25762e-09	0.0500513
2.25775e-09	0.0500166
2.25788e-09	0.0499817
2.25801e-09	0.0499467
2.25814e-09	0.0499114
2.25827e-09	0.049876
2.2584e-09	0.0498404
2.25852e-09	0.0498047
2.25865e-09	0.0497688
2.25878e-09	0.0497327
2.25891e-09	0.0496964
2.25904e-09	0.04966
2.25917e-09	0.0496234
2.25929e-09	0.0495866
2.25942e-09	0.0495497
2.25955e-09	0.0495126
2.25968e-09	0.0494753
2.25981e-09	0.0494379
2.25994e-09	0.0494003
2.26006e-09	0.0493626
2.26019e-09	0.0493246
2.26032e-09	0.0492865
2.26045e-09	0.0492483
2.26058e-09	0.0492099
2.26071e-09	0.0491713
2.26084e-09	0.0491325
2.26096e-09	0.0490936
2.26109e-09	0.0490546
2.26122e-09	0.0490154
2.26135e-09	0.048976
2.26148e-09	0.0489364
2.26161e-09	0.0488967
2.26173e-09	0.0488569
2.26186e-09	0.0488168
2.26199e-09	0.0487767
2.26212e-09	0.0487363
2.26225e-09	0.0486958
2.26238e-09	0.0486552
2.2625e-09	0.0486144
2.26263e-09	0.0485734
2.26276e-09	0.0485323
2.26289e-09	0.048491
2.26302e-09	0.0484496
2.26315e-09	0.048408
2.26327e-09	0.0483663
2.2634e-09	0.0483244
2.26353e-09	0.0482824
2.26366e-09	0.0482402
2.26379e-09	0.0481979
2.26392e-09	0.0481554
2.26405e-09	0.0481127
2.26417e-09	0.0480699
2.2643e-09	0.048027
2.26443e-09	0.0479839
2.26456e-09	0.0479407
2.26469e-09	0.0478973
2.26482e-09	0.0478538
2.26494e-09	0.0478101
2.26507e-09	0.0477663
2.2652e-09	0.0477223
2.26533e-09	0.0476782
2.26546e-09	0.0476339
2.26559e-09	0.0475895
2.26571e-09	0.047545
2.26584e-09	0.0475003
2.26597e-09	0.0474555
2.2661e-09	0.0474105
2.26623e-09	0.0473654
2.26636e-09	0.0473201
2.26649e-09	0.0472747
2.26661e-09	0.0472292
2.26674e-09	0.0471835
2.26687e-09	0.0471377
2.267e-09	0.0470917
2.26713e-09	0.0470456
2.26726e-09	0.0469994
2.26738e-09	0.046953
2.26751e-09	0.0469065
2.26764e-09	0.0468599
2.26777e-09	0.0468131
2.2679e-09	0.0467662
2.26803e-09	0.0467191
2.26815e-09	0.046672
2.26828e-09	0.0466246
2.26841e-09	0.0465772
2.26854e-09	0.0465296
2.26867e-09	0.0464819
2.2688e-09	0.046434
2.26893e-09	0.0463861
2.26905e-09	0.0463379
2.26918e-09	0.0462897
2.26931e-09	0.0462413
2.26944e-09	0.0461928
2.26957e-09	0.0461442
2.2697e-09	0.0460954
2.26982e-09	0.0460465
2.26995e-09	0.0459975
2.27008e-09	0.0459484
2.27021e-09	0.0458991
2.27034e-09	0.0458497
2.27047e-09	0.0458002
2.27059e-09	0.0457505
2.27072e-09	0.0457007
2.27085e-09	0.0456508
2.27098e-09	0.0456008
2.27111e-09	0.0455507
2.27124e-09	0.0455004
2.27136e-09	0.04545
2.27149e-09	0.0453995
2.27162e-09	0.0453488
2.27175e-09	0.0452981
2.27188e-09	0.0452472
2.27201e-09	0.0451962
2.27214e-09	0.0451451
2.27226e-09	0.0450938
2.27239e-09	0.0450425
2.27252e-09	0.044991
2.27265e-09	0.0449394
2.27278e-09	0.0448877
2.27291e-09	0.0448358
2.27303e-09	0.0447839
2.27316e-09	0.0447318
2.27329e-09	0.0446797
2.27342e-09	0.0446274
2.27355e-09	0.0445749
2.27368e-09	0.0445224
2.2738e-09	0.0444698
2.27393e-09	0.044417
2.27406e-09	0.0443642
2.27419e-09	0.0443112
2.27432e-09	0.0442581
2.27445e-09	0.0442049
2.27458e-09	0.0441516
2.2747e-09	0.0440982
2.27483e-09	0.0440447
2.27496e-09	0.043991
2.27509e-09	0.0439373
2.27522e-09	0.0438834
2.27535e-09	0.0438294
2.27547e-09	0.0437754
2.2756e-09	0.0437212
2.27573e-09	0.0436669
2.27586e-09	0.0436125
2.27599e-09	0.043558
2.27612e-09	0.0435034
2.27624e-09	0.0434487
2.27637e-09	0.0433939
2.2765e-09	0.043339
2.27663e-09	0.043284
2.27676e-09	0.0432288
2.27689e-09	0.0431736
2.27702e-09	0.0431183
2.27714e-09	0.0430629
2.27727e-09	0.0430073
2.2774e-09	0.0429517
2.27753e-09	0.042896
2.27766e-09	0.0428401
2.27779e-09	0.0427842
2.27791e-09	0.0427282
2.27804e-09	0.042672
2.27817e-09	0.0426158
2.2783e-09	0.0425595
2.27843e-09	0.0425031
2.27856e-09	0.0424466
2.27868e-09	0.04239
2.27881e-09	0.0423332
2.27894e-09	0.0422764
2.27907e-09	0.0422195
2.2792e-09	0.0421626
2.27933e-09	0.0421055
2.27945e-09	0.0420483
2.27958e-09	0.041991
2.27971e-09	0.0419337
2.27984e-09	0.0418762
2.27997e-09	0.0418187
2.2801e-09	0.041761
2.28023e-09	0.0417033
2.28035e-09	0.0416455
2.28048e-09	0.0415876
2.28061e-09	0.0415296
2.28074e-09	0.0414715
2.28087e-09	0.0414133
2.281e-09	0.041355
2.28112e-09	0.0412967
2.28125e-09	0.0412383
2.28138e-09	0.0411797
2.28151e-09	0.0411211
2.28164e-09	0.0410624
2.28177e-09	0.0410037
2.28189e-09	0.0409448
2.28202e-09	0.0408858
2.28215e-09	0.0408268
2.28228e-09	0.0407677
2.28241e-09	0.0407085
2.28254e-09	0.0406492
2.28267e-09	0.0405899
2.28279e-09	0.0405304
2.28292e-09	0.0404709
2.28305e-09	0.0404113
2.28318e-09	0.0403516
2.28331e-09	0.0402918
2.28344e-09	0.040232
2.28356e-09	0.0401721
2.28369e-09	0.0401121
2.28382e-09	0.040052
2.28395e-09	0.0399918
2.28408e-09	0.0399316
2.28421e-09	0.0398713
2.28433e-09	0.0398109
2.28446e-09	0.0397504
2.28459e-09	0.0396899
2.28472e-09	0.0396293
2.28485e-09	0.0395686
2.28498e-09	0.0395078
2.28511e-09	0.039447
2.28523e-09	0.0393861
2.28536e-09	0.0393251
2.28549e-09	0.039264
2.28562e-09	0.0392029
2.28575e-09	0.0391417
2.28588e-09	0.0390804
2.286e-09	0.0390191
2.28613e-09	0.0389577
2.28626e-09	0.0388962
2.28639e-09	0.0388347
2.28652e-09	0.0387731
2.28665e-09	0.0387114
2.28677e-09	0.0386496
2.2869e-09	0.0385878
2.28703e-09	0.0385259
2.28716e-09	0.038464
2.28729e-09	0.038402
2.28742e-09	0.0383399
2.28754e-09	0.0382777
2.28767e-09	0.0382155
2.2878e-09	0.0381532
2.28793e-09	0.0380909
2.28806e-09	0.0380285
2.28819e-09	0.037966
2.28832e-09	0.0379035
2.28844e-09	0.0378409
2.28857e-09	0.0377782
2.2887e-09	0.0377155
2.28883e-09	0.0376527
2.28896e-09	0.0375899
2.28909e-09	0.037527
2.28921e-09	0.0374641
2.28934e-09	0.037401
2.28947e-09	0.037338
2.2896e-09	0.0372748
2.28973e-09	0.0372116
2.28986e-09	0.0371484
2.28998e-09	0.0370851
2.29011e-09	0.0370217
2.29024e-09	0.0369583
2.29037e-09	0.0368948
2.2905e-09	0.0368313
2.29063e-09	0.0367677
2.29076e-09	0.0367041
2.29088e-09	0.0366404
2.29101e-09	0.0365766
2.29114e-09	0.0365128
2.29127e-09	0.036449
2.2914e-09	0.0363851
2.29153e-09	0.0363211
2.29165e-09	0.0362571
2.29178e-09	0.036193
2.29191e-09	0.0361289
2.29204e-09	0.0360648
2.29217e-09	0.0360005
2.2923e-09	0.0359363
2.29242e-09	0.035872
2.29255e-09	0.0358076
2.29268e-09	0.0357432
2.29281e-09	0.0356787
2.29294e-09	0.0356142
2.29307e-09	0.0355497
2.2932e-09	0.0354851
2.29332e-09	0.0354205
2.29345e-09	0.0353558
2.29358e-09	0.035291
2.29371e-09	0.0352263
2.29384e-09	0.0351614
2.29397e-09	0.0350966
2.29409e-09	0.0350316
2.29422e-09	0.0349667
2.29435e-09	0.0349017
2.29448e-09	0.0348366
2.29461e-09	0.0347716
2.29474e-09	0.0347064
2.29486e-09	0.0346413
2.29499e-09	0.0345761
2.29512e-09	0.0345108
2.29525e-09	0.0344455
2.29538e-09	0.0343802
2.29551e-09	0.0343148
2.29563e-09	0.0342494
2.29576e-09	0.034184
2.29589e-09	0.0341185
2.29602e-09	0.034053
2.29615e-09	0.0339874
2.29628e-09	0.0339218
2.29641e-09	0.0338562
2.29653e-09	0.0337905
2.29666e-09	0.0337248
2.29679e-09	0.0336591
2.29692e-09	0.0335933
2.29705e-09	0.0335275
2.29718e-09	0.0334617
2.2973e-09	0.0333958
2.29743e-09	0.0333299
2.29756e-09	0.0332639
2.29769e-09	0.033198
2.29782e-09	0.033132
2.29795e-09	0.0330659
2.29807e-09	0.0329999
2.2982e-09	0.0329338
2.29833e-09	0.0328676
2.29846e-09	0.0328015
2.29859e-09	0.0327353
2.29872e-09	0.0326691
2.29885e-09	0.0326028
2.29897e-09	0.0325365
2.2991e-09	0.0324702
2.29923e-09	0.0324039
2.29936e-09	0.0323375
2.29949e-09	0.0322711
2.29962e-09	0.0322047
2.29974e-09	0.0321383
2.29987e-09	0.0320718
2.3e-09	0.0320053
2.30013e-09	0.0319388
2.30026e-09	0.0318722
2.30039e-09	0.0318057
2.30051e-09	0.0317391
2.30064e-09	0.0316725
2.30077e-09	0.0316058
2.3009e-09	0.0315392
2.30103e-09	0.0314725
2.30116e-09	0.0314058
2.30129e-09	0.031339
2.30141e-09	0.0312723
2.30154e-09	0.0312055
2.30167e-09	0.0311387
2.3018e-09	0.0310719
2.30193e-09	0.0310051
2.30206e-09	0.0309382
2.30218e-09	0.0308714
2.30231e-09	0.0308045
2.30244e-09	0.0307376
2.30257e-09	0.0306706
2.3027e-09	0.0306037
2.30283e-09	0.0305367
2.30295e-09	0.0304698
2.30308e-09	0.0304028
2.30321e-09	0.0303358
2.30334e-09	0.0302687
2.30347e-09	0.0302017
2.3036e-09	0.0301346
2.30372e-09	0.0300676
2.30385e-09	0.0300005
2.30398e-09	0.0299334
2.30411e-09	0.0298663
2.30424e-09	0.0297991
2.30437e-09	0.029732
2.3045e-09	0.0296648
2.30462e-09	0.0295977
2.30475e-09	0.0295305
2.30488e-09	0.0294633
2.30501e-09	0.0293961
2.30514e-09	0.0293289
2.30527e-09	0.0292617
2.30539e-09	0.0291944
2.30552e-09	0.0291272
2.30565e-09	0.0290599
2.30578e-09	0.0289927
2.30591e-09	0.0289254
2.30604e-09	0.0288581
2.30616e-09	0.0287909
2.30629e-09	0.0287236
2.30642e-09	0.0286563
2.30655e-09	0.028589
2.30668e-09	0.0285217
2.30681e-09	0.0284543
2.30694e-09	0.028387
2.30706e-09	0.0283197
2.30719e-09	0.0282524
2.30732e-09	0.028185
2.30745e-09	0.0281177
2.30758e-09	0.0280503
2.30771e-09	0.027983
2.30783e-09	0.0279156
2.30796e-09	0.0278483
2.30809e-09	0.0277809
2.30822e-09	0.0277135
2.30835e-09	0.0276462
2.30848e-09	0.0275788
2.3086e-09	0.0275114
2.30873e-09	0.0274441
2.30886e-09	0.0273767
2.30899e-09	0.0273093
2.30912e-09	0.027242
2.30925e-09	0.0271746
2.30938e-09	0.0271072
2.3095e-09	0.0270399
2.30963e-09	0.0269725
2.30976e-09	0.0269051
2.30989e-09	0.0268378
2.31002e-09	0.0267704
2.31015e-09	0.0267031
2.31027e-09	0.0266357
2.3104e-09	0.0265684
2.31053e-09	0.026501
2.31066e-09	0.0264337
2.31079e-09	0.0263663
2.31092e-09	0.026299
2.31104e-09	0.0262317
2.31117e-09	0.0261643
2.3113e-09	0.026097
2.31143e-09	0.0260297
2.31156e-09	0.0259624
2.31169e-09	0.0258951
2.31181e-09	0.0258278
2.31194e-09	0.0257605
2.31207e-09	0.0256933
2.3122e-09	0.025626
2.31233e-09	0.0255587
2.31246e-09	0.0254915
2.31259e-09	0.0254243
2.31271e-09	0.025357
2.31284e-09	0.0252898
2.31297e-09	0.0252226
2.3131e-09	0.0251554
2.31323e-09	0.0250882
2.31336e-09	0.025021
2.31348e-09	0.0249538
2.31361e-09	0.0248867
2.31374e-09	0.0248195
2.31387e-09	0.0247524
2.314e-09	0.0246853
2.31413e-09	0.0246182
2.31425e-09	0.0245511
2.31438e-09	0.024484
2.31451e-09	0.0244169
2.31464e-09	0.0243499
2.31477e-09	0.0242828
2.3149e-09	0.0242158
2.31503e-09	0.0241488
2.31515e-09	0.0240818
2.31528e-09	0.0240148
2.31541e-09	0.0239479
2.31554e-09	0.0238809
2.31567e-09	0.023814
2.3158e-09	0.0237471
2.31592e-09	0.0236802
2.31605e-09	0.0236133
2.31618e-09	0.0235465
2.31631e-09	0.0234796
2.31644e-09	0.0234128
2.31657e-09	0.023346
2.31669e-09	0.0232792
2.31682e-09	0.0232124
2.31695e-09	0.0231457
2.31708e-09	0.023079
2.31721e-09	0.0230123
2.31734e-09	0.0229456
2.31747e-09	0.0228789
2.31759e-09	0.0228123
2.31772e-09	0.0227456
2.31785e-09	0.022679
2.31798e-09	0.0226125
2.31811e-09	0.0225459
2.31824e-09	0.0224794
2.31836e-09	0.0224128
2.31849e-09	0.0223464
2.31862e-09	0.0222799
2.31875e-09	0.0222134
2.31888e-09	0.022147
2.31901e-09	0.0220806
2.31913e-09	0.0220143
2.31926e-09	0.0219479
2.31939e-09	0.0218816
2.31952e-09	0.0218153
2.31965e-09	0.021749
2.31978e-09	0.0216828
2.3199e-09	0.0216166
2.32003e-09	0.0215504
2.32016e-09	0.0214842
2.32029e-09	0.0214181
2.32042e-09	0.021352
2.32055e-09	0.0212859
2.32068e-09	0.0212199
2.3208e-09	0.0211538
2.32093e-09	0.0210878
2.32106e-09	0.0210219
2.32119e-09	0.0209559
2.32132e-09	0.02089
2.32145e-09	0.0208242
2.32157e-09	0.0207583
2.3217e-09	0.0206925
2.32183e-09	0.0206267
2.32196e-09	0.0205609
2.32209e-09	0.0204952
2.32222e-09	0.0204295
2.32234e-09	0.0203639
2.32247e-09	0.0202982
2.3226e-09	0.0202326
2.32273e-09	0.0201671
2.32286e-09	0.0201015
2.32299e-09	0.020036
2.32312e-09	0.0199706
2.32324e-09	0.0199051
2.32337e-09	0.0198397
2.3235e-09	0.0197744
2.32363e-09	0.019709
2.32376e-09	0.0196437
2.32389e-09	0.0195785
2.32401e-09	0.0195132
2.32414e-09	0.0194481
2.32427e-09	0.0193829
2.3244e-09	0.0193178
2.32453e-09	0.0192527
2.32466e-09	0.0191876
2.32478e-09	0.0191226
2.32491e-09	0.0190577
2.32504e-09	0.0189927
2.32517e-09	0.0189278
2.3253e-09	0.018863
2.32543e-09	0.0187981
2.32556e-09	0.0187334
2.32568e-09	0.0186686
2.32581e-09	0.0186039
2.32594e-09	0.0185392
2.32607e-09	0.0184746
2.3262e-09	0.01841
2.32633e-09	0.0183454
2.32645e-09	0.0182809
2.32658e-09	0.0182165
2.32671e-09	0.018152
2.32684e-09	0.0180876
2.32697e-09	0.0180233
2.3271e-09	0.017959
2.32722e-09	0.0178947
2.32735e-09	0.0178305
2.32748e-09	0.0177663
2.32761e-09	0.0177022
2.32774e-09	0.0176381
2.32787e-09	0.017574
2.32799e-09	0.01751
2.32812e-09	0.017446
2.32825e-09	0.0173821
2.32838e-09	0.0173182
2.32851e-09	0.0172544
2.32864e-09	0.0171906
2.32877e-09	0.0171268
2.32889e-09	0.0170631
2.32902e-09	0.0169995
2.32915e-09	0.0169358
2.32928e-09	0.0168723
2.32941e-09	0.0168087
2.32954e-09	0.0167453
2.32966e-09	0.0166818
2.32979e-09	0.0166184
2.32992e-09	0.0165551
2.33005e-09	0.0164918
2.33018e-09	0.0164286
2.33031e-09	0.0163653
2.33043e-09	0.0163022
2.33056e-09	0.0162391
2.33069e-09	0.016176
2.33082e-09	0.016113
2.33095e-09	0.0160501
2.33108e-09	0.0159871
2.33121e-09	0.0159243
2.33133e-09	0.0158615
2.33146e-09	0.0157987
2.33159e-09	0.015736
2.33172e-09	0.0156733
2.33185e-09	0.0156107
2.33198e-09	0.0155481
2.3321e-09	0.0154856
2.33223e-09	0.0154231
2.33236e-09	0.0153607
2.33249e-09	0.0152983
2.33262e-09	0.015236
2.33275e-09	0.0151738
2.33287e-09	0.0151116
2.333e-09	0.0150494
2.33313e-09	0.0149873
2.33326e-09	0.0149252
2.33339e-09	0.0148632
2.33352e-09	0.0148013
2.33365e-09	0.0147394
2.33377e-09	0.0146775
2.3339e-09	0.0146157
2.33403e-09	0.014554
2.33416e-09	0.0144923
2.33429e-09	0.0144307
2.33442e-09	0.0143691
2.33454e-09	0.0143076
2.33467e-09	0.0142461
2.3348e-09	0.0141847
2.33493e-09	0.0141233
2.33506e-09	0.014062
2.33519e-09	0.0140008
2.33531e-09	0.0139396
2.33544e-09	0.0138785
2.33557e-09	0.0138174
2.3357e-09	0.0137564
2.33583e-09	0.0136954
2.33596e-09	0.0136345
2.33608e-09	0.0135736
2.33621e-09	0.0135128
2.33634e-09	0.0134521
2.33647e-09	0.0133914
2.3366e-09	0.0133308
2.33673e-09	0.0132702
2.33686e-09	0.0132097
2.33698e-09	0.0131492
2.33711e-09	0.0130888
2.33724e-09	0.0130285
2.33737e-09	0.0129682
2.3375e-09	0.012908
2.33763e-09	0.0128479
2.33775e-09	0.0127878
2.33788e-09	0.0127277
2.33801e-09	0.0126677
2.33814e-09	0.0126078
2.33827e-09	0.012548
2.3384e-09	0.0124882
2.33852e-09	0.0124284
2.33865e-09	0.0123687
2.33878e-09	0.0123091
2.33891e-09	0.0122496
2.33904e-09	0.0121901
2.33917e-09	0.0121306
2.3393e-09	0.0120712
2.33942e-09	0.0120119
2.33955e-09	0.0119527
2.33968e-09	0.0118935
2.33981e-09	0.0118344
2.33994e-09	0.0117753
2.34007e-09	0.0117163
2.34019e-09	0.0116574
2.34032e-09	0.0115985
2.34045e-09	0.0115397
2.34058e-09	0.0114809
2.34071e-09	0.0114222
2.34084e-09	0.0113636
2.34096e-09	0.011305
2.34109e-09	0.0112466
2.34122e-09	0.0111881
2.34135e-09	0.0111298
2.34148e-09	0.0110715
2.34161e-09	0.0110132
2.34174e-09	0.010955
2.34186e-09	0.0108969
2.34199e-09	0.0108389
2.34212e-09	0.0107809
2.34225e-09	0.010723
2.34238e-09	0.0106652
2.34251e-09	0.0106074
2.34263e-09	0.0105497
2.34276e-09	0.010492
2.34289e-09	0.0104344
2.34302e-09	0.0103769
2.34315e-09	0.0103195
2.34328e-09	0.0102621
2.3434e-09	0.0102048
2.34353e-09	0.0101475
2.34366e-09	0.0100903
2.34379e-09	0.0100332
2.34392e-09	0.00997617
2.34405e-09	0.00991919
2.34417e-09	0.00986228
2.3443e-09	0.00980544
2.34443e-09	0.00974867
2.34456e-09	0.00969196
2.34469e-09	0.00963532
2.34482e-09	0.00957875
2.34495e-09	0.00952225
2.34507e-09	0.00946582
2.3452e-09	0.00940946
2.34533e-09	0.00935317
2.34546e-09	0.00929694
2.34559e-09	0.00924079
2.34572e-09	0.0091847
2.34584e-09	0.00912869
2.34597e-09	0.00907275
2.3461e-09	0.00901687
2.34623e-09	0.00896107
2.34636e-09	0.00890533
2.34649e-09	0.00884967
2.34661e-09	0.00879408
2.34674e-09	0.00873856
2.34687e-09	0.00868311
2.347e-09	0.00862773
2.34713e-09	0.00857242
2.34726e-09	0.00851718
2.34739e-09	0.00846202
2.34751e-09	0.00840692
2.34764e-09	0.0083519
2.34777e-09	0.00829695
2.3479e-09	0.00824208
2.34803e-09	0.00818727
2.34816e-09	0.00813254
2.34828e-09	0.00807788
2.34841e-09	0.00802329
2.34854e-09	0.00796877
2.34867e-09	0.00791433
2.3488e-09	0.00785996
2.34893e-09	0.00780567
2.34905e-09	0.00775145
2.34918e-09	0.0076973
2.34931e-09	0.00764322
2.34944e-09	0.00758922
2.34957e-09	0.00753529
2.3497e-09	0.00748144
2.34983e-09	0.00742766
2.34995e-09	0.00737396
2.35008e-09	0.00732032
2.35021e-09	0.00726677
2.35034e-09	0.00721329
2.35047e-09	0.00715988
2.3506e-09	0.00710655
2.35072e-09	0.00705329
2.35085e-09	0.00700011
2.35098e-09	0.006947
2.35111e-09	0.00689397
2.35124e-09	0.00684101
2.35137e-09	0.00678813
2.35149e-09	0.00673533
2.35162e-09	0.0066826
2.35175e-09	0.00662995
2.35188e-09	0.00657737
2.35201e-09	0.00652487
2.35214e-09	0.00647244
2.35226e-09	0.00642009
2.35239e-09	0.00636782
2.35252e-09	0.00631563
2.35265e-09	0.00626351
2.35278e-09	0.00621147
2.35291e-09	0.0061595
2.35304e-09	0.00610762
2.35316e-09	0.00605581
2.35329e-09	0.00600407
2.35342e-09	0.00595242
2.35355e-09	0.00590084
2.35368e-09	0.00584934
2.35381e-09	0.00579792
2.35393e-09	0.00574657
2.35406e-09	0.00569531
2.35419e-09	0.00564412
2.35432e-09	0.00559301
2.35445e-09	0.00554197
2.35458e-09	0.00549102
2.3547e-09	0.00544015
2.35483e-09	0.00538935
2.35496e-09	0.00533863
2.35509e-09	0.00528799
2.35522e-09	0.00523743
2.35535e-09	0.00518695
2.35548e-09	0.00513655
2.3556e-09	0.00508622
2.35573e-09	0.00503598
2.35586e-09	0.00498582
2.35599e-09	0.00493573
2.35612e-09	0.00488572
2.35625e-09	0.0048358
2.35637e-09	0.00478595
2.3565e-09	0.00473619
2.35663e-09	0.0046865
2.35676e-09	0.00463689
2.35689e-09	0.00458737
2.35702e-09	0.00453792
2.35714e-09	0.00448856
2.35727e-09	0.00443927
2.3574e-09	0.00439007
2.35753e-09	0.00434094
2.35766e-09	0.0042919
2.35779e-09	0.00424294
2.35792e-09	0.00419406
2.35804e-09	0.00414526
2.35817e-09	0.00409654
2.3583e-09	0.0040479
2.35843e-09	0.00399934
2.35856e-09	0.00395087
2.35869e-09	0.00390247
2.35881e-09	0.00385416
2.35894e-09	0.00380593
2.35907e-09	0.00375778
2.3592e-09	0.00370971
2.35933e-09	0.00366172
2.35946e-09	0.00361382
2.35958e-09	0.00356599
2.35971e-09	0.00351825
2.35984e-09	0.0034706
2.35997e-09	0.00342302
2.3601e-09	0.00337553
2.36023e-09	0.00332811
2.36035e-09	0.00328079
2.36048e-09	0.00323354
2.36061e-09	0.00318637
2.36074e-09	0.00313929
2.36087e-09	0.0030923
2.361e-09	0.00304538
2.36113e-09	0.00299855
2.36125e-09	0.0029518
2.36138e-09	0.00290513
2.36151e-09	0.00285855
2.36164e-09	0.00281205
2.36177e-09	0.00276563
2.3619e-09	0.00271929
2.36202e-09	0.00267304
2.36215e-09	0.00262688
2.36228e-09	0.00258079
2.36241e-09	0.00253479
2.36254e-09	0.00248888
2.36267e-09	0.00244304
2.36279e-09	0.00239729
2.36292e-09	0.00235163
2.36305e-09	0.00230605
2.36318e-09	0.00226055
2.36331e-09	0.00221514
2.36344e-09	0.00216981
2.36357e-09	0.00212456
2.36369e-09	0.0020794
2.36382e-09	0.00203432
2.36395e-09	0.00198933
2.36408e-09	0.00194442
2.36421e-09	0.0018996
2.36434e-09	0.00185486
2.36446e-09	0.00181021
2.36459e-09	0.00176564
2.36472e-09	0.00172115
2.36485e-09	0.00167675
2.36498e-09	0.00163244
2.36511e-09	0.00158821
2.36523e-09	0.00154406
2.36536e-09	0.0015
2.36549e-09	0.00145603
2.36562e-09	0.00141214
2.36575e-09	0.00136833
2.36588e-09	0.00132461
2.36601e-09	0.00128098
2.36613e-09	0.00123743
2.36626e-09	0.00119396
2.36639e-09	0.00115058
2.36652e-09	0.00110729
2.36665e-09	0.00106408
2.36678e-09	0.00102096
2.3669e-09	0.000977924
2.36703e-09	0.000934973
2.36716e-09	0.000892108
2.36729e-09	0.000849328
2.36742e-09	0.000806634
2.36755e-09	0.000764026
2.36767e-09	0.000721504
2.3678e-09	0.000679068
2.36793e-09	0.000636717
2.36806e-09	0.000594453
2.36819e-09	0.000552275
2.36832e-09	0.000510182
2.36844e-09	0.000468176
2.36857e-09	0.000426256
2.3687e-09	0.000384422
2.36883e-09	0.000342675
2.36896e-09	0.000301014
2.36909e-09	0.000259439
2.36922e-09	0.00021795
2.36934e-09	0.000176548
2.36947e-09	0.000135232
2.3696e-09	9.40027e-05
2.36973e-09	5.28599e-05
2.36986e-09	1.18036e-05
2.36999e-09	-2.91661e-05
2.37011e-09	-7.00492e-05
2.37024e-09	-0.000110846
2.37037e-09	-0.000151556
2.3705e-09	-0.000192179
2.37063e-09	-0.000232715
2.37076e-09	-0.000273165
2.37088e-09	-0.000313527
2.37101e-09	-0.000353803
2.37114e-09	-0.000393992
2.37127e-09	-0.000434095
2.3714e-09	-0.00047411
2.37153e-09	-0.000514038
2.37166e-09	-0.00055388
2.37178e-09	-0.000593634
2.37191e-09	-0.000633302
2.37204e-09	-0.000672882
2.37217e-09	-0.000712375
2.3723e-09	-0.000751781
2.37243e-09	-0.0007911
2.37255e-09	-0.000830332
2.37268e-09	-0.000869477
2.37281e-09	-0.000908534
2.37294e-09	-0.000947504
2.37307e-09	-0.000986387
2.3732e-09	-0.00102518
2.37332e-09	-0.00106389
2.37345e-09	-0.00110251
2.37358e-09	-0.00114105
2.37371e-09	-0.00117949
2.37384e-09	-0.00121785
2.37397e-09	-0.00125612
2.3741e-09	-0.00129431
2.37422e-09	-0.0013324
2.37435e-09	-0.00137041
2.37448e-09	-0.00140834
2.37461e-09	-0.00144617
2.37474e-09	-0.00148392
2.37487e-09	-0.00152158
2.37499e-09	-0.00155915
2.37512e-09	-0.00159663
2.37525e-09	-0.00163403
2.37538e-09	-0.00167134
2.37551e-09	-0.00170856
2.37564e-09	-0.0017457
2.37576e-09	-0.00178274
2.37589e-09	-0.0018197
2.37602e-09	-0.00185657
2.37615e-09	-0.00189336
2.37628e-09	-0.00193005
2.37641e-09	-0.00196666
2.37653e-09	-0.00200318
2.37666e-09	-0.00203962
2.37679e-09	-0.00207596
2.37692e-09	-0.00211222
2.37705e-09	-0.00214839
2.37718e-09	-0.00218447
2.37731e-09	-0.00222047
2.37743e-09	-0.00225637
2.37756e-09	-0.00229219
2.37769e-09	-0.00232792
2.37782e-09	-0.00236357
2.37795e-09	-0.00239912
2.37808e-09	-0.00243459
2.3782e-09	-0.00246997
2.37833e-09	-0.00250527
2.37846e-09	-0.00254047
2.37859e-09	-0.00257559
2.37872e-09	-0.00261062
2.37885e-09	-0.00264556
2.37897e-09	-0.00268042
2.3791e-09	-0.00271518
2.37923e-09	-0.00274986
2.37936e-09	-0.00278445
2.37949e-09	-0.00281896
2.37962e-09	-0.00285337
2.37975e-09	-0.0028877
2.37987e-09	-0.00292194
2.38e-09	-0.00295609
2.38013e-09	-0.00299016
2.38026e-09	-0.00302413
2.38039e-09	-0.00305802
2.38052e-09	-0.00309182
2.38064e-09	-0.00312554
2.38077e-09	-0.00315917
2.3809e-09	-0.0031927
2.38103e-09	-0.00322616
2.38116e-09	-0.00325952
2.38129e-09	-0.00329279
2.38141e-09	-0.00332598
2.38154e-09	-0.00335908
2.38167e-09	-0.0033921
2.3818e-09	-0.00342502
2.38193e-09	-0.00345786
2.38206e-09	-0.00349061
2.38219e-09	-0.00352327
2.38231e-09	-0.00355585
2.38244e-09	-0.00358833
2.38257e-09	-0.00362073
2.3827e-09	-0.00365305
2.38283e-09	-0.00368527
2.38296e-09	-0.00371741
2.38308e-09	-0.00374946
2.38321e-09	-0.00378142
2.38334e-09	-0.0038133
2.38347e-09	-0.00384508
2.3836e-09	-0.00387678
2.38373e-09	-0.0039084
2.38385e-09	-0.00393992
2.38398e-09	-0.00397136
2.38411e-09	-0.00400271
2.38424e-09	-0.00403397
2.38437e-09	-0.00406515
2.3845e-09	-0.00409624
2.38462e-09	-0.00412724
2.38475e-09	-0.00415816
2.38488e-09	-0.00418898
2.38501e-09	-0.00421972
2.38514e-09	-0.00425038
2.38527e-09	-0.00428094
2.3854e-09	-0.00431142
2.38552e-09	-0.00434181
2.38565e-09	-0.00437211
2.38578e-09	-0.00440233
2.38591e-09	-0.00443246
2.38604e-09	-0.0044625
2.38617e-09	-0.00449246
2.38629e-09	-0.00452233
2.38642e-09	-0.00455211
2.38655e-09	-0.00458181
2.38668e-09	-0.00461142
2.38681e-09	-0.00464094
2.38694e-09	-0.00467037
2.38706e-09	-0.00469972
2.38719e-09	-0.00472898
2.38732e-09	-0.00475816
2.38745e-09	-0.00478724
2.38758e-09	-0.00481624
2.38771e-09	-0.00484516
2.38784e-09	-0.00487399
2.38796e-09	-0.00490273
2.38809e-09	-0.00493138
2.38822e-09	-0.00495995
2.38835e-09	-0.00498843
2.38848e-09	-0.00501683
2.38861e-09	-0.00504514
2.38873e-09	-0.00507336
2.38886e-09	-0.00510149
2.38899e-09	-0.00512954
2.38912e-09	-0.00515751
2.38925e-09	-0.00518538
2.38938e-09	-0.00521317
2.3895e-09	-0.00524088
2.38963e-09	-0.0052685
2.38976e-09	-0.00529603
2.38989e-09	-0.00532348
2.39002e-09	-0.00535084
2.39015e-09	-0.00537811
2.39028e-09	-0.0054053
2.3904e-09	-0.0054324
2.39053e-09	-0.00545942
2.39066e-09	-0.00548635
2.39079e-09	-0.00551319
2.39092e-09	-0.00553995
2.39105e-09	-0.00556662
2.39117e-09	-0.00559321
2.3913e-09	-0.00561971
2.39143e-09	-0.00564613
2.39156e-09	-0.00567246
2.39169e-09	-0.00569871
2.39182e-09	-0.00572487
2.39194e-09	-0.00575094
2.39207e-09	-0.00577693
2.3922e-09	-0.00580283
2.39233e-09	-0.00582865
2.39246e-09	-0.00585438
2.39259e-09	-0.00588003
2.39271e-09	-0.00590559
2.39284e-09	-0.00593107
2.39297e-09	-0.00595646
2.3931e-09	-0.00598177
2.39323e-09	-0.00600699
2.39336e-09	-0.00603213
2.39349e-09	-0.00605718
2.39361e-09	-0.00608215
2.39374e-09	-0.00610703
2.39387e-09	-0.00613183
2.394e-09	-0.00615654
2.39413e-09	-0.00618117
2.39426e-09	-0.00620572
2.39438e-09	-0.00623018
2.39451e-09	-0.00625455
2.39464e-09	-0.00627884
2.39477e-09	-0.00630305
2.3949e-09	-0.00632717
2.39503e-09	-0.00635121
2.39515e-09	-0.00637516
2.39528e-09	-0.00639903
2.39541e-09	-0.00642282
2.39554e-09	-0.00644652
2.39567e-09	-0.00647013
2.3958e-09	-0.00649367
2.39593e-09	-0.00651711
2.39605e-09	-0.00654048
2.39618e-09	-0.00656376
2.39631e-09	-0.00658696
2.39644e-09	-0.00661007
2.39657e-09	-0.0066331
2.3967e-09	-0.00665605
2.39682e-09	-0.00667891
2.39695e-09	-0.00670169
2.39708e-09	-0.00672439
2.39721e-09	-0.006747
2.39734e-09	-0.00676953
2.39747e-09	-0.00679198
2.39759e-09	-0.00681434
2.39772e-09	-0.00683662
2.39785e-09	-0.00685881
2.39798e-09	-0.00688093
2.39811e-09	-0.00690296
2.39824e-09	-0.00692491
2.39837e-09	-0.00694677
2.39849e-09	-0.00696855
2.39862e-09	-0.00699025
2.39875e-09	-0.00701187
2.39888e-09	-0.0070334
2.39901e-09	-0.00705486
2.39914e-09	-0.00707623
2.39926e-09	-0.00709751
2.39939e-09	-0.00711872
2.39952e-09	-0.00713984
2.39965e-09	-0.00716088
2.39978e-09	-0.00718184
2.39991e-09	-0.00720271
2.40003e-09	-0.00722351
2.40016e-09	-0.00724422
2.40029e-09	-0.00726485
2.40042e-09	-0.0072854
2.40055e-09	-0.00730586
2.40068e-09	-0.00732625
2.4008e-09	-0.00734655
2.40093e-09	-0.00736677
2.40106e-09	-0.00738691
2.40119e-09	-0.00740697
2.40132e-09	-0.00742695
2.40145e-09	-0.00744684
2.40158e-09	-0.00746666
2.4017e-09	-0.00748639
2.40183e-09	-0.00750604
2.40196e-09	-0.00752561
2.40209e-09	-0.0075451
2.40222e-09	-0.00756451
2.40235e-09	-0.00758384
2.40247e-09	-0.00760309
2.4026e-09	-0.00762226
2.40273e-09	-0.00764134
2.40286e-09	-0.00766035
2.40299e-09	-0.00767928
2.40312e-09	-0.00769812
2.40324e-09	-0.00771689
2.40337e-09	-0.00773557
2.4035e-09	-0.00775417
2.40363e-09	-0.0077727
2.40376e-09	-0.00779114
2.40389e-09	-0.00780951
2.40402e-09	-0.00782779
2.40414e-09	-0.007846
2.40427e-09	-0.00786412
2.4044e-09	-0.00788217
2.40453e-09	-0.00790013
2.40466e-09	-0.00791802
2.40479e-09	-0.00793583
2.40491e-09	-0.00795355
2.40504e-09	-0.0079712
2.40517e-09	-0.00798877
2.4053e-09	-0.00800626
2.40543e-09	-0.00802367
2.40556e-09	-0.008041
2.40568e-09	-0.00805826
2.40581e-09	-0.00807543
2.40594e-09	-0.00809253
2.40607e-09	-0.00810954
2.4062e-09	-0.00812648
2.40633e-09	-0.00814334
2.40646e-09	-0.00816012
2.40658e-09	-0.00817683
2.40671e-09	-0.00819345
2.40684e-09	-0.00821
2.40697e-09	-0.00822646
2.4071e-09	-0.00824285
2.40723e-09	-0.00825917
2.40735e-09	-0.0082754
2.40748e-09	-0.00829156
2.40761e-09	-0.00830764
2.40774e-09	-0.00832364
2.40787e-09	-0.00833956
2.408e-09	-0.00835541
2.40812e-09	-0.00837118
2.40825e-09	-0.00838687
2.40838e-09	-0.00840248
2.40851e-09	-0.00841802
2.40864e-09	-0.00843348
2.40877e-09	-0.00844886
2.40889e-09	-0.00846417
2.40902e-09	-0.0084794
2.40915e-09	-0.00849455
2.40928e-09	-0.00850963
2.40941e-09	-0.00852463
2.40954e-09	-0.00853955
2.40967e-09	-0.0085544
2.40979e-09	-0.00856917
2.40992e-09	-0.00858386
2.41005e-09	-0.00859848
2.41018e-09	-0.00861302
2.41031e-09	-0.00862749
2.41044e-09	-0.00864188
2.41056e-09	-0.0086562
2.41069e-09	-0.00867044
2.41082e-09	-0.0086846
2.41095e-09	-0.00869869
2.41108e-09	-0.0087127
2.41121e-09	-0.00872664
2.41133e-09	-0.0087405
2.41146e-09	-0.00875428
2.41159e-09	-0.008768
2.41172e-09	-0.00878163
2.41185e-09	-0.00879519
2.41198e-09	-0.00880868
2.41211e-09	-0.00882209
2.41223e-09	-0.00883543
2.41236e-09	-0.00884869
2.41249e-09	-0.00886188
2.41262e-09	-0.008875
2.41275e-09	-0.00888804
2.41288e-09	-0.008901
2.413e-09	-0.00891389
2.41313e-09	-0.00892671
2.41326e-09	-0.00893946
2.41339e-09	-0.00895213
2.41352e-09	-0.00896472
2.41365e-09	-0.00897724
2.41377e-09	-0.00898969
2.4139e-09	-0.00900207
2.41403e-09	-0.00901437
2.41416e-09	-0.0090266
2.41429e-09	-0.00903876
2.41442e-09	-0.00905084
2.41455e-09	-0.00906285
2.41467e-09	-0.00907479
2.4148e-09	-0.00908665
2.41493e-09	-0.00909844
2.41506e-09	-0.00911016
2.41519e-09	-0.00912181
2.41532e-09	-0.00913338
2.41544e-09	-0.00914488
2.41557e-09	-0.00915631
2.4157e-09	-0.00916767
2.41583e-09	-0.00917896
2.41596e-09	-0.00919017
2.41609e-09	-0.00920131
2.41621e-09	-0.00921238
2.41634e-09	-0.00922338
2.41647e-09	-0.0092343
2.4166e-09	-0.00924516
2.41673e-09	-0.00925594
2.41686e-09	-0.00926665
2.41699e-09	-0.0092773
2.41711e-09	-0.00928787
2.41724e-09	-0.00929837
2.41737e-09	-0.00930879
2.4175e-09	-0.00931915
2.41763e-09	-0.00932944
2.41776e-09	-0.00933965
2.41788e-09	-0.0093498
2.41801e-09	-0.00935988
2.41814e-09	-0.00936988
2.41827e-09	-0.00937982
2.4184e-09	-0.00938968
2.41853e-09	-0.00939948
2.41865e-09	-0.0094092
2.41878e-09	-0.00941886
2.41891e-09	-0.00942844
2.41904e-09	-0.00943796
2.41917e-09	-0.0094474
2.4193e-09	-0.00945678
2.41942e-09	-0.00946609
2.41955e-09	-0.00947533
2.41968e-09	-0.0094845
2.41981e-09	-0.0094936
2.41994e-09	-0.00950263
2.42007e-09	-0.00951159
2.4202e-09	-0.00952049
2.42032e-09	-0.00952931
2.42045e-09	-0.00953807
2.42058e-09	-0.00954676
2.42071e-09	-0.00955538
2.42084e-09	-0.00956393
2.42097e-09	-0.00957241
2.42109e-09	-0.00958083
2.42122e-09	-0.00958918
2.42135e-09	-0.00959746
2.42148e-09	-0.00960567
2.42161e-09	-0.00961382
2.42174e-09	-0.00962189
2.42186e-09	-0.0096299
2.42199e-09	-0.00963785
2.42212e-09	-0.00964572
2.42225e-09	-0.00965353
2.42238e-09	-0.00966127
2.42251e-09	-0.00966895
2.42264e-09	-0.00967656
2.42276e-09	-0.0096841
2.42289e-09	-0.00969158
2.42302e-09	-0.00969898
2.42315e-09	-0.00970633
2.42328e-09	-0.0097136
2.42341e-09	-0.00972081
2.42353e-09	-0.00972796
2.42366e-09	-0.00973504
2.42379e-09	-0.00974205
2.42392e-09	-0.009749
2.42405e-09	-0.00975588
2.42418e-09	-0.00976269
2.4243e-09	-0.00976944
2.42443e-09	-0.00977613
2.42456e-09	-0.00978275
2.42469e-09	-0.0097893
2.42482e-09	-0.00979579
2.42495e-09	-0.00980222
2.42508e-09	-0.00980858
2.4252e-09	-0.00981488
2.42533e-09	-0.00982111
2.42546e-09	-0.00982727
2.42559e-09	-0.00983338
2.42572e-09	-0.00983942
2.42585e-09	-0.00984539
2.42597e-09	-0.0098513
2.4261e-09	-0.00985715
2.42623e-09	-0.00986293
2.42636e-09	-0.00986865
2.42649e-09	-0.00987431
2.42662e-09	-0.0098799
2.42674e-09	-0.00988543
2.42687e-09	-0.00989089
2.427e-09	-0.0098963
2.42713e-09	-0.00990163
2.42726e-09	-0.00990691
2.42739e-09	-0.00991212
2.42751e-09	-0.00991728
2.42764e-09	-0.00992236
2.42777e-09	-0.00992739
2.4279e-09	-0.00993236
2.42803e-09	-0.00993726
2.42816e-09	-0.0099421
2.42829e-09	-0.00994687
2.42841e-09	-0.00995159
2.42854e-09	-0.00995624
2.42867e-09	-0.00996083
2.4288e-09	-0.00996537
2.42893e-09	-0.00996983
2.42906e-09	-0.00997424
2.42918e-09	-0.00997859
2.42931e-09	-0.00998287
2.42944e-09	-0.0099871
2.42957e-09	-0.00999126
2.4297e-09	-0.00999536
2.42983e-09	-0.00999941
2.42995e-09	-0.0100034
2.43008e-09	-0.0100073
2.43021e-09	-0.0100112
2.43034e-09	-0.010015
2.43047e-09	-0.0100187
2.4306e-09	-0.0100224
2.43073e-09	-0.010026
2.43085e-09	-0.0100296
2.43098e-09	-0.0100331
2.43111e-09	-0.0100365
2.43124e-09	-0.0100399
2.43137e-09	-0.0100432
2.4315e-09	-0.0100465
2.43162e-09	-0.0100497
2.43175e-09	-0.0100528
2.43188e-09	-0.0100559
2.43201e-09	-0.0100589
2.43214e-09	-0.0100619
2.43227e-09	-0.0100648
2.43239e-09	-0.0100677
2.43252e-09	-0.0100705
2.43265e-09	-0.0100732
2.43278e-09	-0.0100759
2.43291e-09	-0.0100785
2.43304e-09	-0.0100811
2.43317e-09	-0.0100836
2.43329e-09	-0.010086
2.43342e-09	-0.0100884
2.43355e-09	-0.0100907
2.43368e-09	-0.010093
2.43381e-09	-0.0100952
2.43394e-09	-0.0100974
2.43406e-09	-0.0100995
2.43419e-09	-0.0101015
2.43432e-09	-0.0101035
2.43445e-09	-0.0101054
2.43458e-09	-0.0101073
2.43471e-09	-0.0101091
2.43483e-09	-0.0101109
2.43496e-09	-0.0101126
2.43509e-09	-0.0101142
2.43522e-09	-0.0101158
2.43535e-09	-0.0101174
2.43548e-09	-0.0101189
2.4356e-09	-0.0101203
2.43573e-09	-0.0101217
2.43586e-09	-0.010123
2.43599e-09	-0.0101242
2.43612e-09	-0.0101254
2.43625e-09	-0.0101266
2.43638e-09	-0.0101277
2.4365e-09	-0.0101287
2.43663e-09	-0.0101297
2.43676e-09	-0.0101306
2.43689e-09	-0.0101315
2.43702e-09	-0.0101323
2.43715e-09	-0.0101331
2.43727e-09	-0.0101338
2.4374e-09	-0.0101345
2.43753e-09	-0.0101351
2.43766e-09	-0.0101356
2.43779e-09	-0.0101361
2.43792e-09	-0.0101366
2.43804e-09	-0.010137
2.43817e-09	-0.0101373
2.4383e-09	-0.0101376
2.43843e-09	-0.0101378
2.43856e-09	-0.010138
2.43869e-09	-0.0101381
2.43882e-09	-0.0101382
2.43894e-09	-0.0101382
2.43907e-09	-0.0101382
2.4392e-09	-0.0101381
2.43933e-09	-0.010138
2.43946e-09	-0.0101378
2.43959e-09	-0.0101376
2.43971e-09	-0.0101373
2.43984e-09	-0.0101369
2.43997e-09	-0.0101365
2.4401e-09	-0.0101361
2.44023e-09	-0.0101356
2.44036e-09	-0.010135
2.44048e-09	-0.0101344
2.44061e-09	-0.0101338
2.44074e-09	-0.0101331
2.44087e-09	-0.0101323
2.441e-09	-0.0101315
2.44113e-09	-0.0101307
2.44126e-09	-0.0101298
2.44138e-09	-0.0101288
2.44151e-09	-0.0101278
2.44164e-09	-0.0101267
2.44177e-09	-0.0101256
2.4419e-09	-0.0101245
2.44203e-09	-0.0101233
2.44215e-09	-0.010122
2.44228e-09	-0.0101207
2.44241e-09	-0.0101193
2.44254e-09	-0.0101179
2.44267e-09	-0.0101165
2.4428e-09	-0.010115
2.44292e-09	-0.0101134
2.44305e-09	-0.0101118
2.44318e-09	-0.0101102
2.44331e-09	-0.0101085
2.44344e-09	-0.0101067
2.44357e-09	-0.0101049
2.44369e-09	-0.0101031
2.44382e-09	-0.0101012
2.44395e-09	-0.0100993
2.44408e-09	-0.0100973
2.44421e-09	-0.0100952
2.44434e-09	-0.0100931
2.44447e-09	-0.010091
2.44459e-09	-0.0100888
2.44472e-09	-0.0100866
2.44485e-09	-0.0100843
2.44498e-09	-0.010082
2.44511e-09	-0.0100796
2.44524e-09	-0.0100772
2.44536e-09	-0.0100748
2.44549e-09	-0.0100723
2.44562e-09	-0.0100697
2.44575e-09	-0.0100671
2.44588e-09	-0.0100645
2.44601e-09	-0.0100618
2.44613e-09	-0.010059
2.44626e-09	-0.0100562
2.44639e-09	-0.0100534
2.44652e-09	-0.0100505
2.44665e-09	-0.0100476
2.44678e-09	-0.0100446
2.44691e-09	-0.0100416
2.44703e-09	-0.0100386
2.44716e-09	-0.0100355
2.44729e-09	-0.0100323
2.44742e-09	-0.0100291
2.44755e-09	-0.0100259
2.44768e-09	-0.0100226
2.4478e-09	-0.0100193
2.44793e-09	-0.0100159
2.44806e-09	-0.0100125
2.44819e-09	-0.010009
2.44832e-09	-0.0100055
2.44845e-09	-0.010002
2.44857e-09	-0.00999836
2.4487e-09	-0.00999472
2.44883e-09	-0.00999104
2.44896e-09	-0.00998732
2.44909e-09	-0.00998355
2.44922e-09	-0.00997974
2.44935e-09	-0.00997588
2.44947e-09	-0.00997199
2.4496e-09	-0.00996805
2.44973e-09	-0.00996406
2.44986e-09	-0.00996004
2.44999e-09	-0.00995597
2.45012e-09	-0.00995186
2.45024e-09	-0.0099477
2.45037e-09	-0.00994351
2.4505e-09	-0.00993927
2.45063e-09	-0.00993499
2.45076e-09	-0.00993067
2.45089e-09	-0.0099263
2.45101e-09	-0.0099219
2.45114e-09	-0.00991745
2.45127e-09	-0.00991296
2.4514e-09	-0.00990843
2.45153e-09	-0.00990386
2.45166e-09	-0.00989925
2.45178e-09	-0.0098946
2.45191e-09	-0.0098899
2.45204e-09	-0.00988517
2.45217e-09	-0.00988039
2.4523e-09	-0.00987558
2.45243e-09	-0.00987072
2.45256e-09	-0.00986583
2.45268e-09	-0.00986089
2.45281e-09	-0.00985591
2.45294e-09	-0.0098509
2.45307e-09	-0.00984584
2.4532e-09	-0.00984075
2.45333e-09	-0.00983561
2.45345e-09	-0.00983044
2.45358e-09	-0.00982522
2.45371e-09	-0.00981997
2.45384e-09	-0.00981468
2.45397e-09	-0.00980935
2.4541e-09	-0.00980398
2.45422e-09	-0.00979857
2.45435e-09	-0.00979312
2.45448e-09	-0.00978763
2.45461e-09	-0.00978211
2.45474e-09	-0.00977654
2.45487e-09	-0.00977094
2.455e-09	-0.0097653
2.45512e-09	-0.00975963
2.45525e-09	-0.00975391
2.45538e-09	-0.00974816
2.45551e-09	-0.00974237
2.45564e-09	-0.00973654
2.45577e-09	-0.00973068
2.45589e-09	-0.00972477
2.45602e-09	-0.00971883
2.45615e-09	-0.00971286
2.45628e-09	-0.00970684
2.45641e-09	-0.00970079
2.45654e-09	-0.00969471
2.45666e-09	-0.00968858
2.45679e-09	-0.00968242
2.45692e-09	-0.00967623
2.45705e-09	-0.00966999
2.45718e-09	-0.00966372
2.45731e-09	-0.00965742
2.45744e-09	-0.00965108
2.45756e-09	-0.0096447
2.45769e-09	-0.00963829
2.45782e-09	-0.00963184
2.45795e-09	-0.00962536
2.45808e-09	-0.00961884
2.45821e-09	-0.00961229
2.45833e-09	-0.0096057
2.45846e-09	-0.00959907
2.45859e-09	-0.00959242
2.45872e-09	-0.00958572
2.45885e-09	-0.009579
2.45898e-09	-0.00957223
2.4591e-09	-0.00956544
2.45923e-09	-0.00955861
2.45936e-09	-0.00955174
2.45949e-09	-0.00954484
2.45962e-09	-0.00953791
2.45975e-09	-0.00953094
2.45987e-09	-0.00952394
2.46e-09	-0.00951691
2.46013e-09	-0.00950984
2.46026e-09	-0.00950274
2.46039e-09	-0.0094956
2.46052e-09	-0.00948843
2.46065e-09	-0.00948123
2.46077e-09	-0.009474
2.4609e-09	-0.00946673
2.46103e-09	-0.00945943
2.46116e-09	-0.0094521
2.46129e-09	-0.00944474
2.46142e-09	-0.00943734
2.46154e-09	-0.00942991
2.46167e-09	-0.00942245
2.4618e-09	-0.00941496
2.46193e-09	-0.00940743
2.46206e-09	-0.00939988
2.46219e-09	-0.00939229
2.46231e-09	-0.00938467
2.46244e-09	-0.00937702
2.46257e-09	-0.00936933
2.4627e-09	-0.00936162
2.46283e-09	-0.00935388
2.46296e-09	-0.0093461
2.46309e-09	-0.00933829
2.46321e-09	-0.00933045
2.46334e-09	-0.00932259
2.46347e-09	-0.00931469
2.4636e-09	-0.00930676
2.46373e-09	-0.0092988
2.46386e-09	-0.00929081
2.46398e-09	-0.00928279
2.46411e-09	-0.00927474
2.46424e-09	-0.00926666
2.46437e-09	-0.00925855
2.4645e-09	-0.00925041
2.46463e-09	-0.00924224
2.46475e-09	-0.00923404
2.46488e-09	-0.00922581
2.46501e-09	-0.00921755
2.46514e-09	-0.00920927
2.46527e-09	-0.00920095
2.4654e-09	-0.00919261
2.46553e-09	-0.00918423
2.46565e-09	-0.00917583
2.46578e-09	-0.0091674
2.46591e-09	-0.00915894
2.46604e-09	-0.00915046
2.46617e-09	-0.00914194
2.4663e-09	-0.0091334
2.46642e-09	-0.00912483
2.46655e-09	-0.00911623
2.46668e-09	-0.0091076
2.46681e-09	-0.00909895
2.46694e-09	-0.00909026
2.46707e-09	-0.00908155
2.46719e-09	-0.00907282
2.46732e-09	-0.00906405
2.46745e-09	-0.00905526
2.46758e-09	-0.00904644
2.46771e-09	-0.00903759
2.46784e-09	-0.00902872
2.46796e-09	-0.00901982
2.46809e-09	-0.0090109
2.46822e-09	-0.00900194
2.46835e-09	-0.00899296
2.46848e-09	-0.00898396
2.46861e-09	-0.00897493
2.46874e-09	-0.00896587
2.46886e-09	-0.00895679
2.46899e-09	-0.00894768
2.46912e-09	-0.00893854
2.46925e-09	-0.00892938
2.46938e-09	-0.0089202
2.46951e-09	-0.00891099
2.46963e-09	-0.00890175
2.46976e-09	-0.00889249
2.46989e-09	-0.0088832
2.47002e-09	-0.00887389
2.47015e-09	-0.00886455
2.47028e-09	-0.00885519
2.4704e-09	-0.0088458
2.47053e-09	-0.00883639
2.47066e-09	-0.00882696
2.47079e-09	-0.0088175
2.47092e-09	-0.00880801
2.47105e-09	-0.0087985
2.47118e-09	-0.00878897
2.4713e-09	-0.00877942
2.47143e-09	-0.00876984
2.47156e-09	-0.00876023
2.47169e-09	-0.00875061
2.47182e-09	-0.00874095
2.47195e-09	-0.00873128
2.47207e-09	-0.00872158
2.4722e-09	-0.00871186
2.47233e-09	-0.00870212
2.47246e-09	-0.00869235
2.47259e-09	-0.00868256
2.47272e-09	-0.00867275
2.47284e-09	-0.00866291
2.47297e-09	-0.00865306
2.4731e-09	-0.00864318
2.47323e-09	-0.00863327
2.47336e-09	-0.00862335
2.47349e-09	-0.0086134
2.47362e-09	-0.00860344
2.47374e-09	-0.00859344
2.47387e-09	-0.00858343
2.474e-09	-0.0085734
2.47413e-09	-0.00856334
2.47426e-09	-0.00855326
2.47439e-09	-0.00854317
2.47451e-09	-0.00853304
2.47464e-09	-0.0085229
2.47477e-09	-0.00851274
2.4749e-09	-0.00850256
2.47503e-09	-0.00849235
2.47516e-09	-0.00848213
2.47528e-09	-0.00847188
2.47541e-09	-0.00846162
2.47554e-09	-0.00845133
2.47567e-09	-0.00844102
2.4758e-09	-0.0084307
2.47593e-09	-0.00842035
2.47605e-09	-0.00840998
2.47618e-09	-0.00839959
2.47631e-09	-0.00838918
2.47644e-09	-0.00837876
2.47657e-09	-0.00836831
2.4767e-09	-0.00835784
2.47683e-09	-0.00834736
2.47695e-09	-0.00833685
2.47708e-09	-0.00832633
2.47721e-09	-0.00831578
2.47734e-09	-0.00830522
2.47747e-09	-0.00829464
2.4776e-09	-0.00828404
2.47772e-09	-0.00827342
2.47785e-09	-0.00826278
2.47798e-09	-0.00825212
2.47811e-09	-0.00824145
2.47824e-09	-0.00823075
2.47837e-09	-0.00822004
2.47849e-09	-0.00820931
2.47862e-09	-0.00819856
2.47875e-09	-0.0081878
2.47888e-09	-0.00817701
2.47901e-09	-0.00816621
2.47914e-09	-0.00815539
2.47927e-09	-0.00814456
2.47939e-09	-0.0081337
2.47952e-09	-0.00812283
2.47965e-09	-0.00811194
2.47978e-09	-0.00810103
2.47991e-09	-0.00809011
2.48004e-09	-0.00807917
2.48016e-09	-0.00806822
2.48029e-09	-0.00805724
2.48042e-09	-0.00804625
2.48055e-09	-0.00803524
2.48068e-09	-0.00802422
2.48081e-09	-0.00801318
2.48093e-09	-0.00800212
2.48106e-09	-0.00799105
2.48119e-09	-0.00797996
2.48132e-09	-0.00796886
2.48145e-09	-0.00795774
2.48158e-09	-0.0079466
2.48171e-09	-0.00793545
2.48183e-09	-0.00792428
2.48196e-09	-0.0079131
2.48209e-09	-0.0079019
2.48222e-09	-0.00789069
2.48235e-09	-0.00787946
2.48248e-09	-0.00786821
2.4826e-09	-0.00785695
2.48273e-09	-0.00784568
2.48286e-09	-0.00783439
2.48299e-09	-0.00782309
2.48312e-09	-0.00781177
2.48325e-09	-0.00780044
2.48337e-09	-0.00778909
2.4835e-09	-0.00777773
2.48363e-09	-0.00776635
2.48376e-09	-0.00775496
2.48389e-09	-0.00774356
2.48402e-09	-0.00773214
2.48414e-09	-0.00772071
2.48427e-09	-0.00770926
2.4844e-09	-0.0076978
2.48453e-09	-0.00768633
2.48466e-09	-0.00767484
2.48479e-09	-0.00766334
2.48492e-09	-0.00765183
2.48504e-09	-0.0076403
2.48517e-09	-0.00762876
2.4853e-09	-0.00761721
2.48543e-09	-0.00760564
2.48556e-09	-0.00759406
2.48569e-09	-0.00758247
2.48581e-09	-0.00757087
2.48594e-09	-0.00755925
2.48607e-09	-0.00754762
2.4862e-09	-0.00753598
2.48633e-09	-0.00752433
2.48646e-09	-0.00751266
2.48658e-09	-0.00750098
2.48671e-09	-0.00748929
2.48684e-09	-0.00747759
2.48697e-09	-0.00746587
2.4871e-09	-0.00745415
2.48723e-09	-0.00744241
2.48736e-09	-0.00743066
2.48748e-09	-0.0074189
2.48761e-09	-0.00740713
2.48774e-09	-0.00739535
2.48787e-09	-0.00738355
2.488e-09	-0.00737175
2.48813e-09	-0.00735993
2.48825e-09	-0.0073481
2.48838e-09	-0.00733626
2.48851e-09	-0.00732441
2.48864e-09	-0.00731255
2.48877e-09	-0.00730068
2.4889e-09	-0.0072888
2.48902e-09	-0.00727691
2.48915e-09	-0.00726501
2.48928e-09	-0.00725309
2.48941e-09	-0.00724117
2.48954e-09	-0.00722924
2.48967e-09	-0.0072173
2.4898e-09	-0.00720535
2.48992e-09	-0.00719338
2.49005e-09	-0.00718141
2.49018e-09	-0.00716943
2.49031e-09	-0.00715744
2.49044e-09	-0.00714544
2.49057e-09	-0.00713343
2.49069e-09	-0.00712141
2.49082e-09	-0.00710938
2.49095e-09	-0.00709734
2.49108e-09	-0.0070853
2.49121e-09	-0.00707324
2.49134e-09	-0.00706118
2.49146e-09	-0.00704911
2.49159e-09	-0.00703702
2.49172e-09	-0.00702493
2.49185e-09	-0.00701284
2.49198e-09	-0.00700073
2.49211e-09	-0.00698861
2.49223e-09	-0.00697649
2.49236e-09	-0.00696436
2.49249e-09	-0.00695222
2.49262e-09	-0.00694007
2.49275e-09	-0.00692792
2.49288e-09	-0.00691575
2.49301e-09	-0.00690358
2.49313e-09	-0.0068914
2.49326e-09	-0.00687922
2.49339e-09	-0.00686702
2.49352e-09	-0.00685482
2.49365e-09	-0.00684261
2.49378e-09	-0.0068304
2.4939e-09	-0.00681817
2.49403e-09	-0.00680594
2.49416e-09	-0.00679371
2.49429e-09	-0.00678146
2.49442e-09	-0.00676921
2.49455e-09	-0.00675695
2.49467e-09	-0.00674469
2.4948e-09	-0.00673242
2.49493e-09	-0.00672014
2.49506e-09	-0.00670786
2.49519e-09	-0.00669557
2.49532e-09	-0.00668327
2.49545e-09	-0.00667097
2.49557e-09	-0.00665866
2.4957e-09	-0.00664635
2.49583e-09	-0.00663403
2.49596e-09	-0.0066217
2.49609e-09	-0.00660937
2.49622e-09	-0.00659703
2.49634e-09	-0.00658469
2.49647e-09	-0.00657234
2.4966e-09	-0.00655999
2.49673e-09	-0.00654763
2.49686e-09	-0.00653526
2.49699e-09	-0.00652289
2.49711e-09	-0.00651052
2.49724e-09	-0.00649814
2.49737e-09	-0.00648575
2.4975e-09	-0.00647336
2.49763e-09	-0.00646097
2.49776e-09	-0.00644857
2.49789e-09	-0.00643617
2.49801e-09	-0.00642376
2.49814e-09	-0.00641134
2.49827e-09	-0.00639893
2.4984e-09	-0.00638651
2.49853e-09	-0.00637408
2.49866e-09	-0.00636165
2.49878e-09	-0.00634922
2.49891e-09	-0.00633678
2.49904e-09	-0.00632434
2.49917e-09	-0.00631189
2.4993e-09	-0.00629944
2.49943e-09	-0.00628699
2.49955e-09	-0.00627453
2.49968e-09	-0.00626207
2.49981e-09	-0.00624961
2.49994e-09	-0.00623714
2.50007e-09	-0.00622467
2.5002e-09	-0.00621219
2.50032e-09	-0.00619972
2.50045e-09	-0.00618724
2.50058e-09	-0.00617475
2.50071e-09	-0.00616227
2.50084e-09	-0.00614978
2.50097e-09	-0.00613728
2.5011e-09	-0.00612479
2.50122e-09	-0.00611229
2.50135e-09	-0.00609979
2.50148e-09	-0.00608729
2.50161e-09	-0.00607479
2.50174e-09	-0.00606228
2.50187e-09	-0.00604977
2.50199e-09	-0.00603726
2.50212e-09	-0.00602474
2.50225e-09	-0.00601223
2.50238e-09	-0.00599971
2.50251e-09	-0.00598719
2.50264e-09	-0.00597467
2.50276e-09	-0.00596215
2.50289e-09	-0.00594962
2.50302e-09	-0.0059371
2.50315e-09	-0.00592457
2.50328e-09	-0.00591204
2.50341e-09	-0.00589951
2.50354e-09	-0.00588698
2.50366e-09	-0.00587444
2.50379e-09	-0.00586191
2.50392e-09	-0.00584937
2.50405e-09	-0.00583684
2.50418e-09	-0.0058243
2.50431e-09	-0.00581176
2.50443e-09	-0.00579922
2.50456e-09	-0.00578668
2.50469e-09	-0.00577414
2.50482e-09	-0.0057616
2.50495e-09	-0.00574906
2.50508e-09	-0.00573651
2.5052e-09	-0.00572397
2.50533e-09	-0.00571143
2.50546e-09	-0.00569888
2.50559e-09	-0.00568634
2.50572e-09	-0.0056738
2.50585e-09	-0.00566125
2.50598e-09	-0.00564871
2.5061e-09	-0.00563616
2.50623e-09	-0.00562362
2.50636e-09	-0.00561108
2.50649e-09	-0.00559853
2.50662e-09	-0.00558599
2.50675e-09	-0.00557345
2.50687e-09	-0.00556091
2.507e-09	-0.00554837
2.50713e-09	-0.00553582
2.50726e-09	-0.00552328
2.50739e-09	-0.00551075
2.50752e-09	-0.00549821
2.50764e-09	-0.00548567
2.50777e-09	-0.00547313
2.5079e-09	-0.0054606
2.50803e-09	-0.00544806
2.50816e-09	-0.00543553
2.50829e-09	-0.005423
2.50841e-09	-0.00541047
2.50854e-09	-0.00539794
2.50867e-09	-0.00538541
2.5088e-09	-0.00537288
2.50893e-09	-0.00536036
2.50906e-09	-0.00534783
2.50919e-09	-0.00533531
2.50931e-09	-0.00532279
2.50944e-09	-0.00531028
2.50957e-09	-0.00529776
2.5097e-09	-0.00528524
2.50983e-09	-0.00527273
2.50996e-09	-0.00526022
2.51008e-09	-0.00524771
2.51021e-09	-0.00523521
2.51034e-09	-0.00522271
2.51047e-09	-0.0052102
2.5106e-09	-0.00519771
2.51073e-09	-0.00518521
2.51085e-09	-0.00517272
2.51098e-09	-0.00516022
2.51111e-09	-0.00514773
2.51124e-09	-0.00513525
2.51137e-09	-0.00512277
2.5115e-09	-0.00511029
2.51163e-09	-0.00509781
2.51175e-09	-0.00508533
2.51188e-09	-0.00507286
2.51201e-09	-0.00506039
2.51214e-09	-0.00504793
2.51227e-09	-0.00503547
2.5124e-09	-0.00502301
2.51252e-09	-0.00501055
2.51265e-09	-0.0049981
2.51278e-09	-0.00498565
2.51291e-09	-0.0049732
2.51304e-09	-0.00496076
2.51317e-09	-0.00494832
2.51329e-09	-0.00493589
2.51342e-09	-0.00492346
2.51355e-09	-0.00491103
2.51368e-09	-0.00489861
2.51381e-09	-0.00488619
2.51394e-09	-0.00487378
2.51407e-09	-0.00486136
2.51419e-09	-0.00484896
2.51432e-09	-0.00483656
2.51445e-09	-0.00482416
2.51458e-09	-0.00481176
2.51471e-09	-0.00479937
2.51484e-09	-0.00478699
2.51496e-09	-0.0047746
2.51509e-09	-0.00476223
2.51522e-09	-0.00474986
2.51535e-09	-0.00473749
2.51548e-09	-0.00472513
2.51561e-09	-0.00471277
2.51573e-09	-0.00470041
2.51586e-09	-0.00468807
2.51599e-09	-0.00467572
2.51612e-09	-0.00466338
2.51625e-09	-0.00465105
2.51638e-09	-0.00463872
2.5165e-09	-0.0046264
2.51663e-09	-0.00461408
2.51676e-09	-0.00460177
2.51689e-09	-0.00458946
2.51702e-09	-0.00457716
2.51715e-09	-0.00456486
2.51728e-09	-0.00455257
2.5174e-09	-0.00454028
2.51753e-09	-0.004528
2.51766e-09	-0.00451573
2.51779e-09	-0.00450346
2.51792e-09	-0.00449119
2.51805e-09	-0.00447894
2.51817e-09	-0.00446668
2.5183e-09	-0.00445444
2.51843e-09	-0.0044422
2.51856e-09	-0.00442996
2.51869e-09	-0.00441773
2.51882e-09	-0.00440551
2.51894e-09	-0.0043933
2.51907e-09	-0.00438109
2.5192e-09	-0.00436888
2.51933e-09	-0.00435669
2.51946e-09	-0.0043445
2.51959e-09	-0.00433231
2.51972e-09	-0.00432013
2.51984e-09	-0.00430796
2.51997e-09	-0.0042958
2.5201e-09	-0.00428364
2.52023e-09	-0.00427149
2.52036e-09	-0.00425934
2.52049e-09	-0.00424721
2.52061e-09	-0.00423508
2.52074e-09	-0.00422295
2.52087e-09	-0.00421083
2.521e-09	-0.00419872
2.52113e-09	-0.00418662
2.52126e-09	-0.00417452
2.52138e-09	-0.00416244
2.52151e-09	-0.00415035
2.52164e-09	-0.00413828
2.52177e-09	-0.00412621
2.5219e-09	-0.00411415
2.52203e-09	-0.0041021
2.52216e-09	-0.00409005
2.52228e-09	-0.00407802
2.52241e-09	-0.00406599
2.52254e-09	-0.00405396
2.52267e-09	-0.00404195
2.5228e-09	-0.00402994
2.52293e-09	-0.00401794
2.52305e-09	-0.00400595
2.52318e-09	-0.00399397
2.52331e-09	-0.00398199
2.52344e-09	-0.00397002
2.52357e-09	-0.00395806
2.5237e-09	-0.00394611
2.52382e-09	-0.00393416
2.52395e-09	-0.00392223
2.52408e-09	-0.0039103
2.52421e-09	-0.00389838
2.52434e-09	-0.00388647
2.52447e-09	-0.00387457
2.52459e-09	-0.00386267
2.52472e-09	-0.00385078
2.52485e-09	-0.00383891
2.52498e-09	-0.00382704
2.52511e-09	-0.00381517
2.52524e-09	-0.00380332
2.52537e-09	-0.00379148
2.52549e-09	-0.00377964
2.52562e-09	-0.00376782
2.52575e-09	-0.003756
2.52588e-09	-0.00374419
2.52601e-09	-0.00373239
2.52614e-09	-0.0037206
2.52626e-09	-0.00370881
2.52639e-09	-0.00369704
2.52652e-09	-0.00368527
2.52665e-09	-0.00367352
2.52678e-09	-0.00366177
2.52691e-09	-0.00365003
2.52703e-09	-0.00363831
2.52716e-09	-0.00362659
2.52729e-09	-0.00361488
2.52742e-09	-0.00360318
2.52755e-09	-0.00359149
2.52768e-09	-0.0035798
2.52781e-09	-0.00356813
2.52793e-09	-0.00355647
2.52806e-09	-0.00354482
2.52819e-09	-0.00353317
2.52832e-09	-0.00352154
2.52845e-09	-0.00350991
2.52858e-09	-0.0034983
2.5287e-09	-0.00348669
2.52883e-09	-0.0034751
2.52896e-09	-0.00346351
2.52909e-09	-0.00345194
2.52922e-09	-0.00344037
2.52935e-09	-0.00342881
2.52947e-09	-0.00341727
2.5296e-09	-0.00340573
2.52973e-09	-0.0033942
2.52986e-09	-0.00338269
2.52999e-09	-0.00337118
2.53012e-09	-0.00335969
2.53025e-09	-0.0033482
2.53037e-09	-0.00333673
2.5305e-09	-0.00332526
2.53063e-09	-0.00331381
2.53076e-09	-0.00330236
2.53089e-09	-0.00329093
2.53102e-09	-0.0032795
2.53114e-09	-0.00326809
2.53127e-09	-0.00325669
2.5314e-09	-0.0032453
2.53153e-09	-0.00323392
2.53166e-09	-0.00322255
2.53179e-09	-0.00321118
2.53191e-09	-0.00319984
2.53204e-09	-0.0031885
2.53217e-09	-0.00317717
2.5323e-09	-0.00316585
2.53243e-09	-0.00315455
2.53256e-09	-0.00314325
2.53268e-09	-0.00313197
2.53281e-09	-0.00312069
2.53294e-09	-0.00310943
2.53307e-09	-0.00309818
2.5332e-09	-0.00308694
2.53333e-09	-0.00307571
2.53346e-09	-0.00306449
2.53358e-09	-0.00305328
2.53371e-09	-0.00304209
2.53384e-09	-0.0030309
2.53397e-09	-0.00301973
2.5341e-09	-0.00300857
2.53423e-09	-0.00299742
2.53435e-09	-0.00298628
2.53448e-09	-0.00297515
2.53461e-09	-0.00296403
2.53474e-09	-0.00295293
2.53487e-09	-0.00294183
2.535e-09	-0.00293075
2.53512e-09	-0.00291968
2.53525e-09	-0.00290862
2.53538e-09	-0.00289758
2.53551e-09	-0.00288654
2.53564e-09	-0.00287552
2.53577e-09	-0.0028645
2.5359e-09	-0.0028535
2.53602e-09	-0.00284252
2.53615e-09	-0.00283154
2.53628e-09	-0.00282058
2.53641e-09	-0.00280962
2.53654e-09	-0.00279868
2.53667e-09	-0.00278775
2.53679e-09	-0.00277684
2.53692e-09	-0.00276593
2.53705e-09	-0.00275504
2.53718e-09	-0.00274416
2.53731e-09	-0.00273329
2.53744e-09	-0.00272243
2.53756e-09	-0.00271159
2.53769e-09	-0.00270076
2.53782e-09	-0.00268994
2.53795e-09	-0.00267913
2.53808e-09	-0.00266834
2.53821e-09	-0.00265755
2.53834e-09	-0.00264678
2.53846e-09	-0.00263602
2.53859e-09	-0.00262528
2.53872e-09	-0.00261455
2.53885e-09	-0.00260383
2.53898e-09	-0.00259312
2.53911e-09	-0.00258242
2.53923e-09	-0.00257174
2.53936e-09	-0.00256107
2.53949e-09	-0.00255041
2.53962e-09	-0.00253977
2.53975e-09	-0.00252913
2.53988e-09	-0.00251852
2.54e-09	-0.00250791
2.54013e-09	-0.00249731
2.54026e-09	-0.00248673
2.54039e-09	-0.00247617
2.54052e-09	-0.00246561
2.54065e-09	-0.00245507
2.54077e-09	-0.00244454
2.5409e-09	-0.00243402
2.54103e-09	-0.00242352
2.54116e-09	-0.00241303
2.54129e-09	-0.00240255
2.54142e-09	-0.00239208
2.54155e-09	-0.00238163
2.54167e-09	-0.00237119
2.5418e-09	-0.00236077
2.54193e-09	-0.00235036
2.54206e-09	-0.00233996
2.54219e-09	-0.00232957
2.54232e-09	-0.0023192
2.54244e-09	-0.00230884
2.54257e-09	-0.00229849
2.5427e-09	-0.00228816
2.54283e-09	-0.00227784
2.54296e-09	-0.00226754
2.54309e-09	-0.00225724
2.54321e-09	-0.00224697
2.54334e-09	-0.0022367
2.54347e-09	-0.00222645
2.5436e-09	-0.00221621
2.54373e-09	-0.00220598
2.54386e-09	-0.00219577
2.54399e-09	-0.00218557
2.54411e-09	-0.00217539
2.54424e-09	-0.00216522
2.54437e-09	-0.00215506
2.5445e-09	-0.00214492
2.54463e-09	-0.00213479
2.54476e-09	-0.00212467
2.54488e-09	-0.00211457
2.54501e-09	-0.00210448
2.54514e-09	-0.00209441
2.54527e-09	-0.00208434
2.5454e-09	-0.0020743
2.54553e-09	-0.00206426
2.54565e-09	-0.00205424
2.54578e-09	-0.00204424
2.54591e-09	-0.00203425
2.54604e-09	-0.00202427
2.54617e-09	-0.0020143
2.5463e-09	-0.00200435
2.54643e-09	-0.00199442
2.54655e-09	-0.0019845
2.54668e-09	-0.00197459
2.54681e-09	-0.00196469
2.54694e-09	-0.00195481
2.54707e-09	-0.00194495
2.5472e-09	-0.0019351
2.54732e-09	-0.00192526
2.54745e-09	-0.00191544
2.54758e-09	-0.00190563
2.54771e-09	-0.00189583
2.54784e-09	-0.00188605
2.54797e-09	-0.00187628
2.54809e-09	-0.00186653
2.54822e-09	-0.00185679
2.54835e-09	-0.00184707
2.54848e-09	-0.00183736
2.54861e-09	-0.00182767
2.54874e-09	-0.00181799
2.54886e-09	-0.00180832
2.54899e-09	-0.00179867
2.54912e-09	-0.00178903
2.54925e-09	-0.00177941
2.54938e-09	-0.0017698
2.54951e-09	-0.0017602
2.54964e-09	-0.00175062
2.54976e-09	-0.00174106
2.54989e-09	-0.00173151
2.55002e-09	-0.00172197
2.55015e-09	-0.00171245
2.55028e-09	-0.00170294
2.55041e-09	-0.00169345
2.55053e-09	-0.00168397
2.55066e-09	-0.00167451
2.55079e-09	-0.00166506
2.55092e-09	-0.00165563
2.55105e-09	-0.00164621
2.55118e-09	-0.00163681
2.5513e-09	-0.00162742
2.55143e-09	-0.00161804
2.55156e-09	-0.00160868
2.55169e-09	-0.00159934
2.55182e-09	-0.00159
2.55195e-09	-0.00158069
2.55208e-09	-0.00157139
2.5522e-09	-0.0015621
2.55233e-09	-0.00155283
2.55246e-09	-0.00154357
2.55259e-09	-0.00153433
2.55272e-09	-0.00152511
2.55285e-09	-0.00151589
2.55297e-09	-0.0015067
2.5531e-09	-0.00149751
2.55323e-09	-0.00148835
2.55336e-09	-0.0014792
2.55349e-09	-0.00147006
2.55362e-09	-0.00146094
2.55374e-09	-0.00145183
2.55387e-09	-0.00144274
2.554e-09	-0.00143366
2.55413e-09	-0.0014246
2.55426e-09	-0.00141555
2.55439e-09	-0.00140652
2.55452e-09	-0.0013975
2.55464e-09	-0.0013885
2.55477e-09	-0.00137951
2.5549e-09	-0.00137054
2.55503e-09	-0.00136159
2.55516e-09	-0.00135264
2.55529e-09	-0.00134372
2.55541e-09	-0.00133481
2.55554e-09	-0.00132591
2.55567e-09	-0.00131703
2.5558e-09	-0.00130817
2.55593e-09	-0.00129932
2.55606e-09	-0.00129048
2.55618e-09	-0.00128166
2.55631e-09	-0.00127286
2.55644e-09	-0.00126407
2.55657e-09	-0.0012553
2.5567e-09	-0.00124654
2.55683e-09	-0.00123779
2.55695e-09	-0.00122907
2.55708e-09	-0.00122035
2.55721e-09	-0.00121166
2.55734e-09	-0.00120298
2.55747e-09	-0.00119431
2.5576e-09	-0.00118566
2.55773e-09	-0.00117702
2.55785e-09	-0.0011684
2.55798e-09	-0.0011598
2.55811e-09	-0.00115121
2.55824e-09	-0.00114264
2.55837e-09	-0.00113408
2.5585e-09	-0.00112553
2.55862e-09	-0.00111701
2.55875e-09	-0.00110849
2.55888e-09	-0.0011
2.55901e-09	-0.00109152
2.55914e-09	-0.00108305
2.55927e-09	-0.0010746
2.55939e-09	-0.00106617
2.55952e-09	-0.00105775
2.55965e-09	-0.00104934
2.55978e-09	-0.00104096
2.55991e-09	-0.00103258
2.56004e-09	-0.00102423
2.56017e-09	-0.00101589
2.56029e-09	-0.00100756
2.56042e-09	-0.00099925
2.56055e-09	-0.000990955
2.56068e-09	-0.000982677
2.56081e-09	-0.000974413
2.56094e-09	-0.000966166
2.56106e-09	-0.000957934
2.56119e-09	-0.000949717
2.56132e-09	-0.000941516
2.56145e-09	-0.000933331
2.56158e-09	-0.000925162
2.56171e-09	-0.000917008
2.56183e-09	-0.00090887
2.56196e-09	-0.000900748
2.56209e-09	-0.000892641
2.56222e-09	-0.00088455
2.56235e-09	-0.000876475
2.56248e-09	-0.000868415
2.56261e-09	-0.000860371
2.56273e-09	-0.000852343
2.56286e-09	-0.00084433
2.56299e-09	-0.000836334
2.56312e-09	-0.000828353
2.56325e-09	-0.000820387
2.56338e-09	-0.000812438
2.5635e-09	-0.000804504
2.56363e-09	-0.000796586
2.56376e-09	-0.000788684
2.56389e-09	-0.000780797
2.56402e-09	-0.000772927
2.56415e-09	-0.000765072
2.56427e-09	-0.000757233
2.5644e-09	-0.000749409
2.56453e-09	-0.000741602
2.56466e-09	-0.00073381
2.56479e-09	-0.000726034
2.56492e-09	-0.000718274
2.56504e-09	-0.00071053
2.56517e-09	-0.000702801
2.5653e-09	-0.000695089
2.56543e-09	-0.000687392
2.56556e-09	-0.000679711
2.56569e-09	-0.000672046
2.56582e-09	-0.000664396
2.56594e-09	-0.000656763
2.56607e-09	-0.000649145
2.5662e-09	-0.000641543
2.56633e-09	-0.000633958
2.56646e-09	-0.000626387
2.56659e-09	-0.000618833
2.56671e-09	-0.000611295
2.56684e-09	-0.000603772
2.56697e-09	-0.000596266
2.5671e-09	-0.000588775
2.56723e-09	-0.0005813
2.56736e-09	-0.000573841
2.56748e-09	-0.000566398
2.56761e-09	-0.000558971
2.56774e-09	-0.00055156
2.56787e-09	-0.000544164
2.568e-09	-0.000536785
2.56813e-09	-0.000529421
2.56826e-09	-0.000522073
2.56838e-09	-0.000514741
2.56851e-09	-0.000507425
2.56864e-09	-0.000500125
2.56877e-09	-0.000492841
2.5689e-09	-0.000485573
2.56903e-09	-0.00047832
2.56915e-09	-0.000471084
2.56928e-09	-0.000463863
2.56941e-09	-0.000456659
2.56954e-09	-0.00044947
2.56967e-09	-0.000442297
2.5698e-09	-0.00043514
2.56992e-09	-0.000427999
2.57005e-09	-0.000420874
2.57018e-09	-0.000413765
2.57031e-09	-0.000406672
2.57044e-09	-0.000399594
2.57057e-09	-0.000392533
2.5707e-09	-0.000385488
2.57082e-09	-0.000378458
2.57095e-09	-0.000371444
2.57108e-09	-0.000364446
2.57121e-09	-0.000357465
2.57134e-09	-0.000350499
2.57147e-09	-0.000343549
2.57159e-09	-0.000336614
2.57172e-09	-0.000329696
2.57185e-09	-0.000322794
2.57198e-09	-0.000315908
2.57211e-09	-0.000309037
2.57224e-09	-0.000302183
2.57236e-09	-0.000295344
2.57249e-09	-0.000288521
2.57262e-09	-0.000281714
2.57275e-09	-0.000274923
2.57288e-09	-0.000268148
2.57301e-09	-0.000261389
2.57313e-09	-0.000254646
2.57326e-09	-0.000247919
2.57339e-09	-0.000241207
2.57352e-09	-0.000234512
2.57365e-09	-0.000227832
2.57378e-09	-0.000221168
2.57391e-09	-0.00021452
2.57403e-09	-0.000207888
2.57416e-09	-0.000201272
2.57429e-09	-0.000194672
2.57442e-09	-0.000188088
2.57455e-09	-0.000181519
2.57468e-09	-0.000174967
2.5748e-09	-0.00016843
2.57493e-09	-0.000161909
2.57506e-09	-0.000155404
2.57519e-09	-0.000148915
2.57532e-09	-0.000142442
2.57545e-09	-0.000135984
2.57557e-09	-0.000129543
2.5757e-09	-0.000123117
2.57583e-09	-0.000116707
2.57596e-09	-0.000110313
2.57609e-09	-0.000103935
2.57622e-09	-9.7573e-05
2.57635e-09	-9.12266e-05
2.57647e-09	-8.48959e-05
2.5766e-09	-7.85811e-05
2.57673e-09	-7.22821e-05
2.57686e-09	-6.5999e-05
2.57699e-09	-5.97316e-05
2.57712e-09	-5.34801e-05
2.57724e-09	-4.72443e-05
2.57737e-09	-4.10244e-05
2.5775e-09	-3.48203e-05
2.57763e-09	-2.86319e-05
2.57776e-09	-2.24594e-05
2.57789e-09	-1.63026e-05
2.57801e-09	-1.01616e-05
2.57814e-09	-4.03638e-06
2.57827e-09	2.07307e-06
2.5784e-09	8.16675e-06
2.57853e-09	1.42447e-05
2.57866e-09	2.03069e-05
2.57879e-09	2.63533e-05
2.57891e-09	3.23839e-05
2.57904e-09	3.83989e-05
2.57917e-09	4.43981e-05
2.5793e-09	5.03816e-05
2.57943e-09	5.63493e-05
2.57956e-09	6.23014e-05
2.57968e-09	6.82377e-05
2.57981e-09	7.41583e-05
2.57994e-09	8.00632e-05
2.58007e-09	8.59525e-05
2.5802e-09	9.1826e-05
2.58033e-09	9.76839e-05
2.58045e-09	0.000103526
2.58058e-09	0.000109353
2.58071e-09	0.000115163
2.58084e-09	0.000120959
2.58097e-09	0.000126738
2.5811e-09	0.000132502
2.58122e-09	0.00013825
2.58135e-09	0.000143983
2.58148e-09	0.0001497
2.58161e-09	0.000155402
2.58174e-09	0.000161087
2.58187e-09	0.000166757
2.582e-09	0.000172412
2.58212e-09	0.000178051
2.58225e-09	0.000183675
2.58238e-09	0.000189282
2.58251e-09	0.000194875
2.58264e-09	0.000200451
2.58277e-09	0.000206013
2.58289e-09	0.000211558
2.58302e-09	0.000217088
2.58315e-09	0.000222603
2.58328e-09	0.000228102
2.58341e-09	0.000233586
2.58354e-09	0.000239054
2.58366e-09	0.000244506
2.58379e-09	0.000249943
2.58392e-09	0.000255365
2.58405e-09	0.000260771
2.58418e-09	0.000266162
2.58431e-09	0.000271537
2.58444e-09	0.000276897
2.58456e-09	0.000282241
2.58469e-09	0.00028757
2.58482e-09	0.000292883
2.58495e-09	0.000298182
2.58508e-09	0.000303464
2.58521e-09	0.000308731
2.58533e-09	0.000313983
2.58546e-09	0.00031922
2.58559e-09	0.000324441
2.58572e-09	0.000329647
2.58585e-09	0.000334837
2.58598e-09	0.000340012
2.5861e-09	0.000345172
2.58623e-09	0.000350317
2.58636e-09	0.000355446
2.58649e-09	0.00036056
2.58662e-09	0.000365658
2.58675e-09	0.000370741
2.58688e-09	0.000375809
2.587e-09	0.000380862
2.58713e-09	0.0003859
2.58726e-09	0.000390922
2.58739e-09	0.000395929
2.58752e-09	0.000400921
2.58765e-09	0.000405897
2.58777e-09	0.000410859
2.5879e-09	0.000415805
2.58803e-09	0.000420736
2.58816e-09	0.000425652
2.58829e-09	0.000430552
2.58842e-09	0.000435438
2.58854e-09	0.000440308
2.58867e-09	0.000445163
2.5888e-09	0.000450004
2.58893e-09	0.000454829
2.58906e-09	0.000459638
2.58919e-09	0.000464433
2.58931e-09	0.000469213
2.58944e-09	0.000473978
2.58957e-09	0.000478727
2.5897e-09	0.000483462
2.58983e-09	0.000488182
2.58996e-09	0.000492886
2.59009e-09	0.000497576
2.59021e-09	0.00050225
2.59034e-09	0.00050691
2.59047e-09	0.000511554
2.5906e-09	0.000516184
2.59073e-09	0.000520799
2.59086e-09	0.000525398
2.59098e-09	0.000529983
2.59111e-09	0.000534553
2.59124e-09	0.000539108
2.59137e-09	0.000543648
2.5915e-09	0.000548173
2.59163e-09	0.000552684
2.59175e-09	0.000557179
2.59188e-09	0.00056166
2.59201e-09	0.000566126
2.59214e-09	0.000570577
2.59227e-09	0.000575013
2.5924e-09	0.000579434
2.59253e-09	0.000583841
2.59265e-09	0.000588233
2.59278e-09	0.00059261
2.59291e-09	0.000596972
2.59304e-09	0.00060132
2.59317e-09	0.000605653
2.5933e-09	0.000609971
2.59342e-09	0.000614274
2.59355e-09	0.000618563
2.59368e-09	0.000622837
2.59381e-09	0.000627097
2.59394e-09	0.000631342
2.59407e-09	0.000635572
2.59419e-09	0.000639787
2.59432e-09	0.000643988
2.59445e-09	0.000648175
2.59458e-09	0.000652347
2.59471e-09	0.000656504
2.59484e-09	0.000660647
2.59497e-09	0.000664775
2.59509e-09	0.000668888
2.59522e-09	0.000672987
2.59535e-09	0.000677072
2.59548e-09	0.000681142
2.59561e-09	0.000685198
2.59574e-09	0.000689239
2.59586e-09	0.000693266
2.59599e-09	0.000697278
2.59612e-09	0.000701276
2.59625e-09	0.00070526
2.59638e-09	0.000709229
2.59651e-09	0.000713184
2.59663e-09	0.000717124
2.59676e-09	0.00072105
2.59689e-09	0.000724962
2.59702e-09	0.00072886
2.59715e-09	0.000732743
2.59728e-09	0.000736611
2.5974e-09	0.000740466
2.59753e-09	0.000744306
2.59766e-09	0.000748132
2.59779e-09	0.000751944
2.59792e-09	0.000755742
2.59805e-09	0.000759525
2.59818e-09	0.000763295
2.5983e-09	0.00076705
2.59843e-09	0.000770791
2.59856e-09	0.000774517
2.59869e-09	0.00077823
2.59882e-09	0.000781929
2.59895e-09	0.000785613
2.59907e-09	0.000789283
2.5992e-09	0.00079294
2.59933e-09	0.000796582
2.59946e-09	0.00080021
2.59959e-09	0.000803824
2.59972e-09	0.000807424
2.59984e-09	0.000811011
2.59997e-09	0.000814583
2.6001e-09	0.000818141
2.60023e-09	0.000821685
2.60036e-09	0.000825216
2.60049e-09	0.000828732
2.60062e-09	0.000832235
2.60074e-09	0.000835723
2.60087e-09	0.000839198
2.601e-09	0.000842659
2.60113e-09	0.000846106
2.60126e-09	0.00084954
2.60139e-09	0.000852959
2.60151e-09	0.000856365
2.60164e-09	0.000859757
2.60177e-09	0.000863135
2.6019e-09	0.000866499
2.60203e-09	0.00086985
2.60216e-09	0.000873187
2.60228e-09	0.00087651
2.60241e-09	0.00087982
2.60254e-09	0.000883116
2.60267e-09	0.000886398
2.6028e-09	0.000889667
2.60293e-09	0.000892922
2.60306e-09	0.000896164
2.60318e-09	0.000899391
2.60331e-09	0.000902606
2.60344e-09	0.000905807
2.60357e-09	0.000908994
2.6037e-09	0.000912168
2.60383e-09	0.000915328
2.60395e-09	0.000918475
2.60408e-09	0.000921608
2.60421e-09	0.000924728
2.60434e-09	0.000927834
2.60447e-09	0.000930927
2.6046e-09	0.000934007
2.60472e-09	0.000937073
2.60485e-09	0.000940126
2.60498e-09	0.000943165
2.60511e-09	0.000946191
2.60524e-09	0.000949204
2.60537e-09	0.000952204
2.60549e-09	0.00095519
2.60562e-09	0.000958163
2.60575e-09	0.000961123
2.60588e-09	0.000964069
2.60601e-09	0.000967003
2.60614e-09	0.000969923
2.60627e-09	0.00097283
2.60639e-09	0.000975724
2.60652e-09	0.000978604
2.60665e-09	0.000981472
2.60678e-09	0.000984326
2.60691e-09	0.000987167
2.60704e-09	0.000989996
2.60716e-09	0.000992811
2.60729e-09	0.000995613
2.60742e-09	0.000998402
2.60755e-09	0.00100118
2.60768e-09	0.00100394
2.60781e-09	0.00100669
2.60793e-09	0.00100943
2.60806e-09	0.00101215
2.60819e-09	0.00101486
2.60832e-09	0.00101756
2.60845e-09	0.00102025
2.60858e-09	0.00102292
2.60871e-09	0.00102558
2.60883e-09	0.00102823
2.60896e-09	0.00103086
2.60909e-09	0.00103348
2.60922e-09	0.00103609
2.60935e-09	0.00103869
2.60948e-09	0.00104127
2.6096e-09	0.00104384
2.60973e-09	0.0010464
2.60986e-09	0.00104894
2.60999e-09	0.00105148
2.61012e-09	0.001054
2.61025e-09	0.0010565
2.61037e-09	0.001059
2.6105e-09	0.00106148
2.61063e-09	0.00106395
2.61076e-09	0.00106641
2.61089e-09	0.00106885
2.61102e-09	0.00107128
2.61115e-09	0.0010737
2.61127e-09	0.00107611
2.6114e-09	0.0010785
2.61153e-09	0.00108088
2.61166e-09	0.00108325
2.61179e-09	0.00108561
2.61192e-09	0.00108796
2.61204e-09	0.00109029
2.61217e-09	0.00109261
2.6123e-09	0.00109492
2.61243e-09	0.00109721
2.61256e-09	0.00109949
2.61269e-09	0.00110176
2.61281e-09	0.00110402
2.61294e-09	0.00110627
2.61307e-09	0.0011085
2.6132e-09	0.00111072
2.61333e-09	0.00111293
2.61346e-09	0.00111513
2.61358e-09	0.00111732
2.61371e-09	0.00111949
2.61384e-09	0.00112165
2.61397e-09	0.0011238
2.6141e-09	0.00112594
2.61423e-09	0.00112806
2.61436e-09	0.00113017
2.61448e-09	0.00113227
2.61461e-09	0.00113436
2.61474e-09	0.00113644
2.61487e-09	0.0011385
2.615e-09	0.00114056
2.61513e-09	0.0011426
2.61525e-09	0.00114463
2.61538e-09	0.00114664
2.61551e-09	0.00114865
2.61564e-09	0.00115064
2.61577e-09	0.00115262
2.6159e-09	0.00115459
2.61602e-09	0.00115655
2.61615e-09	0.0011585
2.61628e-09	0.00116043
2.61641e-09	0.00116236
2.61654e-09	0.00116427
2.61667e-09	0.00116617
2.6168e-09	0.00116805
2.61692e-09	0.00116993
2.61705e-09	0.00117179
2.61718e-09	0.00117365
2.61731e-09	0.00117549
2.61744e-09	0.00117732
2.61757e-09	0.00117914
2.61769e-09	0.00118094
2.61782e-09	0.00118274
2.61795e-09	0.00118452
2.61808e-09	0.00118629
2.61821e-09	0.00118805
2.61834e-09	0.0011898
2.61846e-09	0.00119154
2.61859e-09	0.00119327
2.61872e-09	0.00119498
2.61885e-09	0.00119669
2.61898e-09	0.00119838
2.61911e-09	0.00120006
2.61924e-09	0.00120173
2.61936e-09	0.00120339
2.61949e-09	0.00120503
2.61962e-09	0.00120667
2.61975e-09	0.0012083
2.61988e-09	0.00120991
2.62001e-09	0.00121151
2.62013e-09	0.0012131
2.62026e-09	0.00121468
2.62039e-09	0.00121625
2.62052e-09	0.00121781
2.62065e-09	0.00121936
2.62078e-09	0.00122089
2.6209e-09	0.00122242
2.62103e-09	0.00122393
2.62116e-09	0.00122543
2.62129e-09	0.00122692
2.62142e-09	0.0012284
2.62155e-09	0.00122987
2.62167e-09	0.00123133
2.6218e-09	0.00123278
2.62193e-09	0.00123422
2.62206e-09	0.00123564
2.62219e-09	0.00123706
2.62232e-09	0.00123846
2.62245e-09	0.00123986
2.62257e-09	0.00124124
2.6227e-09	0.00124261
2.62283e-09	0.00124397
2.62296e-09	0.00124532
2.62309e-09	0.00124666
2.62322e-09	0.00124799
2.62334e-09	0.00124931
2.62347e-09	0.00125062
2.6236e-09	0.00125192
2.62373e-09	0.00125321
2.62386e-09	0.00125448
2.62399e-09	0.00125575
2.62411e-09	0.001257
2.62424e-09	0.00125825
2.62437e-09	0.00125948
2.6245e-09	0.0012607
2.62463e-09	0.00126192
2.62476e-09	0.00126312
2.62489e-09	0.00126431
2.62501e-09	0.00126549
2.62514e-09	0.00126667
2.62527e-09	0.00126783
2.6254e-09	0.00126898
2.62553e-09	0.00127012
2.62566e-09	0.00127125
2.62578e-09	0.00127237
2.62591e-09	0.00127348
2.62604e-09	0.00127458
2.62617e-09	0.00127567
2.6263e-09	0.00127675
2.62643e-09	0.00127782
2.62655e-09	0.00127887
2.62668e-09	0.00127992
2.62681e-09	0.00128096
2.62694e-09	0.00128199
2.62707e-09	0.00128301
2.6272e-09	0.00128402
2.62733e-09	0.00128502
2.62745e-09	0.001286
2.62758e-09	0.00128698
2.62771e-09	0.00128795
2.62784e-09	0.00128891
2.62797e-09	0.00128986
2.6281e-09	0.0012908
2.62822e-09	0.00129172
2.62835e-09	0.00129264
2.62848e-09	0.00129355
2.62861e-09	0.00129445
2.62874e-09	0.00129534
2.62887e-09	0.00129622
2.62899e-09	0.00129709
2.62912e-09	0.00129795
2.62925e-09	0.0012988
2.62938e-09	0.00129964
2.62951e-09	0.00130047
2.62964e-09	0.00130129
2.62976e-09	0.00130211
2.62989e-09	0.00130291
2.63002e-09	0.0013037
2.63015e-09	0.00130448
2.63028e-09	0.00130526
2.63041e-09	0.00130602
2.63054e-09	0.00130677
2.63066e-09	0.00130752
2.63079e-09	0.00130825
2.63092e-09	0.00130898
2.63105e-09	0.0013097
2.63118e-09	0.0013104
2.63131e-09	0.0013111
2.63143e-09	0.00131179
2.63156e-09	0.00131247
2.63169e-09	0.00131314
2.63182e-09	0.0013138
2.63195e-09	0.00131445
2.63208e-09	0.00131509
2.6322e-09	0.00131572
2.63233e-09	0.00131635
2.63246e-09	0.00131696
2.63259e-09	0.00131757
2.63272e-09	0.00131816
2.63285e-09	0.00131875
2.63298e-09	0.00131933
2.6331e-09	0.00131989
2.63323e-09	0.00132045
2.63336e-09	0.001321
2.63349e-09	0.00132154
2.63362e-09	0.00132208
2.63375e-09	0.0013226
2.63387e-09	0.00132311
2.634e-09	0.00132362
2.63413e-09	0.00132412
2.63426e-09	0.0013246
2.63439e-09	0.00132508
2.63452e-09	0.00132555
2.63464e-09	0.00132601
2.63477e-09	0.00132646
2.6349e-09	0.00132691
2.63503e-09	0.00132734
2.63516e-09	0.00132777
2.63529e-09	0.00132818
2.63542e-09	0.00132859
2.63554e-09	0.00132899
2.63567e-09	0.00132938
2.6358e-09	0.00132976
2.63593e-09	0.00133014
2.63606e-09	0.0013305
2.63619e-09	0.00133086
2.63631e-09	0.00133121
2.63644e-09	0.00133154
2.63657e-09	0.00133187
2.6367e-09	0.0013322
2.63683e-09	0.00133251
2.63696e-09	0.00133281
2.63708e-09	0.00133311
2.63721e-09	0.0013334
2.63734e-09	0.00133368
2.63747e-09	0.00133395
2.6376e-09	0.00133421
2.63773e-09	0.00133447
2.63785e-09	0.00133471
2.63798e-09	0.00133495
2.63811e-09	0.00133518
2.63824e-09	0.0013354
2.63837e-09	0.00133562
2.6385e-09	0.00133582
2.63863e-09	0.00133602
2.63875e-09	0.0013362
2.63888e-09	0.00133638
2.63901e-09	0.00133656
2.63914e-09	0.00133672
2.63927e-09	0.00133688
2.6394e-09	0.00133702
2.63952e-09	0.00133716
2.63965e-09	0.0013373
2.63978e-09	0.00133742
2.63991e-09	0.00133753
2.64004e-09	0.00133764
2.64017e-09	0.00133774
2.64029e-09	0.00133783
2.64042e-09	0.00133792
2.64055e-09	0.00133799
2.64068e-09	0.00133806
2.64081e-09	0.00133812
2.64094e-09	0.00133817
2.64107e-09	0.00133822
2.64119e-09	0.00133825
2.64132e-09	0.00133828
2.64145e-09	0.0013383
2.64158e-09	0.00133832
2.64171e-09	0.00133832
2.64184e-09	0.00133832
2.64196e-09	0.00133831
2.64209e-09	0.00133829
2.64222e-09	0.00133827
2.64235e-09	0.00133824
2.64248e-09	0.00133819
2.64261e-09	0.00133815
2.64273e-09	0.00133809
2.64286e-09	0.00133803
2.64299e-09	0.00133796
2.64312e-09	0.00133788
2.64325e-09	0.00133779
2.64338e-09	0.0013377
2.64351e-09	0.0013376
2.64363e-09	0.00133749
2.64376e-09	0.00133738
2.64389e-09	0.00133726
2.64402e-09	0.00133713
2.64415e-09	0.00133699
2.64428e-09	0.00133684
2.6444e-09	0.00133669
2.64453e-09	0.00133653
2.64466e-09	0.00133637
2.64479e-09	0.00133619
2.64492e-09	0.00133601
2.64505e-09	0.00133582
2.64517e-09	0.00133563
2.6453e-09	0.00133543
2.64543e-09	0.00133522
2.64556e-09	0.001335
2.64569e-09	0.00133478
2.64582e-09	0.00133455
2.64594e-09	0.00133431
2.64607e-09	0.00133406
2.6462e-09	0.00133381
2.64633e-09	0.00133355
2.64646e-09	0.00133329
2.64659e-09	0.00133301
2.64672e-09	0.00133273
2.64684e-09	0.00133245
2.64697e-09	0.00133215
2.6471e-09	0.00133185
2.64723e-09	0.00133155
2.64736e-09	0.00133123
2.64749e-09	0.00133091
2.64761e-09	0.00133058
2.64774e-09	0.00133025
2.64787e-09	0.00132991
2.648e-09	0.00132956
2.64813e-09	0.00132921
2.64826e-09	0.00132885
2.64838e-09	0.00132848
2.64851e-09	0.0013281
2.64864e-09	0.00132772
2.64877e-09	0.00132733
2.6489e-09	0.00132694
2.64903e-09	0.00132654
2.64916e-09	0.00132613
2.64928e-09	0.00132572
2.64941e-09	0.0013253
2.64954e-09	0.00132487
2.64967e-09	0.00132444
2.6498e-09	0.001324
2.64993e-09	0.00132355
2.65005e-09	0.0013231
2.65018e-09	0.00132264
2.65031e-09	0.00132217
2.65044e-09	0.0013217
2.65057e-09	0.00132122
2.6507e-09	0.00132074
2.65082e-09	0.00132025
2.65095e-09	0.00131975
2.65108e-09	0.00131925
2.65121e-09	0.00131874
2.65134e-09	0.00131822
2.65147e-09	0.0013177
2.6516e-09	0.00131717
2.65172e-09	0.00131664
2.65185e-09	0.00131609
2.65198e-09	0.00131555
2.65211e-09	0.001315
2.65224e-09	0.00131444
2.65237e-09	0.00131387
2.65249e-09	0.0013133
2.65262e-09	0.00131272
2.65275e-09	0.00131214
2.65288e-09	0.00131155
2.65301e-09	0.00131096
2.65314e-09	0.00131036
2.65326e-09	0.00130975
2.65339e-09	0.00130914
2.65352e-09	0.00130852
2.65365e-09	0.00130789
2.65378e-09	0.00130726
2.65391e-09	0.00130663
2.65403e-09	0.00130599
2.65416e-09	0.00130534
2.65429e-09	0.00130469
2.65442e-09	0.00130403
2.65455e-09	0.00130336
2.65468e-09	0.00130269
2.65481e-09	0.00130201
2.65493e-09	0.00130133
2.65506e-09	0.00130064
2.65519e-09	0.00129995
2.65532e-09	0.00129925
2.65545e-09	0.00129855
2.65558e-09	0.00129784
2.6557e-09	0.00129712
2.65583e-09	0.0012964
2.65596e-09	0.00129568
2.65609e-09	0.00129494
2.65622e-09	0.00129421
2.65635e-09	0.00129346
2.65647e-09	0.00129271
2.6566e-09	0.00129196
2.65673e-09	0.0012912
2.65686e-09	0.00129044
2.65699e-09	0.00128967
2.65712e-09	0.00128889
2.65725e-09	0.00128811
2.65737e-09	0.00128732
2.6575e-09	0.00128653
2.65763e-09	0.00128574
2.65776e-09	0.00128493
2.65789e-09	0.00128413
2.65802e-09	0.00128332
2.65814e-09	0.0012825
2.65827e-09	0.00128167
2.6584e-09	0.00128085
2.65853e-09	0.00128001
2.65866e-09	0.00127918
2.65879e-09	0.00127833
2.65891e-09	0.00127748
2.65904e-09	0.00127663
2.65917e-09	0.00127577
2.6593e-09	0.00127491
2.65943e-09	0.00127404
2.65956e-09	0.00127317
2.65969e-09	0.00127229
2.65981e-09	0.00127141
2.65994e-09	0.00127052
2.66007e-09	0.00126963
2.6602e-09	0.00126873
2.66033e-09	0.00126782
2.66046e-09	0.00126692
2.66058e-09	0.001266
2.66071e-09	0.00126509
2.66084e-09	0.00126416
2.66097e-09	0.00126324
2.6611e-09	0.00126231
2.66123e-09	0.00126137
2.66135e-09	0.00126043
2.66148e-09	0.00125948
2.66161e-09	0.00125853
2.66174e-09	0.00125758
2.66187e-09	0.00125662
2.662e-09	0.00125565
2.66212e-09	0.00125468
2.66225e-09	0.00125371
2.66238e-09	0.00125273
2.66251e-09	0.00125175
2.66264e-09	0.00125076
2.66277e-09	0.00124977
2.6629e-09	0.00124877
2.66302e-09	0.00124777
2.66315e-09	0.00124676
2.66328e-09	0.00124575
2.66341e-09	0.00124474
2.66354e-09	0.00124372
2.66367e-09	0.0012427
2.66379e-09	0.00124167
2.66392e-09	0.00124064
2.66405e-09	0.0012396
2.66418e-09	0.00123856
2.66431e-09	0.00123752
2.66444e-09	0.00123647
2.66456e-09	0.00123541
2.66469e-09	0.00123435
2.66482e-09	0.00123329
2.66495e-09	0.00123223
2.66508e-09	0.00123116
2.66521e-09	0.00123008
2.66534e-09	0.001229
2.66546e-09	0.00122792
2.66559e-09	0.00122683
2.66572e-09	0.00122574
2.66585e-09	0.00122465
2.66598e-09	0.00122355
2.66611e-09	0.00122244
2.66623e-09	0.00122133
2.66636e-09	0.00122022
2.66649e-09	0.00121911
2.66662e-09	0.00121799
2.66675e-09	0.00121686
2.66688e-09	0.00121574
2.667e-09	0.0012146
2.66713e-09	0.00121347
2.66726e-09	0.00121233
2.66739e-09	0.00121119
2.66752e-09	0.00121004
2.66765e-09	0.00120889
2.66778e-09	0.00120773
2.6679e-09	0.00120657
2.66803e-09	0.00120541
2.66816e-09	0.00120425
2.66829e-09	0.00120308
2.66842e-09	0.0012019
2.66855e-09	0.00120072
2.66867e-09	0.00119954
2.6688e-09	0.00119836
2.66893e-09	0.00119717
2.66906e-09	0.00119598
2.66919e-09	0.00119478
2.66932e-09	0.00119358
2.66944e-09	0.00119238
2.66957e-09	0.00119117
2.6697e-09	0.00118996
2.66983e-09	0.00118875
2.66996e-09	0.00118753
2.67009e-09	0.00118631
2.67021e-09	0.00118508
2.67034e-09	0.00118386
2.67047e-09	0.00118263
2.6706e-09	0.00118139
2.67073e-09	0.00118015
2.67086e-09	0.00117891
2.67099e-09	0.00117766
2.67111e-09	0.00117642
2.67124e-09	0.00117516
2.67137e-09	0.00117391
2.6715e-09	0.00117265
2.67163e-09	0.00117139
2.67176e-09	0.00117012
2.67188e-09	0.00116885
2.67201e-09	0.00116758
2.67214e-09	0.00116631
2.67227e-09	0.00116503
2.6724e-09	0.00116375
2.67253e-09	0.00116246
2.67265e-09	0.00116117
2.67278e-09	0.00115988
2.67291e-09	0.00115859
2.67304e-09	0.00115729
2.67317e-09	0.00115599
2.6733e-09	0.00115468
2.67343e-09	0.00115338
2.67355e-09	0.00115207
2.67368e-09	0.00115075
2.67381e-09	0.00114944
2.67394e-09	0.00114812
2.67407e-09	0.0011468
2.6742e-09	0.00114547
2.67432e-09	0.00114414
2.67445e-09	0.00114281
2.67458e-09	0.00114148
2.67471e-09	0.00114014
2.67484e-09	0.0011388
2.67497e-09	0.00113746
2.67509e-09	0.00113611
2.67522e-09	0.00113476
2.67535e-09	0.00113341
2.67548e-09	0.00113206
2.67561e-09	0.0011307
2.67574e-09	0.00112934
2.67587e-09	0.00112797
2.67599e-09	0.00112661
2.67612e-09	0.00112524
2.67625e-09	0.00112387
2.67638e-09	0.0011225
2.67651e-09	0.00112112
2.67664e-09	0.00111974
2.67676e-09	0.00111836
2.67689e-09	0.00111697
2.67702e-09	0.00111558
2.67715e-09	0.00111419
2.67728e-09	0.0011128
2.67741e-09	0.00111141
2.67753e-09	0.00111001
2.67766e-09	0.00110861
2.67779e-09	0.0011072
2.67792e-09	0.0011058
2.67805e-09	0.00110439
2.67818e-09	0.00110298
2.6783e-09	0.00110157
2.67843e-09	0.00110015
2.67856e-09	0.00109873
2.67869e-09	0.00109731
2.67882e-09	0.00109589
2.67895e-09	0.00109446
2.67908e-09	0.00109304
2.6792e-09	0.00109161
2.67933e-09	0.00109017
2.67946e-09	0.00108874
2.67959e-09	0.0010873
2.67972e-09	0.00108586
2.67985e-09	0.00108442
2.67997e-09	0.00108297
2.6801e-09	0.00108153
2.68023e-09	0.00108008
2.68036e-09	0.00107863
2.68049e-09	0.00107717
2.68062e-09	0.00107572
2.68074e-09	0.00107426
2.68087e-09	0.0010728
2.681e-09	0.00107134
2.68113e-09	0.00106987
2.68126e-09	0.00106841
2.68139e-09	0.00106694
2.68152e-09	0.00106547
2.68164e-09	0.00106399
2.68177e-09	0.00106252
2.6819e-09	0.00106104
2.68203e-09	0.00105956
2.68216e-09	0.00105808
2.68229e-09	0.0010566
2.68241e-09	0.00105511
2.68254e-09	0.00105363
2.68267e-09	0.00105214
2.6828e-09	0.00105064
2.68293e-09	0.00104915
2.68306e-09	0.00104766
2.68318e-09	0.00104616
2.68331e-09	0.00104466
2.68344e-09	0.00104316
2.68357e-09	0.00104165
2.6837e-09	0.00104015
2.68383e-09	0.00103864
2.68396e-09	0.00103713
2.68408e-09	0.00103562
2.68421e-09	0.00103411
2.68434e-09	0.0010326
2.68447e-09	0.00103108
2.6846e-09	0.00102956
2.68473e-09	0.00102804
2.68485e-09	0.00102652
2.68498e-09	0.001025
2.68511e-09	0.00102347
2.68524e-09	0.00102195
2.68537e-09	0.00102042
2.6855e-09	0.00101889
2.68562e-09	0.00101736
2.68575e-09	0.00101583
2.68588e-09	0.00101429
2.68601e-09	0.00101275
2.68614e-09	0.00101122
2.68627e-09	0.00100968
2.68639e-09	0.00100814
2.68652e-09	0.00100659
2.68665e-09	0.00100505
2.68678e-09	0.0010035
2.68691e-09	0.00100195
2.68704e-09	0.00100041
2.68717e-09	0.000998854
2.68729e-09	0.000997302
2.68742e-09	0.000995749
2.68755e-09	0.000994194
2.68768e-09	0.000992637
2.68781e-09	0.000991079
2.68794e-09	0.00098952
2.68806e-09	0.000987959
2.68819e-09	0.000986397
2.68832e-09	0.000984833
2.68845e-09	0.000983268
2.68858e-09	0.000981702
2.68871e-09	0.000980134
2.68883e-09	0.000978565
2.68896e-09	0.000976995
2.68909e-09	0.000975423
2.68922e-09	0.00097385
2.68935e-09	0.000972276
2.68948e-09	0.0009707
2.68961e-09	0.000969123
2.68973e-09	0.000967545
2.68986e-09	0.000965966
2.68999e-09	0.000964385
2.69012e-09	0.000962803
2.69025e-09	0.00096122
2.69038e-09	0.000959636
2.6905e-09	0.000958051
2.69063e-09	0.000956465
2.69076e-09	0.000954877
2.69089e-09	0.000953288
2.69102e-09	0.000951698
2.69115e-09	0.000950107
2.69127e-09	0.000948515
2.6914e-09	0.000946922
2.69153e-09	0.000945328
2.69166e-09	0.000943733
2.69179e-09	0.000942136
2.69192e-09	0.000940539
2.69205e-09	0.00093894
2.69217e-09	0.000937341
2.6923e-09	0.000935741
2.69243e-09	0.000934139
2.69256e-09	0.000932537
2.69269e-09	0.000930934
2.69282e-09	0.000929329
2.69294e-09	0.000927724
2.69307e-09	0.000926118
2.6932e-09	0.000924511
2.69333e-09	0.000922903
2.69346e-09	0.000921294
2.69359e-09	0.000919684
2.69371e-09	0.000918074
2.69384e-09	0.000916462
2.69397e-09	0.00091485
2.6941e-09	0.000913237
2.69423e-09	0.000911623
2.69436e-09	0.000910008
2.69448e-09	0.000908393
2.69461e-09	0.000906777
2.69474e-09	0.00090516
2.69487e-09	0.000903542
2.695e-09	0.000901923
2.69513e-09	0.000900304
2.69526e-09	0.000898684
2.69538e-09	0.000897063
2.69551e-09	0.000895442
2.69564e-09	0.00089382
2.69577e-09	0.000892197
2.6959e-09	0.000890574
2.69603e-09	0.00088895
2.69615e-09	0.000887325
2.69628e-09	0.0008857
2.69641e-09	0.000884074
2.69654e-09	0.000882447
2.69667e-09	0.00088082
2.6968e-09	0.000879192
2.69692e-09	0.000877564
2.69705e-09	0.000875935
2.69718e-09	0.000874306
2.69731e-09	0.000872676
2.69744e-09	0.000871045
2.69757e-09	0.000869414
2.6977e-09	0.000867783
2.69782e-09	0.000866151
2.69795e-09	0.000864518
2.69808e-09	0.000862886
2.69821e-09	0.000861252
2.69834e-09	0.000859618
2.69847e-09	0.000857984
2.69859e-09	0.000856349
2.69872e-09	0.000854714
2.69885e-09	0.000853079
2.69898e-09	0.000851443
2.69911e-09	0.000849807
2.69924e-09	0.00084817
2.69936e-09	0.000846533
2.69949e-09	0.000844896
2.69962e-09	0.000843258
2.69975e-09	0.00084162
2.69988e-09	0.000839982
2.70001e-09	0.000838343
2.70014e-09	0.000836704
2.70026e-09	0.000835065
2.70039e-09	0.000833426
2.70052e-09	0.000831786
2.70065e-09	0.000830146
2.70078e-09	0.000828506
2.70091e-09	0.000826865
2.70103e-09	0.000825224
2.70116e-09	0.000823584
2.70129e-09	0.000821942
2.70142e-09	0.000820301
2.70155e-09	0.00081866
2.70168e-09	0.000817018
2.7018e-09	0.000815376
2.70193e-09	0.000813734
2.70206e-09	0.000812092
2.70219e-09	0.00081045
2.70232e-09	0.000808808
2.70245e-09	0.000807165
2.70257e-09	0.000805523
2.7027e-09	0.00080388
2.70283e-09	0.000802238
2.70296e-09	0.000800595
2.70309e-09	0.000798952
2.70322e-09	0.000797309
2.70335e-09	0.000795666
2.70347e-09	0.000794024
2.7036e-09	0.000792381
2.70373e-09	0.000790738
2.70386e-09	0.000789095
2.70399e-09	0.000787452
2.70412e-09	0.000785809
2.70424e-09	0.000784166
2.70437e-09	0.000782523
2.7045e-09	0.000780881
2.70463e-09	0.000779238
2.70476e-09	0.000777595
2.70489e-09	0.000775953
2.70501e-09	0.000774311
2.70514e-09	0.000772668
2.70527e-09	0.000771026
2.7054e-09	0.000769384
2.70553e-09	0.000767742
2.70566e-09	0.0007661
2.70579e-09	0.000764458
2.70591e-09	0.000762817
2.70604e-09	0.000761176
2.70617e-09	0.000759534
2.7063e-09	0.000757893
2.70643e-09	0.000756253
2.70656e-09	0.000754612
2.70668e-09	0.000752972
2.70681e-09	0.000751332
2.70694e-09	0.000749692
2.70707e-09	0.000748052
2.7072e-09	0.000746413
2.70733e-09	0.000744774
2.70745e-09	0.000743135
2.70758e-09	0.000741496
2.70771e-09	0.000739858
2.70784e-09	0.00073822
2.70797e-09	0.000736582
2.7081e-09	0.000734945
2.70823e-09	0.000733308
2.70835e-09	0.000731671
2.70848e-09	0.000730035
2.70861e-09	0.000728399
2.70874e-09	0.000726763
2.70887e-09	0.000725128
2.709e-09	0.000723493
2.70912e-09	0.000721858
2.70925e-09	0.000720224
2.70938e-09	0.00071859
2.70951e-09	0.000716957
2.70964e-09	0.000715324
2.70977e-09	0.000713692
2.70989e-09	0.00071206
2.71002e-09	0.000710428
2.71015e-09	0.000708797
2.71028e-09	0.000707167
2.71041e-09	0.000705536
2.71054e-09	0.000703907
2.71066e-09	0.000702278
2.71079e-09	0.000700649
2.71092e-09	0.000699021
2.71105e-09	0.000697393
2.71118e-09	0.000695766
2.71131e-09	0.000694139
2.71144e-09	0.000692513
2.71156e-09	0.000690888
2.71169e-09	0.000689263
2.71182e-09	0.000687638
2.71195e-09	0.000686015
2.71208e-09	0.000684391
2.71221e-09	0.000682769
2.71233e-09	0.000681147
2.71246e-09	0.000679525
2.71259e-09	0.000677905
2.71272e-09	0.000676284
2.71285e-09	0.000674665
2.71298e-09	0.000673046
2.7131e-09	0.000671428
2.71323e-09	0.00066981
2.71336e-09	0.000668193
2.71349e-09	0.000666577
2.71362e-09	0.000664961
2.71375e-09	0.000663346
2.71388e-09	0.000661732
2.714e-09	0.000660119
2.71413e-09	0.000658506
2.71426e-09	0.000656894
2.71439e-09	0.000655283
2.71452e-09	0.000653672
2.71465e-09	0.000652062
2.71477e-09	0.000650453
2.7149e-09	0.000648845
2.71503e-09	0.000647237
2.71516e-09	0.00064563
2.71529e-09	0.000644024
2.71542e-09	0.000642419
2.71554e-09	0.000640814
2.71567e-09	0.000639211
2.7158e-09	0.000637608
2.71593e-09	0.000636006
2.71606e-09	0.000634405
2.71619e-09	0.000632804
2.71632e-09	0.000631205
2.71644e-09	0.000629606
2.71657e-09	0.000628008
2.7167e-09	0.000626411
2.71683e-09	0.000624815
2.71696e-09	0.00062322
2.71709e-09	0.000621626
2.71721e-09	0.000620032
2.71734e-09	0.00061844
2.71747e-09	0.000616848
2.7176e-09	0.000615257
2.71773e-09	0.000613667
2.71786e-09	0.000612079
2.71798e-09	0.000610491
2.71811e-09	0.000608904
2.71824e-09	0.000607318
2.71837e-09	0.000605732
2.7185e-09	0.000604148
2.71863e-09	0.000602565
2.71875e-09	0.000600983
2.71888e-09	0.000599402
2.71901e-09	0.000597821
2.71914e-09	0.000596242
2.71927e-09	0.000594664
2.7194e-09	0.000593087
2.71953e-09	0.000591511
2.71965e-09	0.000589935
2.71978e-09	0.000588361
2.71991e-09	0.000586788
2.72004e-09	0.000585216
2.72017e-09	0.000583645
2.7203e-09	0.000582075
2.72042e-09	0.000580506
2.72055e-09	0.000578938
2.72068e-09	0.000577372
2.72081e-09	0.000575806
2.72094e-09	0.000574241
2.72107e-09	0.000572678
2.72119e-09	0.000571115
2.72132e-09	0.000569554
2.72145e-09	0.000567994
2.72158e-09	0.000566435
2.72171e-09	0.000564877
2.72184e-09	0.00056332
2.72197e-09	0.000561764
2.72209e-09	0.00056021
2.72222e-09	0.000558656
2.72235e-09	0.000557104
2.72248e-09	0.000555553
2.72261e-09	0.000554003
2.72274e-09	0.000552455
2.72286e-09	0.000550907
2.72299e-09	0.000549361
2.72312e-09	0.000547816
2.72325e-09	0.000546272
2.72338e-09	0.000544729
2.72351e-09	0.000543187
2.72363e-09	0.000541647
2.72376e-09	0.000540108
2.72389e-09	0.00053857
2.72402e-09	0.000537033
2.72415e-09	0.000535498
2.72428e-09	0.000533964
2.72441e-09	0.000532431
2.72453e-09	0.0005309
2.72466e-09	0.000529369
2.72479e-09	0.00052784
2.72492e-09	0.000526312
2.72505e-09	0.000524786
2.72518e-09	0.000523261
2.7253e-09	0.000521737
2.72543e-09	0.000520214
2.72556e-09	0.000518693
2.72569e-09	0.000517173
2.72582e-09	0.000515654
2.72595e-09	0.000514137
2.72607e-09	0.00051262
2.7262e-09	0.000511106
2.72633e-09	0.000509592
2.72646e-09	0.00050808
2.72659e-09	0.00050657
2.72672e-09	0.00050506
2.72684e-09	0.000503552
2.72697e-09	0.000502046
2.7271e-09	0.00050054
2.72723e-09	0.000499036
2.72736e-09	0.000497534
2.72749e-09	0.000496033
2.72762e-09	0.000494533
2.72774e-09	0.000493035
2.72787e-09	0.000491538
2.728e-09	0.000490042
2.72813e-09	0.000488548
2.72826e-09	0.000487055
2.72839e-09	0.000485564
2.72851e-09	0.000484074
2.72864e-09	0.000482586
2.72877e-09	0.000481099
2.7289e-09	0.000479613
2.72903e-09	0.000478129
2.72916e-09	0.000476647
2.72928e-09	0.000475166
2.72941e-09	0.000473686
2.72954e-09	0.000472208
2.72967e-09	0.000470731
2.7298e-09	0.000469255
2.72993e-09	0.000467782
2.73006e-09	0.000466309
2.73018e-09	0.000464838
2.73031e-09	0.000463369
2.73044e-09	0.000461901
2.73057e-09	0.000460435
2.7307e-09	0.00045897
2.73083e-09	0.000457507
2.73095e-09	0.000456045
2.73108e-09	0.000454585
2.73121e-09	0.000453126
2.73134e-09	0.000451669
2.73147e-09	0.000450213
2.7316e-09	0.000448759
2.73172e-09	0.000447306
2.73185e-09	0.000445855
2.73198e-09	0.000444406
2.73211e-09	0.000442958
2.73224e-09	0.000441511
2.73237e-09	0.000440066
2.7325e-09	0.000438623
2.73262e-09	0.000437181
2.73275e-09	0.000435741
2.73288e-09	0.000434303
2.73301e-09	0.000432866
2.73314e-09	0.000431431
2.73327e-09	0.000429997
2.73339e-09	0.000428565
2.73352e-09	0.000427134
2.73365e-09	0.000425705
2.73378e-09	0.000424278
2.73391e-09	0.000422852
2.73404e-09	0.000421428
2.73416e-09	0.000420006
2.73429e-09	0.000418585
2.73442e-09	0.000417166
2.73455e-09	0.000415748
2.73468e-09	0.000414333
2.73481e-09	0.000412918
2.73494e-09	0.000411506
2.73506e-09	0.000410095
2.73519e-09	0.000408686
2.73532e-09	0.000407278
2.73545e-09	0.000405872
2.73558e-09	0.000404468
2.73571e-09	0.000403065
2.73583e-09	0.000401664
2.73596e-09	0.000400265
2.73609e-09	0.000398867
2.73622e-09	0.000397472
2.73635e-09	0.000396077
2.73648e-09	0.000394685
2.7366e-09	0.000393294
2.73673e-09	0.000391905
2.73686e-09	0.000390518
2.73699e-09	0.000389132
2.73712e-09	0.000387748
2.73725e-09	0.000386366
2.73737e-09	0.000384985
2.7375e-09	0.000383607
2.73763e-09	0.00038223
2.73776e-09	0.000380854
2.73789e-09	0.000379481
2.73802e-09	0.000378109
2.73815e-09	0.000376739
2.73827e-09	0.000375371
2.7384e-09	0.000374004
2.73853e-09	0.000372639
2.73866e-09	0.000371276
2.73879e-09	0.000369915
2.73892e-09	0.000368555
2.73904e-09	0.000367197
2.73917e-09	0.000365841
2.7393e-09	0.000364487
2.73943e-09	0.000363135
2.73956e-09	0.000361784
2.73969e-09	0.000360435
2.73981e-09	0.000359088
2.73994e-09	0.000357742
2.74007e-09	0.000356399
2.7402e-09	0.000355057
2.74033e-09	0.000353717
2.74046e-09	0.000352379
2.74059e-09	0.000351043
2.74071e-09	0.000349708
2.74084e-09	0.000348375
2.74097e-09	0.000347044
2.7411e-09	0.000345715
2.74123e-09	0.000344388
2.74136e-09	0.000343062
2.74148e-09	0.000341739
2.74161e-09	0.000340417
2.74174e-09	0.000339097
2.74187e-09	0.000337779
2.742e-09	0.000336463
2.74213e-09	0.000335148
2.74225e-09	0.000333835
2.74238e-09	0.000332525
2.74251e-09	0.000331216
2.74264e-09	0.000329909
2.74277e-09	0.000328603
2.7429e-09	0.0003273
2.74303e-09	0.000325998
2.74315e-09	0.000324699
2.74328e-09	0.000323401
2.74341e-09	0.000322105
2.74354e-09	0.000320811
2.74367e-09	0.000319519
2.7438e-09	0.000318228
2.74392e-09	0.00031694
2.74405e-09	0.000315653
2.74418e-09	0.000314369
2.74431e-09	0.000313086
2.74444e-09	0.000311805
2.74457e-09	0.000310526
2.74469e-09	0.000309249
2.74482e-09	0.000307973
2.74495e-09	0.0003067
2.74508e-09	0.000305429
2.74521e-09	0.000304159
2.74534e-09	0.000302891
2.74546e-09	0.000301626
2.74559e-09	0.000300362
2.74572e-09	0.0002991
2.74585e-09	0.00029784
2.74598e-09	0.000296582
2.74611e-09	0.000295325
2.74624e-09	0.000294071
2.74636e-09	0.000292819
2.74649e-09	0.000291568
2.74662e-09	0.00029032
2.74675e-09	0.000289073
2.74688e-09	0.000287829
2.74701e-09	0.000286586
2.74713e-09	0.000285345
2.74726e-09	0.000284106
2.74739e-09	0.000282869
2.74752e-09	0.000281634
2.74765e-09	0.000280401
2.74778e-09	0.00027917
2.7479e-09	0.000277941
2.74803e-09	0.000276714
2.74816e-09	0.000275489
2.74829e-09	0.000274265
2.74842e-09	0.000273044
2.74855e-09	0.000271825
2.74868e-09	0.000270607
2.7488e-09	0.000269392
2.74893e-09	0.000268178
2.74906e-09	0.000266967
2.74919e-09	0.000265757
2.74932e-09	0.000264549
2.74945e-09	0.000263344
2.74957e-09	0.00026214
2.7497e-09	0.000260938
2.74983e-09	0.000259739
2.74996e-09	0.000258541
2.75009e-09	0.000257345
2.75022e-09	0.000256151
2.75034e-09	0.000254959
2.75047e-09	0.00025377
2.7506e-09	0.000252582
2.75073e-09	0.000251396
2.75086e-09	0.000250212
2.75099e-09	0.00024903
2.75112e-09	0.00024785
2.75124e-09	0.000246672
2.75137e-09	0.000245496
2.7515e-09	0.000244322
2.75163e-09	0.00024315
2.75176e-09	0.00024198
2.75189e-09	0.000240812
2.75201e-09	0.000239646
2.75214e-09	0.000238482
2.75227e-09	0.000237321
2.7524e-09	0.000236161
2.75253e-09	0.000235003
2.75266e-09	0.000233847
2.75278e-09	0.000232693
2.75291e-09	0.000231541
2.75304e-09	0.000230391
2.75317e-09	0.000229243
2.7533e-09	0.000228097
2.75343e-09	0.000226953
2.75355e-09	0.000225811
2.75368e-09	0.000224672
2.75381e-09	0.000223534
2.75394e-09	0.000222398
2.75407e-09	0.000221264
2.7542e-09	0.000220132
2.75433e-09	0.000219003
2.75445e-09	0.000217875
2.75458e-09	0.000216749
2.75471e-09	0.000215626
2.75484e-09	0.000214504
2.75497e-09	0.000213384
2.7551e-09	0.000212267
2.75522e-09	0.000211151
2.75535e-09	0.000210038
2.75548e-09	0.000208926
2.75561e-09	0.000207817
2.75574e-09	0.000206709
2.75587e-09	0.000205604
2.75599e-09	0.000204501
2.75612e-09	0.000203399
2.75625e-09	0.0002023
2.75638e-09	0.000201203
2.75651e-09	0.000200107
2.75664e-09	0.000199014
2.75677e-09	0.000197923
2.75689e-09	0.000196834
2.75702e-09	0.000195747
2.75715e-09	0.000194662
2.75728e-09	0.000193579
2.75741e-09	0.000192498
2.75754e-09	0.000191419
2.75766e-09	0.000190342
2.75779e-09	0.000189268
2.75792e-09	0.000188195
2.75805e-09	0.000187124
2.75818e-09	0.000186056
2.75831e-09	0.000184989
2.75843e-09	0.000183925
2.75856e-09	0.000182862
2.75869e-09	0.000181802
2.75882e-09	0.000180743
2.75895e-09	0.000179687
2.75908e-09	0.000178633
2.75921e-09	0.00017758
2.75933e-09	0.00017653
2.75946e-09	0.000175482
2.75959e-09	0.000174436
2.75972e-09	0.000173392
2.75985e-09	0.00017235
2.75998e-09	0.00017131
2.7601e-09	0.000170273
2.76023e-09	0.000169237
2.76036e-09	0.000168203
2.76049e-09	0.000167171
2.76062e-09	0.000166142
2.76075e-09	0.000165114
2.76087e-09	0.000164089
2.761e-09	0.000163065
2.76113e-09	0.000162044
2.76126e-09	0.000161025
2.76139e-09	0.000160007
2.76152e-09	0.000158992
2.76164e-09	0.000157979
2.76177e-09	0.000156968
2.7619e-09	0.000155959
2.76203e-09	0.000154952
2.76216e-09	0.000153947
2.76229e-09	0.000152945
2.76242e-09	0.000151944
2.76254e-09	0.000150945
2.76267e-09	0.000149949
2.7628e-09	0.000148954
2.76293e-09	0.000147962
2.76306e-09	0.000146971
2.76319e-09	0.000145983
2.76331e-09	0.000144996
2.76344e-09	0.000144012
2.76357e-09	0.00014303
2.7637e-09	0.00014205
2.76383e-09	0.000141072
2.76396e-09	0.000140096
2.76408e-09	0.000139122
2.76421e-09	0.00013815
2.76434e-09	0.00013718
2.76447e-09	0.000136213
2.7646e-09	0.000135247
2.76473e-09	0.000134283
2.76486e-09	0.000133322
2.76498e-09	0.000132362
2.76511e-09	0.000131405
2.76524e-09	0.00013045
2.76537e-09	0.000129496
2.7655e-09	0.000128545
2.76563e-09	0.000127596
2.76575e-09	0.000126649
2.76588e-09	0.000125704
2.76601e-09	0.000124761
2.76614e-09	0.00012382
2.76627e-09	0.000122881
2.7664e-09	0.000121945
2.76652e-09	0.00012101
2.76665e-09	0.000120077
2.76678e-09	0.000119147
2.76691e-09	0.000118218
2.76704e-09	0.000117292
2.76717e-09	0.000116367
2.7673e-09	0.000115445
2.76742e-09	0.000114525
2.76755e-09	0.000113606
2.76768e-09	0.00011269
2.76781e-09	0.000111776
2.76794e-09	0.000110864
2.76807e-09	0.000109954
2.76819e-09	0.000109046
2.76832e-09	0.00010814
2.76845e-09	0.000107237
2.76858e-09	0.000106335
2.76871e-09	0.000105435
2.76884e-09	0.000104538
2.76896e-09	0.000103642
2.76909e-09	0.000102748
2.76922e-09	0.000101857
2.76935e-09	0.000100968
2.76948e-09	0.00010008
2.76961e-09	9.91949e-05
2.76973e-09	9.83117e-05
2.76986e-09	9.74305e-05
2.76999e-09	9.65513e-05
2.77012e-09	9.56742e-05
2.77025e-09	9.47992e-05
2.77038e-09	9.39262e-05
2.77051e-09	9.30552e-05
2.77063e-09	9.21863e-05
2.77076e-09	9.13195e-05
2.77089e-09	9.04547e-05
2.77102e-09	8.95919e-05
2.77115e-09	8.87312e-05
2.77128e-09	8.78725e-05
2.7714e-09	8.70159e-05
2.77153e-09	8.61613e-05
2.77166e-09	8.53088e-05
2.77179e-09	8.44583e-05
2.77192e-09	8.36099e-05
2.77205e-09	8.27635e-05
2.77217e-09	8.19191e-05
2.7723e-09	8.10768e-05
2.77243e-09	8.02365e-05
2.77256e-09	7.93983e-05
2.77269e-09	7.85621e-05
2.77282e-09	7.77279e-05
2.77295e-09	7.68957e-05
2.77307e-09	7.60656e-05
2.7732e-09	7.52376e-05
2.77333e-09	7.44116e-05
2.77346e-09	7.35876e-05
2.77359e-09	7.27656e-05
2.77372e-09	7.19457e-05
2.77384e-09	7.11278e-05
2.77397e-09	7.03119e-05
2.7741e-09	6.9498e-05
2.77423e-09	6.86862e-05
2.77436e-09	6.78764e-05
2.77449e-09	6.70687e-05
2.77461e-09	6.62629e-05
2.77474e-09	6.54592e-05
2.77487e-09	6.46575e-05
2.775e-09	6.38579e-05
2.77513e-09	6.30602e-05
2.77526e-09	6.22646e-05
2.77539e-09	6.1471e-05
2.77551e-09	6.06794e-05
2.77564e-09	5.98898e-05
2.77577e-09	5.91022e-05
2.7759e-09	5.83167e-05
2.77603e-09	5.75332e-05
2.77616e-09	5.67517e-05
2.77628e-09	5.59722e-05
2.77641e-09	5.51947e-05
2.77654e-09	5.44192e-05
2.77667e-09	5.36457e-05
2.7768e-09	5.28742e-05
2.77693e-09	5.21048e-05
2.77705e-09	5.13373e-05
2.77718e-09	5.05719e-05
2.77731e-09	4.98084e-05
2.77744e-09	4.9047e-05
2.77757e-09	4.82876e-05
2.7777e-09	4.75301e-05
2.77782e-09	4.67747e-05
2.77795e-09	4.60212e-05
2.77808e-09	4.52698e-05
2.77821e-09	4.45203e-05
2.77834e-09	4.37729e-05
2.77847e-09	4.30274e-05
2.7786e-09	4.22839e-05
2.77872e-09	4.15424e-05
2.77885e-09	4.08029e-05
2.77898e-09	4.00654e-05
2.77911e-09	3.93299e-05
2.77924e-09	3.85964e-05
2.77937e-09	3.78648e-05
2.77949e-09	3.71352e-05
2.77962e-09	3.64076e-05
2.77975e-09	3.5682e-05
2.77988e-09	3.49584e-05
2.78001e-09	3.42367e-05
2.78014e-09	3.3517e-05
2.78026e-09	3.27993e-05
2.78039e-09	3.20836e-05
2.78052e-09	3.13699e-05
2.78065e-09	3.06581e-05
2.78078e-09	2.99482e-05
2.78091e-09	2.92404e-05
2.78104e-09	2.85345e-05
2.78116e-09	2.78306e-05
2.78129e-09	2.71286e-05
2.78142e-09	2.64286e-05
2.78155e-09	2.57306e-05
2.78168e-09	2.50345e-05
2.78181e-09	2.43404e-05
2.78193e-09	2.36482e-05
2.78206e-09	2.2958e-05
2.78219e-09	2.22698e-05
2.78232e-09	2.15835e-05
2.78245e-09	2.08991e-05
2.78258e-09	2.02167e-05
2.7827e-09	1.95363e-05
2.78283e-09	1.88578e-05
2.78296e-09	1.81812e-05
2.78309e-09	1.75066e-05
2.78322e-09	1.68339e-05
2.78335e-09	1.61632e-05
2.78348e-09	1.54944e-05
2.7836e-09	1.48275e-05
2.78373e-09	1.41626e-05
2.78386e-09	1.34996e-05
2.78399e-09	1.28385e-05
2.78412e-09	1.21794e-05
2.78425e-09	1.15222e-05
2.78437e-09	1.08669e-05
2.7845e-09	1.02135e-05
2.78463e-09	9.56211e-06
2.78476e-09	8.9126e-06
2.78489e-09	8.26502e-06
2.78502e-09	7.61935e-06
2.78514e-09	6.9756e-06
2.78527e-09	6.33377e-06
2.7854e-09	5.69385e-06
2.78553e-09	5.05585e-06
2.78566e-09	4.41975e-06
2.78579e-09	3.78557e-06
2.78591e-09	3.15329e-06
2.78604e-09	2.52292e-06
2.78617e-09	1.89445e-06
2.7863e-09	1.26788e-06
2.78643e-09	6.43216e-07
2.78656e-09	2.04492e-08
2.78669e-09	-6.0042e-07
2.78681e-09	-1.21939e-06
2.78694e-09	-1.83648e-06
2.78707e-09	-2.45166e-06
2.7872e-09	-3.06496e-06
2.78733e-09	-3.67637e-06
2.78746e-09	-4.2859e-06
2.78758e-09	-4.89354e-06
2.78771e-09	-5.49929e-06
2.78784e-09	-6.10317e-06
2.78797e-09	-6.70516e-06
2.7881e-09	-7.30528e-06
2.78823e-09	-7.90353e-06
2.78835e-09	-8.49989e-06
2.78848e-09	-9.09439e-06
2.78861e-09	-9.68702e-06
2.78874e-09	-1.02778e-05
2.78887e-09	-1.08667e-05
2.789e-09	-1.14537e-05
2.78913e-09	-1.20389e-05
2.78925e-09	-1.26222e-05
2.78938e-09	-1.32036e-05
2.78951e-09	-1.37832e-05
2.78964e-09	-1.43609e-05
2.78977e-09	-1.49368e-05
2.7899e-09	-1.55108e-05
2.79002e-09	-1.6083e-05
2.79015e-09	-1.66533e-05
2.79028e-09	-1.72218e-05
2.79041e-09	-1.77885e-05
2.79054e-09	-1.83533e-05
2.79067e-09	-1.89162e-05
2.79079e-09	-1.94773e-05
2.79092e-09	-2.00366e-05
2.79105e-09	-2.05941e-05
2.79118e-09	-2.11497e-05
2.79131e-09	-2.17035e-05
2.79144e-09	-2.22554e-05
2.79157e-09	-2.28056e-05
2.79169e-09	-2.33539e-05
2.79182e-09	-2.39004e-05
2.79195e-09	-2.4445e-05
2.79208e-09	-2.49879e-05
2.79221e-09	-2.55289e-05
2.79234e-09	-2.60681e-05
2.79246e-09	-2.66055e-05
2.79259e-09	-2.71411e-05
2.79272e-09	-2.76749e-05
2.79285e-09	-2.82069e-05
2.79298e-09	-2.87371e-05
2.79311e-09	-2.92654e-05
2.79323e-09	-2.9792e-05
2.79336e-09	-3.03168e-05
2.79349e-09	-3.08398e-05
2.79362e-09	-3.1361e-05
2.79375e-09	-3.18804e-05
2.79388e-09	-3.2398e-05
2.794e-09	-3.29138e-05
2.79413e-09	-3.34278e-05
2.79426e-09	-3.39401e-05
2.79439e-09	-3.44505e-05
2.79452e-09	-3.49592e-05
2.79465e-09	-3.54662e-05
2.79478e-09	-3.59713e-05
2.7949e-09	-3.64747e-05
2.79503e-09	-3.69763e-05
2.79516e-09	-3.74761e-05
2.79529e-09	-3.79741e-05
2.79542e-09	-3.84704e-05
2.79555e-09	-3.8965e-05
2.79567e-09	-3.94578e-05
2.7958e-09	-3.99488e-05
2.79593e-09	-4.0438e-05
2.79606e-09	-4.09255e-05
2.79619e-09	-4.14113e-05
2.79632e-09	-4.18953e-05
2.79644e-09	-4.23776e-05
2.79657e-09	-4.28581e-05
2.7967e-09	-4.33369e-05
2.79683e-09	-4.38139e-05
2.79696e-09	-4.42892e-05
2.79709e-09	-4.47628e-05
2.79722e-09	-4.52346e-05
2.79734e-09	-4.57047e-05
2.79747e-09	-4.6173e-05
2.7976e-09	-4.66397e-05
2.79773e-09	-4.71046e-05
2.79786e-09	-4.75678e-05
2.79799e-09	-4.80293e-05
2.79811e-09	-4.8489e-05
2.79824e-09	-4.89471e-05
2.79837e-09	-4.94034e-05
2.7985e-09	-4.9858e-05
2.79863e-09	-5.03109e-05
2.79876e-09	-5.07621e-05
2.79888e-09	-5.12116e-05
2.79901e-09	-5.16594e-05
2.79914e-09	-5.21055e-05
2.79927e-09	-5.25499e-05
2.7994e-09	-5.29926e-05
2.79953e-09	-5.34336e-05
2.79966e-09	-5.38729e-05
2.79978e-09	-5.43105e-05
2.79991e-09	-5.47465e-05
2.80004e-09	-5.51807e-05
2.80017e-09	-5.56133e-05
2.8003e-09	-5.60442e-05
2.80043e-09	-5.64734e-05
2.80055e-09	-5.6901e-05
2.80068e-09	-5.73268e-05
2.80081e-09	-5.7751e-05
2.80094e-09	-5.81736e-05
2.80107e-09	-5.85944e-05
2.8012e-09	-5.90137e-05
2.80132e-09	-5.94312e-05
2.80145e-09	-5.98471e-05
2.80158e-09	-6.02613e-05
2.80171e-09	-6.06739e-05
2.80184e-09	-6.10848e-05
2.80197e-09	-6.14941e-05
2.80209e-09	-6.19018e-05
2.80222e-09	-6.23077e-05
2.80235e-09	-6.27121e-05
2.80248e-09	-6.31148e-05
2.80261e-09	-6.35159e-05
2.80274e-09	-6.39153e-05
2.80287e-09	-6.43131e-05
2.80299e-09	-6.47093e-05
2.80312e-09	-6.51038e-05
2.80325e-09	-6.54968e-05
2.80338e-09	-6.58881e-05
2.80351e-09	-6.62778e-05
2.80364e-09	-6.66658e-05
2.80376e-09	-6.70523e-05
2.80389e-09	-6.74371e-05
2.80402e-09	-6.78203e-05
2.80415e-09	-6.8202e-05
2.80428e-09	-6.8582e-05
2.80441e-09	-6.89604e-05
2.80453e-09	-6.93372e-05
2.80466e-09	-6.97124e-05
2.80479e-09	-7.0086e-05
2.80492e-09	-7.0458e-05
2.80505e-09	-7.08285e-05
2.80518e-09	-7.11973e-05
2.80531e-09	-7.15646e-05
2.80543e-09	-7.19302e-05
2.80556e-09	-7.22943e-05
2.80569e-09	-7.26569e-05
2.80582e-09	-7.30178e-05
2.80595e-09	-7.33772e-05
2.80608e-09	-7.3735e-05
2.8062e-09	-7.40912e-05
2.80633e-09	-7.44458e-05
2.80646e-09	-7.47989e-05
2.80659e-09	-7.51505e-05
2.80672e-09	-7.55004e-05
2.80685e-09	-7.58489e-05
2.80697e-09	-7.61957e-05
2.8071e-09	-7.6541e-05
2.80723e-09	-7.68848e-05
2.80736e-09	-7.7227e-05
2.80749e-09	-7.75677e-05
2.80762e-09	-7.79068e-05
2.80775e-09	-7.82444e-05
2.80787e-09	-7.85805e-05
2.808e-09	-7.8915e-05
2.80813e-09	-7.9248e-05
2.80826e-09	-7.95795e-05
2.80839e-09	-7.99094e-05
2.80852e-09	-8.02378e-05
2.80864e-09	-8.05647e-05
2.80877e-09	-8.08901e-05
2.8089e-09	-8.12139e-05
2.80903e-09	-8.15363e-05
2.80916e-09	-8.18571e-05
2.80929e-09	-8.21764e-05
2.80941e-09	-8.24943e-05
2.80954e-09	-8.28106e-05
2.80967e-09	-8.31254e-05
2.8098e-09	-8.34387e-05
2.80993e-09	-8.37505e-05
2.81006e-09	-8.40608e-05
2.81018e-09	-8.43697e-05
2.81031e-09	-8.4677e-05
2.81044e-09	-8.49829e-05
2.81057e-09	-8.52873e-05
2.8107e-09	-8.55902e-05
2.81083e-09	-8.58916e-05
2.81096e-09	-8.61915e-05
2.81108e-09	-8.649e-05
2.81121e-09	-8.6787e-05
2.81134e-09	-8.70825e-05
2.81147e-09	-8.73766e-05
2.8116e-09	-8.76692e-05
2.81173e-09	-8.79603e-05
2.81185e-09	-8.825e-05
2.81198e-09	-8.85383e-05
2.81211e-09	-8.88251e-05
2.81224e-09	-8.91104e-05
2.81237e-09	-8.93943e-05
2.8125e-09	-8.96767e-05
2.81262e-09	-8.99577e-05
2.81275e-09	-9.02373e-05
2.81288e-09	-9.05154e-05
2.81301e-09	-9.07921e-05
2.81314e-09	-9.10673e-05
2.81327e-09	-9.13411e-05
2.8134e-09	-9.16135e-05
2.81352e-09	-9.18845e-05
2.81365e-09	-9.21541e-05
2.81378e-09	-9.24222e-05
2.81391e-09	-9.26889e-05
2.81404e-09	-9.29542e-05
2.81417e-09	-9.32181e-05
2.81429e-09	-9.34806e-05
2.81442e-09	-9.37417e-05
2.81455e-09	-9.40014e-05
2.81468e-09	-9.42596e-05
2.81481e-09	-9.45165e-05
2.81494e-09	-9.4772e-05
2.81506e-09	-9.50261e-05
2.81519e-09	-9.52788e-05
2.81532e-09	-9.55301e-05
2.81545e-09	-9.578e-05
2.81558e-09	-9.60286e-05
2.81571e-09	-9.62758e-05
2.81584e-09	-9.65215e-05
2.81596e-09	-9.6766e-05
2.81609e-09	-9.7009e-05
2.81622e-09	-9.72507e-05
2.81635e-09	-9.7491e-05
2.81648e-09	-9.77299e-05
2.81661e-09	-9.79675e-05
2.81673e-09	-9.82037e-05
2.81686e-09	-9.84386e-05
2.81699e-09	-9.86721e-05
2.81712e-09	-9.89043e-05
2.81725e-09	-9.91351e-05
2.81738e-09	-9.93646e-05
2.8175e-09	-9.95927e-05
2.81763e-09	-9.98195e-05
2.81776e-09	-0.000100045
2.81789e-09	-0.000100269
2.81802e-09	-0.000100492
2.81815e-09	-0.000100713
2.81827e-09	-0.000100933
2.8184e-09	-0.000101152
2.81853e-09	-0.00010137
2.81866e-09	-0.000101586
2.81879e-09	-0.000101801
2.81892e-09	-0.000102014
2.81905e-09	-0.000102226
2.81917e-09	-0.000102437
2.8193e-09	-0.000102647
2.81943e-09	-0.000102855
2.81956e-09	-0.000103062
2.81969e-09	-0.000103268
2.81982e-09	-0.000103472
2.81994e-09	-0.000103676
2.82007e-09	-0.000103877
2.8202e-09	-0.000104078
2.82033e-09	-0.000104277
2.82046e-09	-0.000104475
2.82059e-09	-0.000104672
2.82071e-09	-0.000104867
2.82084e-09	-0.000105061
2.82097e-09	-0.000105254
2.8211e-09	-0.000105446
2.82123e-09	-0.000105636
2.82136e-09	-0.000105825
2.82149e-09	-0.000106013
2.82161e-09	-0.0001062
2.82174e-09	-0.000106385
2.82187e-09	-0.000106569
2.822e-09	-0.000106752
2.82213e-09	-0.000106933
2.82226e-09	-0.000107114
2.82238e-09	-0.000107293
2.82251e-09	-0.00010747
2.82264e-09	-0.000107647
2.82277e-09	-0.000107822
2.8229e-09	-0.000107996
2.82303e-09	-0.000108169
2.82315e-09	-0.000108341
2.82328e-09	-0.000108511
2.82341e-09	-0.000108681
2.82354e-09	-0.000108849
2.82367e-09	-0.000109015
2.8238e-09	-0.000109181
2.82393e-09	-0.000109345
2.82405e-09	-0.000109508
2.82418e-09	-0.00010967
2.82431e-09	-0.000109831
2.82444e-09	-0.000109991
2.82457e-09	-0.000110149
2.8247e-09	-0.000110306
2.82482e-09	-0.000110462
2.82495e-09	-0.000110617
2.82508e-09	-0.00011077
2.82521e-09	-0.000110923
2.82534e-09	-0.000111074
2.82547e-09	-0.000111224
2.82559e-09	-0.000111373
2.82572e-09	-0.000111521
2.82585e-09	-0.000111667
2.82598e-09	-0.000111813
2.82611e-09	-0.000111957
2.82624e-09	-0.0001121
2.82636e-09	-0.000112242
2.82649e-09	-0.000112382
2.82662e-09	-0.000112522
2.82675e-09	-0.00011266
2.82688e-09	-0.000112797
2.82701e-09	-0.000112934
2.82714e-09	-0.000113069
2.82726e-09	-0.000113202
2.82739e-09	-0.000113335
2.82752e-09	-0.000113467
2.82765e-09	-0.000113597
2.82778e-09	-0.000113726
2.82791e-09	-0.000113854
2.82803e-09	-0.000113981
2.82816e-09	-0.000114107
2.82829e-09	-0.000114232
2.82842e-09	-0.000114356
2.82855e-09	-0.000114478
2.82868e-09	-0.0001146
2.8288e-09	-0.00011472
2.82893e-09	-0.000114839
2.82906e-09	-0.000114957
2.82919e-09	-0.000115074
2.82932e-09	-0.00011519
2.82945e-09	-0.000115305
2.82958e-09	-0.000115419
2.8297e-09	-0.000115531
2.82983e-09	-0.000115643
2.82996e-09	-0.000115753
2.83009e-09	-0.000115863
2.83022e-09	-0.000115971
2.83035e-09	-0.000116078
2.83047e-09	-0.000116184
2.8306e-09	-0.000116289
2.83073e-09	-0.000116393
2.83086e-09	-0.000116496
2.83099e-09	-0.000116598
2.83112e-09	-0.000116699
2.83124e-09	-0.000116798
2.83137e-09	-0.000116897
2.8315e-09	-0.000116995
2.83163e-09	-0.000117091
2.83176e-09	-0.000117187
2.83189e-09	-0.000117281
2.83202e-09	-0.000117375
2.83214e-09	-0.000117467
2.83227e-09	-0.000117558
2.8324e-09	-0.000117649
2.83253e-09	-0.000117738
2.83266e-09	-0.000117826
2.83279e-09	-0.000117913
2.83291e-09	-0.000118
2.83304e-09	-0.000118085
2.83317e-09	-0.000118169
2.8333e-09	-0.000118252
2.83343e-09	-0.000118334
2.83356e-09	-0.000118415
2.83368e-09	-0.000118495
2.83381e-09	-0.000118574
2.83394e-09	-0.000118652
2.83407e-09	-0.000118729
2.8342e-09	-0.000118805
2.83433e-09	-0.00011888
2.83445e-09	-0.000118955
2.83458e-09	-0.000119028
2.83471e-09	-0.0001191
2.83484e-09	-0.000119171
2.83497e-09	-0.000119241
2.8351e-09	-0.00011931
2.83523e-09	-0.000119378
2.83535e-09	-0.000119445
2.83548e-09	-0.000119512
2.83561e-09	-0.000119577
2.83574e-09	-0.000119641
2.83587e-09	-0.000119704
2.836e-09	-0.000119767
2.83612e-09	-0.000119828
2.83625e-09	-0.000119888
2.83638e-09	-0.000119948
2.83651e-09	-0.000120006
2.83664e-09	-0.000120064
2.83677e-09	-0.000120121
2.83689e-09	-0.000120176
2.83702e-09	-0.000120231
2.83715e-09	-0.000120285
2.83728e-09	-0.000120337
2.83741e-09	-0.000120389
2.83754e-09	-0.00012044
2.83767e-09	-0.00012049
2.83779e-09	-0.000120539
2.83792e-09	-0.000120588
2.83805e-09	-0.000120635
2.83818e-09	-0.000120681
2.83831e-09	-0.000120727
2.83844e-09	-0.000120771
2.83856e-09	-0.000120815
2.83869e-09	-0.000120857
2.83882e-09	-0.000120899
2.83895e-09	-0.00012094
2.83908e-09	-0.00012098
2.83921e-09	-0.000121019
2.83933e-09	-0.000121057
2.83946e-09	-0.000121094
2.83959e-09	-0.000121131
2.83972e-09	-0.000121166
2.83985e-09	-0.000121201
2.83998e-09	-0.000121235
2.84011e-09	-0.000121267
2.84023e-09	-0.000121299
2.84036e-09	-0.00012133
2.84049e-09	-0.000121361
2.84062e-09	-0.00012139
2.84075e-09	-0.000121418
2.84088e-09	-0.000121446
2.841e-09	-0.000121473
2.84113e-09	-0.000121499
2.84126e-09	-0.000121524
2.84139e-09	-0.000121548
2.84152e-09	-0.000121571
2.84165e-09	-0.000121593
2.84177e-09	-0.000121615
2.8419e-09	-0.000121636
2.84203e-09	-0.000121656
2.84216e-09	-0.000121675
2.84229e-09	-0.000121693
2.84242e-09	-0.00012171
2.84254e-09	-0.000121727
2.84267e-09	-0.000121743
2.8428e-09	-0.000121757
2.84293e-09	-0.000121771
2.84306e-09	-0.000121785
2.84319e-09	-0.000121797
2.84332e-09	-0.000121809
2.84344e-09	-0.000121819
2.84357e-09	-0.000121829
2.8437e-09	-0.000121838
2.84383e-09	-0.000121847
2.84396e-09	-0.000121854
2.84409e-09	-0.000121861
2.84421e-09	-0.000121867
2.84434e-09	-0.000121872
2.84447e-09	-0.000121876
2.8446e-09	-0.00012188
2.84473e-09	-0.000121883
2.84486e-09	-0.000121885
2.84498e-09	-0.000121886
2.84511e-09	-0.000121886
2.84524e-09	-0.000121886
2.84537e-09	-0.000121884
2.8455e-09	-0.000121882
2.84563e-09	-0.00012188
2.84576e-09	-0.000121876
2.84588e-09	-0.000121872
2.84601e-09	-0.000121867
2.84614e-09	-0.000121861
2.84627e-09	-0.000121854
2.8464e-09	-0.000121847
2.84653e-09	-0.000121839
2.84665e-09	-0.00012183
2.84678e-09	-0.00012182
2.84691e-09	-0.00012181
2.84704e-09	-0.000121799
2.84717e-09	-0.000121787
2.8473e-09	-0.000121774
2.84742e-09	-0.000121761
2.84755e-09	-0.000121747
2.84768e-09	-0.000121732
2.84781e-09	-0.000121716
2.84794e-09	-0.0001217
2.84807e-09	-0.000121683
2.8482e-09	-0.000121665
2.84832e-09	-0.000121647
2.84845e-09	-0.000121627
2.84858e-09	-0.000121607
2.84871e-09	-0.000121587
2.84884e-09	-0.000121565
2.84897e-09	-0.000121543
2.84909e-09	-0.000121521
2.84922e-09	-0.000121497
2.84935e-09	-0.000121473
2.84948e-09	-0.000121448
2.84961e-09	-0.000121422
2.84974e-09	-0.000121396
2.84986e-09	-0.000121369
2.84999e-09	-0.000121341
2.85012e-09	-0.000121313
2.85025e-09	-0.000121284
2.85038e-09	-0.000121254
2.85051e-09	-0.000121223
2.85063e-09	-0.000121192
2.85076e-09	-0.00012116
2.85089e-09	-0.000121128
2.85102e-09	-0.000121095
2.85115e-09	-0.000121061
2.85128e-09	-0.000121026
2.85141e-09	-0.000120991
2.85153e-09	-0.000120955
2.85166e-09	-0.000120919
2.85179e-09	-0.000120882
2.85192e-09	-0.000120844
2.85205e-09	-0.000120805
2.85218e-09	-0.000120766
2.8523e-09	-0.000120726
2.85243e-09	-0.000120686
2.85256e-09	-0.000120645
2.85269e-09	-0.000120603
2.85282e-09	-0.00012056
2.85295e-09	-0.000120517
2.85307e-09	-0.000120474
2.8532e-09	-0.000120429
2.85333e-09	-0.000120384
2.85346e-09	-0.000120339
2.85359e-09	-0.000120293
2.85372e-09	-0.000120246
2.85385e-09	-0.000120198
2.85397e-09	-0.00012015
2.8541e-09	-0.000120101
2.85423e-09	-0.000120052
2.85436e-09	-0.000120002
2.85449e-09	-0.000119951
2.85462e-09	-0.0001199
2.85474e-09	-0.000119849
2.85487e-09	-0.000119796
2.855e-09	-0.000119743
2.85513e-09	-0.000119689
2.85526e-09	-0.000119635
2.85539e-09	-0.00011958
2.85551e-09	-0.000119525
2.85564e-09	-0.000119469
2.85577e-09	-0.000119412
2.8559e-09	-0.000119355
2.85603e-09	-0.000119298
2.85616e-09	-0.000119239
2.85629e-09	-0.00011918
2.85641e-09	-0.000119121
2.85654e-09	-0.000119061
2.85667e-09	-0.000119
2.8568e-09	-0.000118939
2.85693e-09	-0.000118877
2.85706e-09	-0.000118814
2.85718e-09	-0.000118752
2.85731e-09	-0.000118688
2.85744e-09	-0.000118624
2.85757e-09	-0.000118559
2.8577e-09	-0.000118494
2.85783e-09	-0.000118428
2.85795e-09	-0.000118362
2.85808e-09	-0.000118295
2.85821e-09	-0.000118228
2.85834e-09	-0.00011816
2.85847e-09	-0.000118091
2.8586e-09	-0.000118022
2.85872e-09	-0.000117953
2.85885e-09	-0.000117882
2.85898e-09	-0.000117812
2.85911e-09	-0.000117741
2.85924e-09	-0.000117669
2.85937e-09	-0.000117597
2.8595e-09	-0.000117524
2.85962e-09	-0.00011745
2.85975e-09	-0.000117377
2.85988e-09	-0.000117302
2.86001e-09	-0.000117227
2.86014e-09	-0.000117152
2.86027e-09	-0.000117076
2.86039e-09	-0.000116999
2.86052e-09	-0.000116923
2.86065e-09	-0.000116845
2.86078e-09	-0.000116767
2.86091e-09	-0.000116689
2.86104e-09	-0.00011661
2.86116e-09	-0.00011653
2.86129e-09	-0.00011645
2.86142e-09	-0.00011637
2.86155e-09	-0.000116289
2.86168e-09	-0.000116207
2.86181e-09	-0.000116125
2.86194e-09	-0.000116043
2.86206e-09	-0.00011596
2.86219e-09	-0.000115877
2.86232e-09	-0.000115793
2.86245e-09	-0.000115708
2.86258e-09	-0.000115623
2.86271e-09	-0.000115538
2.86283e-09	-0.000115452
2.86296e-09	-0.000115366
2.86309e-09	-0.000115279
2.86322e-09	-0.000115192
2.86335e-09	-0.000115104
2.86348e-09	-0.000115016
2.8636e-09	-0.000114928
2.86373e-09	-0.000114838
2.86386e-09	-0.000114749
2.86399e-09	-0.000114659
2.86412e-09	-0.000114569
2.86425e-09	-0.000114478
2.86438e-09	-0.000114386
2.8645e-09	-0.000114295
2.86463e-09	-0.000114202
2.86476e-09	-0.00011411
